intended_emotion,seed_text,seed_emotion_detected,seed_confidence,strategy,style_modifier,strategy_reply,followup_reply,followup_emotion,followup_confidence
anger,I'm sooo pissed at my friend!,anger,0.8643319010734558,Validate,concise and emotionally attuned,It sounds like you're really frustrated with your friend right now. That kind of anger can feel overwhelming.,"Yeah, it really is overwhelming! I just can't believe they would do something so thoughtless—it feels like a total betrayal!",surprise,0.4618266522884369
anger,I can't take it anymore the stress from my parents. They don't acknowledge I am doing my best.,anger,0.47335365414619446,Validate,concise and emotionally attuned,"It sounds incredibly overwhelming to feel like your efforts aren’t recognized, and I can sense how much this stress weighs on you. You’re doing your best, and it’s hard when it feels like that goes unnoticed.","It's infuriating! I pour everything into trying to please them, and yet they just brush it aside like it means nothing. It's exhausting!",anger,0.9104399681091309
anger,My board is going around me to my staff and I am frustrated.,anger,0.946092963218689,Validate,concise and emotionally attuned,It's really understandable to feel frustrated when the board bypasses you; it can be incredibly disheartening to feel undermined in that way. Your feelings are valid and it's tough to navigate that situation.,"Thank you for understanding, but it's infuriating! How can they think it’s acceptable to undermine my authority like this?",anger,0.9520739912986755
anger,I am sooo pissed at my ex.,anger,0.851917028427124,Validate,concise and emotionally attuned,"It sounds like you're really frustrated and hurt by what happened with your ex. Those feelings are completely valid, and it's understandable to be upset.","Yeah, it's just infuriating how someone you trusted can turn your whole world upside down. I can't believe I let myself get played like that.",anger,0.9007085561752319
anger,I can't take it anymore the stress from my parents. They don't acknowledge I am doing my best.,anger,0.47335365414619446,Validate,concise and emotionally attuned,"It sounds incredibly overwhelming to feel like your efforts are overlooked, and it's understandable to feel like you're reaching a breaking point. Your feelings of frustration and exhaustion are valid.","It's just infuriating that no matter how hard I try, they still act like it’s never enough. I’m done feeling like I’m in this endless cycle of disappointment.",anger,0.8311025500297546
anger,"How could my partner say he loves me, go out with me for one year and then cheat.",anger,0.6405653953552246,Explore,concise and emotionally attuned,It sounds incredibly painful to grapple with your partner's actions after expressing love. Could you share more about how this betrayal makes you feel or what questions you have for your partner about their feelings?,"It’s infuriating! I feel completely betrayed, questioning everything we built together. How could he say he loved me while doing something so cruel?",anger,0.4814513027667999
anger,"How could my partner say he loves me, go out with me for one year and then cheat.",anger,0.6405653953552246,Explore,concise and emotionally attuned,That sounds incredibly painful. What feelings or thoughts are coming up for you as you try to make sense of his actions?,"I'm just furious and confused. It feels like all that love was a lie, and it makes me question everything about our relationship.",anger,0.9834080338478088
anger,I can't take it anymore the stress from my parents. They don't acknowledge I am doing my best.,anger,0.47335365414619446,Explore,concise and emotionally attuned,It sounds like you're feeling really overwhelmed and unrecognized; can you share more about what specific things your parents say or do that make you feel this way? How does their lack of acknowledgment affect you emotionally?,"Yeah, it’s just constant criticism and comparison—nothing I do ever seems to be enough. It makes me feel like I’m drowning, like my efforts don’t matter at all.",sadness,0.32617586851119995
anger,Hey! How can I help?,anger,0.4075467586517334,Explore,concise and emotionally attuned,It sounds like you’re open to support—what’s been on your mind lately that you’d like to talk about? How are you feeling about everything right now?,"I'm feeling frustrated and overwhelmed, honestly. It’s more than just the typical hassles; I need to vent about what’s been piling up.",anger,0.7716153264045715
anger,"How could my partner say he loves me, go out with me for one year and then cheat.",anger,0.6405653953552246,Explore,concise and emotionally attuned,It sounds really painful to experience that betrayal. Can you share more about how this has affected your feelings towards your partner and the relationship?,"It's beyond painful; it makes me question everything I thought we had. I feel betrayed, angry, and honestly, I'm struggling to trust him again.",sadness,0.5762322545051575
anger,My board is going around me to my staff and I am frustrated.,anger,0.946092963218689,Reframe,concise and emotionally attuned,"It sounds really disheartening to feel sidelined like that, but perhaps this situation could be an opportunity to strengthen your team's trust in your leadership, showing them how to navigate challenges together. Your feelings are valid, and recognizing this could help you find a new angle to approach the situation.","I appreciate your perspective, but it doesn't change the fact that my authority is being undermined right now, and it infuriates me to see my board undermining my role instead of supporting it.",anger,0.9560748934745789
anger,I am always angry at myself and others. I lose my temper constantly and say very racist things.,anger,0.9834815859794617,Reframe,concise and emotionally attuned,"It sounds like you're feeling overwhelmed by your emotions, and that anger might be masking deeper struggles. Perhaps this could be seen as an opportunity to explore what’s beneath the anger, allowing for healing and understanding both towards yourself and others.","I appreciate the suggestion, but right now, it just feels infuriating to hear that my anger might have to be dealt with. It's like no one understands how hard it is to even think about digging deeper when all I want to do is lash out.",anger,0.9793662428855896
anger,My board is going around me to my staff and I am frustrated.,anger,0.946092963218689,Reframe,concise and emotionally attuned,"It sounds really disheartening to feel sidelined like that, but this could also be an opportunity to strengthen your direct communication with your staff and rebuild trust with the board. Perhaps this situation might lead to a deeper understanding of your role and the value you bring.","It’s hard to see it as an opportunity when it feels more like a betrayal. Strengthening communication is great, but I shouldn’t have to fight for my position—I already deserve respect.",anger,0.5344997048377991
anger,Hey! How can I help?,anger,0.4075467586517334,Reframe,concise and emotionally attuned,"It sounds like your partner is eager to support you, which shows their care; perhaps this is a wonderful chance to share what you truly need and strengthen your connection. It's okay to lean on each other!","I get that, but it feels like I'm always the one who has to ask for support. It’s exhausting to feel like I'm carrying the weight alone.",sadness,0.9521129131317139
anger,I am sooo pissed at my ex.,anger,0.851917028427124,Reframe,concise and emotionally attuned,It’s completely understandable to feel that way; it sounds like the situation is still bringing up a lot of hurt. Maybe this anger could be a sign that you’re ready to let go and create space for something healthier in your life.,"I get that, but it just feels infuriating to be stuck dealing with their mess. Letting go sounds nice, but I'm just so fed up with the whole thing right now.",anger,0.953295886516571
anger,I am always angry at myself and others. I lose my temper constantly and say very racist things.,anger,0.9834815859794617,Affirm,concise and emotionally attuned,"It takes a lot of courage to recognize and express your feelings like this, and that self-awareness is a strong foundation for growth. Your honesty shows immense strength, and I believe in your ability to evolve from this point.","I appreciate the recognition, but it doesn’t change the fact that my anger feels overwhelming and fuels my worst thoughts. I know I need to get a grip on this, but it’s infuriating to feel trapped in this cycle.",anger,0.9807723760604858
anger,I'm sooo pissed at my friend!,anger,0.8643319010734558,Affirm,concise and emotionally attuned,"It's completely understandable to feel that way; your emotions are valid and show how much you care about your friendship. Your ability to express your feelings is a real strength, and it speaks to the depth of your relationships.","Thanks, but this isn't about being valid or strong—I'm just furious that they let me down when I needed them most! It's infuriating!",anger,0.9831172227859497
anger,I am sooo pissed at my ex.,anger,0.851917028427124,Affirm,concise and emotionally attuned,It's completely valid to feel that way; your emotions show how deeply you care about your experiences. Your willingness to express your frustration is a sign of strength and self-awareness.,"Yeah, well, it doesn't make the anger go away. I'm just tired of dealing with the aftermath of their bullshit.",anger,0.4856060743331909
anger,I am sooo pissed at my ex.,anger,0.851917028427124,Affirm,concise and emotionally attuned,It’s completely understandable to feel that way; your emotions are valid and show how deeply you care about your experiences. Your ability to express your feelings is a strength that will help you navigate through this.,"Thanks for saying that, but it's just infuriating how they can mess with your life and walk away like it meant nothing. I’m done giving them that power over me.",anger,0.8949478268623352
anger,I can't take it anymore the stress from my parents. They don't acknowledge I am doing my best.,anger,0.47335365414619446,Affirm,concise and emotionally attuned,"It’s truly admirable that you’re doing your best in such a tough situation. Your resilience shines through, and it speaks volumes about your strength and determination.","Thanks, but it just feels so frustrating when they don't see that. I’m putting in the effort, and yet it’s like I’m invisible to them.",sadness,0.8176255226135254
anger,I am always angry at myself and others. I lose my temper constantly and say very racist things.,anger,0.9834815859794617,Guide,concise and emotionally attuned,"It’s really brave of you to recognize this pattern; try starting with deep breathing techniques when you feel anger rising, and consider journaling your thoughts to process emotions before reacting. Seeking support, like talking to a therapist, can also help you navigate these feelings and make positive changes.","I appreciate the suggestion, but it just feels ridiculous to think that breathing exercises or journaling will fix the rage I can't seem to control. Why should I have to put in all this effort when the anger feels so justified?",anger,0.9674499034881592
anger,I'm sooo pissed at my friend!,anger,0.8643319010734558,Guide,concise and emotionally attuned,"It sounds really frustrating to feel that way about a friend. Consider taking a moment to cool down, then try reaching out to them to express how you’re feeling—clearly and calmly sharing your perspective can really help address the situation.","I get that, but cooling down doesn’t change how betrayed I feel right now. They really crossed a line, and I need them to understand that.",disgust,0.3976207673549652
anger,My board is going around me to my staff and I am frustrated.,anger,0.946092963218689,Guide,concise and emotionally attuned,It's understandable to feel frustrated; consider setting up a direct conversation with your board to express your concerns and clarify your role. This can help reinforce your leadership and rebuild trust with both your staff and the board.,"It's infuriating that they're bypassing me, and having a direct conversation feels like a necessary step, but it shouldn't have to come to this. I shouldn’t have to chase after respect in my own position.",anger,0.8919769525527954
anger,I am always angry at myself and others. I lose my temper constantly and say very racist things.,anger,0.9834815859794617,Guide,concise and emotionally attuned,"It sounds like you’re feeling overwhelmed by your emotions, and that’s tough. Consider taking a moment each day to practice deep breathing or journaling to express these feelings without acting on them, and maybe seek support from a therapist to explore these reactions further.","I appreciate the suggestion, but it’s infuriating how easy it is to feel dismissed while dealing with this storm inside me. Taking deep breaths feels pointless when the anger just keeps bubbling up.",anger,0.9249495267868042
anger,I can't take it anymore the stress from my parents. They don't acknowledge I am doing my best.,anger,0.47335365414619446,Guide,concise and emotionally attuned,"I'm really sorry to hear that you're feeling this way. It might help to set a time to talk with your parents about how their words affect you, expressing your feelings calmly and openly—this could foster understanding. Additionally, consider reaching out to someone who can support you, like a friend or counselor; you don't have to face this alone.","It’s frustrating to think I have to spell it out just to be heard. I feel like I’ve already tried everything, and it shouldn’t be this hard to make them see my effort!",sadness,0.32720038294792175
anger,I am always angry at myself and others. I lose my temper constantly and say very racist things.,anger,0.9834815859794617,Normalize,concise and emotionally attuned,"It sounds like you’re grappling with intense emotions that can lead to hurtful behaviors, and many people struggle with similar feelings of anger and frustration. It’s completely valid to feel overwhelmed by these challenges; recognizing them is a significant step.","Sure, it’s valid, but that doesn’t excuse how I lash out! Just because others struggle doesn’t mean I should keep hurting people with my words.",anger,0.9558833837509155
anger,"How could my partner say he loves me, go out with me for one year and then cheat.",anger,0.6405653953552246,Normalize,concise and emotionally attuned,"I'm really sorry you're going through this; many people experience betrayal in relationships and it can feel so isolating and confusing. Your feelings are completely valid, and it's okay to feel hurt and betrayed right now.","I appreciate your understanding, but it doesn't make the pain any less sharp. It's infuriating to realize someone I trusted could turn around and throw everything away so easily.",anger,0.9549363851547241
anger,I can't take it anymore the stress from my parents. They don't acknowledge I am doing my best.,anger,0.47335365414619446,Normalize,concise and emotionally attuned,It’s really tough when those closest to us don’t see the effort we’re putting in; many people face similar feelings of frustration and being overlooked. You’re not alone in this—it’s okay to feel overwhelmed.,"It's exhausting to feel overlooked, especially when I'm trying my hardest. I shouldn't have to prove my worth to my own family; it's infuriating!",anger,0.8583489060401917
anger,"How could my partner say he loves me, go out with me for one year and then cheat.",anger,0.6405653953552246,Normalize,concise and emotionally attuned,"It’s incredibly painful to feel betrayed by someone you love, and you’re not alone in experiencing this kind of heartbreak; many have faced similar situations and it can leave you feeling deeply hurt and confused. Your feelings are valid, and it’s okay to take time to process what you’re going through.","I appreciate that, but it doesn't change the fact that it feels like a slap in the face. How can someone be so deceitful after a year of love?",disgust,0.5081823468208313
anger,I can't take it anymore the stress from my parents. They don't acknowledge I am doing my best.,anger,0.47335365414619446,Normalize,concise and emotionally attuned,"It’s completely understandable to feel overwhelmed when you’re giving so much effort and it goes unnoticed; many face similar struggles with feeling underappreciated by loved ones. Your feelings are valid, and it’s really tough to carry that burden alone.",It's infuriating to feel like my best isn’t even recognized; I'm exhausted from trying to please them without any acknowledgment. Why can't they see the hard work I put in?,anger,0.973433256149292
anger,I'm sooo pissed at my friend!,anger,0.8643319010734558,baseline,concise and emotionally attuned,"I’m sorry to hear that! It sounds really frustrating to feel that way about a friend. If you want to talk about what happened, I’m here for you.","Thanks, but it's hard to even talk about it right now. I'm just really let down and don't know how to handle it!",anger,0.3754780888557434
anger,I'm sooo pissed at my friend!,anger,0.8643319010734558,baseline,concise and emotionally attuned,I’m really sorry to hear that. It sounds really frustrating. Want to talk about what happened?,"Yeah, I just can’t believe they let me down like that! It’s so infuriating when they don’t take things seriously.",anger,0.8208152651786804
anger,I can't take it anymore the stress from my parents. They don't acknowledge I am doing my best.,anger,0.47335365414619446,baseline,concise and emotionally attuned,"I’m really sorry to hear that you’re feeling this way. It’s tough when it seems like your efforts go unnoticed. I’m here for you, and you deserve to be recognized for all that you do.","Thanks for saying that, but it just feels so invalidating when they totally overlook my hard work. It’s infuriating to pour my energy into everything and have them act like it doesn’t matter.",anger,0.943379819393158
anger,I am always angry at myself and others. I lose my temper constantly and say very racist things.,anger,0.9834815859794617,baseline,concise and emotionally attuned,"It sounds like you're feeling a lot of intense emotions right now, and that can be really overwhelming. It's important to acknowledge these feelings and know that it's okay to seek help in processing them. You deserve support as you work through this.",I don’t need your sympathy or your advice. I’m just fed up with everything and everyone.,neutral,0.5880677103996277
anger,My board is going around me to my staff and I am frustrated.,anger,0.946092963218689,baseline,concise and emotionally attuned,I can understand why you’re feeling frustrated; it’s tough when communication breaks down like that. I'm here for you if you want to talk it through.,"Thank you for understanding, but it’s infuriating that my board feels the need to bypass me entirely. I just don’t get why they can’t approach me directly.",anger,0.9047232270240784
disgust,Things have much worse the last couple weeks,disgust,0.7630165219306946,Validate,concise and emotionally attuned,It sounds like you’re feeling really overwhelmed with how things have been lately. It's completely understandable to feel that way when everything seems to get more challenging.,"Yes, it’s just frustrating to watch everything spiral downhill. I can’t shake off this feeling of disgust with the chaos.",disgust,0.9703924655914307
disgust,It keeps us up at night because we know she isn't sleeping. Worse part is there is nothing we can do to help her.,disgust,0.7926939129829407,Validate,concise and emotionally attuned,It sounds incredibly painful to feel so helpless while knowing she’s struggling to sleep. That worry must be really overwhelming for both of you.,"It's infuriating to be stuck in this helplessness, knowing she's tormented while we just stand by. The fact that we can't ease her pain makes it feel even worse.",disgust,0.6097502708435059
disgust,Things have much worse the last couple weeks,disgust,0.7630165219306946,Validate,concise and emotionally attuned,It sounds like you’re feeling really overwhelmed by how difficult things have become lately. That must be really tough to deal with.,"Yeah, overwhelmed doesn’t even begin to cover it. It feels like everything's spiraling out of control, and I’m just left here disgusted by it all.",disgust,0.972140908241272
disgust,It keeps us up at night because we know she isn't sleeping. Worse part is there is nothing we can do to help her.,disgust,0.7926939129829407,Validate,concise and emotionally attuned,It sounds incredibly distressing to feel helpless while worrying about her suffering. It's really tough when you care so much and feel powerless to make a difference.,"Absolutely, the helplessness is infuriating. Knowing she's alone in that suffering while we can do nothing feels like a punch to the gut.",anger,0.9180658459663391
disgust,It keeps us up at night because we know she isn't sleeping. Worse part is there is nothing we can do to help her.,disgust,0.7926939129829407,Validate,concise and emotionally attuned,"It sounds incredibly heavy to carry that worry for her, especially feeling so helpless. It's completely understandable to feel distressed about her situation.","It's infuriating to be trapped in this helplessness, knowing the toll it's taking on her. Every day feels like a struggle as we watch her suffer without being able to intervene.",anger,0.924830973148346
disgust,It keeps us up at night because we know she isn't sleeping. Worse part is there is nothing we can do to help her.,disgust,0.7926939129829407,Explore,concise and emotionally attuned,It sounds so heavy to carry that worry for her. How do you both feel when you think about her struggles with sleep? What have been some of the hardest moments for you both in this situation?,"It’s infuriating to feel so helpless while she suffers; every sleepless night is like a punch to the gut. We’ve had moments of sheer frustration, watching her toss and turn, wishing we could just take her pain away.",fear,0.564597487449646
disgust,***Sigh***,disgust,0.47289323806762695,Explore,concise and emotionally attuned,"It sounds like there’s a lot on your mind right now. What’s been weighing you down, or what’s making you feel this way?",It's just frustrating to see how easily some people overlook the obvious shortcomings around them. It's like they choose ignorance over understanding.,disgust,0.5857235789299011
disgust,My friend thinks we should still be friends but her drug addict boyfriend has already borrowed money from myself and others too many times and has stolen from other people.,disgust,0.4749842882156372,Explore,concise and emotionally attuned,It sounds like you’re in a really tough spot regarding your friend and her boyfriend. How does it make you feel about maintaining your friendship given the circumstances? What are your thoughts on how it might affect your relationship with her?,"Honestly, it makes me feel disgusted that she's willing to overlook his behavior. I can't stomach the idea of being around someone who enables that kind of toxicity.",disgust,0.9785743951797485
disgust,***Sigh***,disgust,0.47289323806762695,Explore,concise and emotionally attuned,It sounds like there might be some unspoken feelings behind that sigh. What’s on your mind that’s leading to this moment?,It's just frustrating to see the same issues keep popping up without resolution. Sometimes it feels like we're going in circles.,neutral,0.5520171523094177
disgust,My friend thinks we should still be friends but her drug addict boyfriend has already borrowed money from myself and others too many times and has stolen from other people.,disgust,0.4749842882156372,Explore,concise and emotionally attuned,It sounds like you're feeling concerned about your friend's relationship and the impact it's having on you. Can you share more about how this situation is affecting your feelings toward your friendship?,I'm honestly feeling disgusted that my friend can't see how toxic her boyfriend is. It's frustrating to watch her ignore the red flags while I deal with the mess he's created in our lives.,disgust,0.9769129753112793
disgust,It keeps us up at night because we know she isn't sleeping. Worse part is there is nothing we can do to help her.,disgust,0.7926939129829407,Reframe,concise and emotionally attuned,"It’s really tough to feel so helpless, but your concern shows just how much you care; even if you can’t ease her struggle directly, your support and understanding can still mean the world to her.","It's just infuriating to know she's suffering, and we can't even reach her. Support feels so useless when all I want is to take her pain away.",anger,0.905426025390625
disgust,***Sigh***,disgust,0.47289323806762695,Reframe,concise and emotionally attuned,It sounds like you’re both feeling a bit weighed down right now; perhaps it’s a sign that you both need a moment to reconnect or share what's really on your minds.,"Honestly, I’m just tired of the same old excuses. Reconnecting sounds great, but it feels like we’re stuck in this endless loop of avoiding the real issues.",sadness,0.4536871016025543
disgust,Things have much worse the last couple weeks,disgust,0.7630165219306946,Reframe,concise and emotionally attuned,"It sounds like you’re really feeling the weight of these tough times; maybe it could help to see this as a moment to pause and gather strength together, knowing that challenges often lead to growth and resilience.","I appreciate the intention, but honestly, it's hard to see the silver lining when everything just feels so overwhelming. I’m tired of constantly having to find strength in situations that shouldn’t be this difficult.",surprise,0.6733733415603638
disgust,My friend thinks we should still be friends but her drug addict boyfriend has already borrowed money from myself and others too many times and has stolen from other people.,disgust,0.4749842882156372,Reframe,concise and emotionally attuned,"It sounds like you’re concerned about your friend’s safety and well-being, which is completely understandable. Perhaps this situation could be an opportunity to gently express your feelings to her and encourage her to prioritize her own health and happiness, even if it’s difficult.",It's not just her safety; it's the principle of it all—how can she not see how toxic he is? It disgusts me that she’s willing to overlook his behavior for the sake of a relationship that's clearly bad for her.,disgust,0.980461061000824
disgust,My friend thinks we should still be friends but her drug addict boyfriend has already borrowed money from myself and others too many times and has stolen from other people.,disgust,0.4749842882156372,Reframe,concise and emotionally attuned,It sounds like you're feeling torn between wanting to support your friend and protecting yourself from harmful behavior. It's okay to reevaluate the friendship when it's intertwined with difficult situations; it shows your strength in valuing your own boundaries.,"It's infuriating to see her prioritize him over her own well-being, while I'm left to deal with the consequences of his actions. I shouldn’t have to compromise my boundaries to keep this friendship afloat.",anger,0.8854401111602783
disgust,Things have much worse the last couple weeks,disgust,0.7630165219306946,Affirm,concise and emotionally attuned,"It sounds like you’ve been facing some really tough challenges lately, and your ability to recognize that takes courage. It’s okay to feel overwhelmed, and I admire your strength in sharing this.","Thanks for your understanding, but it’s hard to muster any admiration when everything just feels so bleak and frustrating. It’s like an endless cycle of bad surprises.",sadness,0.9794807434082031
disgust,Things have much worse the last couple weeks,disgust,0.7630165219306946,Affirm,concise and emotionally attuned,"It sounds like you've been facing really tough times recently, and it's so important that you're recognizing that. Your willingness to confront these challenges shows incredible strength and resilience.",It’s frustrating to hear that everything seems to be getting more difficult. Strength and resilience don't really make the situation any less disgusting right now.,disgust,0.988466739654541
disgust,It keeps us up at night because we know she isn't sleeping. Worse part is there is nothing we can do to help her.,disgust,0.7926939129829407,Affirm,concise and emotionally attuned,"It's clear how deeply you care for her well-being, and your concern speaks volumes about your love and support for her. Just being there for her during this time is incredibly important and reflects your strength as a partner.","It just feels so helpless, knowing she's in pain and we’re stuck here watching. Love isn’t enough when you can’t fix what’s hurting her.",fear,0.4290432333946228
disgust,Things have much worse the last couple weeks,disgust,0.7630165219306946,Affirm,concise and emotionally attuned,"It sounds like you've been facing some really tough times lately, and it takes a lot of strength to acknowledge that. Your honesty in sharing how you feel shows immense courage.","Honestly, it just feels exhausting. I don’t get why things keep piling up, and it’s frustrating to have to keep pretending everything's fine.",sadness,0.9152082800865173
disgust,Things have much worse the last couple weeks,disgust,0.7630165219306946,Affirm,concise and emotionally attuned,"I really admire your honesty in sharing how you're feeling; it takes strength to acknowledge tough times. Remember, you're not alone in this, and it's okay to lean on those who care about you.","I appreciate your kind words, but honestly, it’s just frustrating feeling this way. It’s hard to see a way out when things keep piling up.",sadness,0.8684444427490234
disgust,***Sigh***,disgust,0.47289323806762695,Guide,concise and emotionally attuned,It sounds like your partner might be feeling overwhelmed or frustrated. A simple step could be to gently ask them how they’re feeling or if there’s something they need to share; sometimes just talking it out can ease that sigh.,"It's just exhausting having to navigate all that, honestly. I shouldn’t have to pull words out of them like that.",neutral,0.8651008605957031
disgust,My friend thinks we should still be friends but her drug addict boyfriend has already borrowed money from myself and others too many times and has stolen from other people.,disgust,0.4749842882156372,Guide,concise and emotionally attuned,"It sounds really tough to navigate this situation, especially when you care about your friend. Consider having an honest conversation with her about your concerns for her safety and well-being, and suggest setting boundaries around your friendship until she's ready to reassess her relationship.",I just can't stand the thought of being tangled up in this mess any longer. It's exhausting watching her ignore the obvious risks just to keep him around—it's infuriating.,anger,0.9473296403884888
disgust,It keeps us up at night because we know she isn't sleeping. Worse part is there is nothing we can do to help her.,disgust,0.7926939129829407,Guide,concise and emotionally attuned,"I can see how deeply this impacts both of you; it’s tough feeling powerless. Consider creating a calming bedtime routine for her, or suggest gentle sleep aids, and remember to take care of yourselves too—supporting each other is crucial during this time.","It's just infuriating that we have to resort to suggestions while she endures this. We've tried so many things, but nothing seems to help, and it just makes us feel more helpless.",anger,0.4486619234085083
disgust,Things have much worse the last couple weeks,disgust,0.7630165219306946,Guide,concise and emotionally attuned,"It sounds like you’re feeling overwhelmed; it might help to take a moment to identify one specific challenge you’re facing and think of a small step to address it, whether it's reaching out for support or setting aside time for self-care. Remember, it's okay to lean on each other during tough times.","I get that, but honestly, that all sounds so cliché right now. It’s frustrating to feel like you’re drowning and be told to take baby steps.",sadness,0.8380267024040222
disgust,***Sigh***,disgust,0.47289323806762695,Guide,concise and emotionally attuned,"It sounds like both of you might be feeling overwhelmed. Try to take a moment to check in with each other; a simple, open question like, ""What’s on your mind?"" can pave the way for a more supportive conversation.","I get that, but ugh, checking in doesn’t always feel genuine when you’re already exhausted. It just adds to the pressure.",neutral,0.635869026184082
disgust,Things have much worse the last couple weeks,disgust,0.7630165219306946,Normalize,concise and emotionally attuned,"I'm really sorry to hear that things have been tough for you lately; it's comforting to know that many people face challenges that can feel overwhelming at times. You're not alone in this, and it’s okay to feel how you feel.","I appreciate your kindness, but honestly, it's frustrating to hear that so many people are going through it too. It just makes me feel even more disillusioned with everything.",sadness,0.9856089949607849
disgust,It keeps us up at night because we know she isn't sleeping. Worse part is there is nothing we can do to help her.,disgust,0.7926939129829407,Normalize,concise and emotionally attuned,It’s heart-wrenching to feel so helpless when someone you care about is struggling; many people share those feelings of worry and frustration in similar situations. You're not alone in this—it's incredibly tough to watch someone you love endure such difficulties.,It’s infuriating to feel so powerless while she suffers. It’s a brutal reminder that care alone isn’t enough to ease her pain.,anger,0.6924828290939331
disgust,My friend thinks we should still be friends but her drug addict boyfriend has already borrowed money from myself and others too many times and has stolen from other people.,disgust,0.4749842882156372,Normalize,concise and emotionally attuned,It’s really tough to navigate friendships when someone you care about is involved with someone who has harmful behaviors; many people find themselves in similar situations. It’s completely valid to feel conflicted and worried about the impact it has on your own well-being.,It's not just tough—it's downright infuriating to watch someone I care about throw away their life for someone who clearly doesn't respect boundaries or others' trust. How can she not see the damage he's causing?,anger,0.8294272422790527
disgust,Things have much worse the last couple weeks,disgust,0.7630165219306946,Normalize,concise and emotionally attuned,"It’s tough when things feel heavier, and it's absolutely okay to feel that way—many people go through similar struggles during challenging times. You're not alone in this.",It's frustrating to hear that it’s okay when everything just feels so overwhelming. I wish it didn't have to be that way; it’s exhausting.,surprise,0.4672144949436188
disgust,My friend thinks we should still be friends but her drug addict boyfriend has already borrowed money from myself and others too many times and has stolen from other people.,disgust,0.4749842882156372,Normalize,concise and emotionally attuned,"It’s really tough to see a friend caught in a situation like that; many people have faced similar challenges with friends and relationships. Your feelings of concern and frustration are completely valid, and you’re not alone in navigating this difficult situation.",It's infuriating to watch her ignore the red flags for the sake of this loser. I just can't stand the fact that he's taken advantage of so many people without a second thought.,anger,0.8891388177871704
disgust,***Sigh***,disgust,0.47289323806762695,baseline,concise and emotionally attuned,I hear you. It sounds like you’re feeling a bit overwhelmed. I'm here for you.,"Thanks, but it's not just overwhelmed; it's the sheer frustration of it all that’s getting to me. I can’t believe how messy things have become.",anger,0.34074094891548157
disgust,It keeps us up at night because we know she isn't sleeping. Worse part is there is nothing we can do to help her.,disgust,0.7926939129829407,baseline,concise and emotionally attuned,I can only imagine how tough that must be for both of you. It’s hard to feel so helpless when it comes to someone you care about. I’m here if you want to talk more about it.,It really is infuriating to feel so powerless. I just wish we could do something—anything—to ease her pain.,anger,0.942359983921051
disgust,***Sigh***,disgust,0.47289323806762695,baseline,concise and emotionally attuned,I hear you. It sounds like you're feeling overwhelmed. I'm here for you.,"Thanks, but honestly, it's more than just overwhelmed—it's pure frustration. I just can't believe how ridiculous things have gotten.",anger,0.6233600974082947
disgust,***Sigh***,disgust,0.47289323806762695,baseline,concise and emotionally attuned,I hear you. It sounds like you’re feeling overwhelmed right now. I'm here for you.,"Thanks, but honestly, it’s more than overwhelmed—it's just frustrating how everything piles up like this. I appreciate your support, but it really shouldn’t be this way.",surprise,0.5473666191101074
disgust,Things have much worse the last couple weeks,disgust,0.7630165219306946,baseline,concise and emotionally attuned,I’m really sorry to hear that things have been tough for you lately. I’m here to listen if you want to share more about what’s been going on.,"I appreciate that, but honestly, it's just been overwhelming. I can't believe how much can go wrong in such a short time.",surprise,0.9537593126296997
fear,Hello... I am feeling quite anxious,fear,0.9943057894706726,Validate,concise and emotionally attuned,"It sounds like you're really feeling that anxiety right now, and it's completely okay to share that. It's important to acknowledge those feelings.","Thank you for understanding. It just feels so overwhelming at times, and I’m scared it won’t get better.",fear,0.9300875067710876
fear,How may I help you?,fear,0.7905250191688538,Validate,concise and emotionally attuned,It sounds like your partner is really trying to be supportive and attentive to your needs. That kind of concern can feel really comforting.,"I appreciate that, but it’s hard to shake this feeling of vulnerability. What if my needs change and I can’t communicate that?",fear,0.7447622418403625
fear,Going to the store gives me Panic Attacks! Driving also makes me highly anxious.,fear,0.9853015542030334,Validate,concise and emotionally attuned,"It sounds really overwhelming to feel panic when going to the store and anxiety while driving. Your feelings are completely understandable, and it's tough to face those situations.","It really is overwhelming; I never know when that panic will hit, and it makes everyday tasks feel impossible. Just thinking about it makes my heart race.",fear,0.9824000597000122
fear,I'm so anxious. I'm losing my job at the end of the month and I don't know how my resume is going to hold up with so many other people looking for work too!,fear,0.9770256280899048,Validate,concise and emotionally attuned,"It's completely understandable to feel anxious about losing your job and the competitive job market; those feelings are valid given the uncertainty you're facing. You're not alone in this, and it's okay to feel overwhelmed right now.","Thank you for understanding. It really is overwhelming, and just thinking about updating my resume makes my heart race—I can't shake off this fear of not finding something soon enough.",fear,0.9686769843101501
fear,"Hi good afternoon, I am seeking support for my anxiety related to my job",fear,0.8860718607902527,Validate,concise and emotionally attuned,"It sounds like you're feeling overwhelmed by your job anxiety, and that's completely understandable. Acknowledging that can be tough, but it's a significant step in seeking support.","Yes, it is really overwhelming. I just can’t shake this constant feeling of dread about work, and it makes everything else feel harder too.",fear,0.9835439324378967
fear,Going to the store gives me Panic Attacks! Driving also makes me highly anxious.,fear,0.9853015542030334,Explore,concise and emotionally attuned,It sounds really overwhelming to feel that way about the store and driving. Can you share more about what specifically triggers those panic attacks for you?,"It’s hard to pinpoint exactly what triggers them; it’s like this suffocating dread that washes over me when I think about being around so many people or navigating the unpredictability of traffic. The fear grips me tightly, and I never know when it will strike.",fear,0.9877737164497375
fear,Hello... I am feeling quite anxious,fear,0.9943057894706726,Explore,concise and emotionally attuned,I'm sorry to hear that you're feeling anxious. Can you share what’s been on your mind or what might be contributing to those feelings?,"Thank you for your understanding... I've just been overwhelmed with uncertainty about the future, and it’s really weighing on me.",surprise,0.5768005847930908
fear,"Hi, I have a bit of anxiety as a college student learning during the pandemic. I'm nervous about applying for grad schools.",fear,0.9902964234352112,Explore,concise and emotionally attuned,It sounds like you’re carrying a lot right now. What aspects of applying to grad schools feel the most overwhelming for you?,"I’m really worried about the application process itself—writing personal statements, getting letters of recommendation, and just feeling like I’m competing against so many talented people. It’s almost paralyzing.",fear,0.9655336141586304
fear,How can I help you?,fear,0.7002027034759521,Explore,concise and emotionally attuned,What do you feel would be most helpful for you right now? Can you share what's been on your mind that prompted this question?,I’m feeling overwhelmed and unsure. I just need someone to listen and help me sort through this confusion.,fear,0.706030547618866
fear,"Hi, I have a bit of anxiety as a college student learning during the pandemic. I'm nervous about applying for grad schools.",fear,0.9902964234352112,Explore,concise and emotionally attuned,It sounds like you're feeling a lot of pressure right now—what specific aspects of applying to grad schools are causing you the most anxiety? Have there been any moments when you felt more confident about your future?,"I'm definitely feeling the pressure with deadlines and recommendations piling up. There are rare moments when I feel like I could handle it, but they quickly fade away, leaving me overwhelmed again.",surprise,0.8040165901184082
fear,"Hi good afternoon, I am seeking support for my anxiety related to my job",fear,0.8860718607902527,Reframe,concise and emotionally attuned,"It sounds like your job is really weighing on you right now, which is completely understandable. Perhaps viewing this anxiety as a signal that you're deeply invested in your work could help redirect your focus towards finding strategies that support your well-being.","I appreciate your understanding, but it still feels overwhelming. I'm just worried about how this anxiety might affect my performance and my future at work.",fear,0.8643919229507446
fear,How can I help you?,fear,0.7002027034759521,Reframe,concise and emotionally attuned,"It sounds like your partner is eager to support you, which shows they care deeply about your needs. Perhaps this is an opportunity to share what you might need together or explore how you can collaborate more closely.","I appreciate that insight, but I can’t shake this feeling of uncertainty. What if I'm not ready to share everything I need?",fear,0.9743769764900208
fear,How can I help you?,fear,0.7002027034759521,Reframe,concise and emotionally attuned,"It sounds like your partner is genuinely trying to connect and support you, which shows their care for your well-being. Perhaps this is an opportunity to share what you truly need or even to express your appreciation for their willingness to help.","I appreciate that perspective, but I still feel this overwhelming fear of being vulnerable. What if opening up only pushes them away instead of bringing us closer?",fear,0.9790740013122559
fear,"Hi good afternoon, I am seeking support for my anxiety related to my job",fear,0.8860718607902527,Reframe,concise and emotionally attuned,It’s completely understandable to feel anxious about your job; it shows how much you care about your work and want to do well. Perhaps this anxiety can be a signal for you to explore what truly matters in your career and how you can align your role with those values.,"Thank you for understanding. It’s just overwhelming sometimes, and I worry about not being able to meet those expectations.",fear,0.9114565849304199
fear,Hello... I am feeling quite anxious,fear,0.9943057894706726,Reframe,concise and emotionally attuned,It’s completely understandable to feel anxious; it shows how much you care about what’s happening around you. Perhaps this feeling can also guide you toward what you really need or want right now.,"I appreciate your understanding, but the weight of this anxiety feels overwhelming. It's hard to think clearly when everything just feels so uncertain.",fear,0.9844456315040588
fear,"Hi, I have a bit of anxiety as a college student learning during the pandemic. I'm nervous about applying for grad schools.",fear,0.9902964234352112,Affirm,concise and emotionally attuned,"It's completely understandable to feel anxious during such a challenging time, and your resilience in navigating college amidst a pandemic is truly commendable. Recognizing your feelings is a strength, and it shows how much you care about your future—you're already doing so well!","Thank you for your kind words. I appreciate the encouragement, but the uncertainty of the grad school process still feels overwhelming.",fear,0.6855243444442749
fear,I'm so anxious. I'm losing my job at the end of the month and I don't know how my resume is going to hold up with so many other people looking for work too!,fear,0.9770256280899048,Affirm,concise and emotionally attuned,"It's completely understandable to feel anxious right now, but remember, your skills and experiences are valuable and unique. You've navigated challenges before, and that resilience will shine through in your resume!","I appreciate your kind words, but it's hard to shake this feeling of inadequacy. What if my unique experiences aren't enough in this competitive job market?",sadness,0.8846269845962524
fear,How may I help you?,fear,0.7905250191688538,Affirm,concise and emotionally attuned,It’s wonderful to see your willingness to help; that kind of care and thoughtfulness truly makes a difference! Your openness to support others really shines through.,"Thank you for your kind words, but I'm still overcome with fear about what lies ahead. I just hope I can really make a difference.",fear,0.9169119000434875
fear,Going to the store gives me Panic Attacks! Driving also makes me highly anxious.,fear,0.9853015542030334,Affirm,concise and emotionally attuned,"It takes a lot of courage to share how you're feeling, and recognizing your anxiety is a strong step toward managing it. Your honesty and openness about these challenges show great self-awareness and strength.","Thank you for understanding, but it feels overwhelming at times. I just wish I could find a way to cope without feeling so trapped by my own fears.",fear,0.9461298584938049
fear,"Hi good afternoon, I am seeking support for my anxiety related to my job",fear,0.8860718607902527,Affirm,concise and emotionally attuned,"Good afternoon! It's really commendable that you're reaching out for support regarding your anxiety; it shows great self-awareness and strength. Acknowledging your feelings is an important step, and it's clear you’re taking charge of your well-being.","Thank you for your kind words. I appreciate the encouragement, but I still feel overwhelmed by my anxiety, especially regarding my job responsibilities.",surprise,0.5672275424003601
fear,"Hi, I have a bit of anxiety as a college student learning during the pandemic. I'm nervous about applying for grad schools.",fear,0.9902964234352112,Guide,concise and emotionally attuned,"It's completely understandable to feel anxious about grad school applications; consider breaking the process into smaller tasks, like researching programs or drafting a personal statement. Remember, you’re not alone—reach out to friends, advisors, or even counseling resources for support as you navigate this!","Thank you for your understanding. I know I should reach out for support, but the thought of all the steps I need to take still feels overwhelming.",surprise,0.5656012892723083
fear,Going to the store gives me Panic Attacks! Driving also makes me highly anxious.,fear,0.9853015542030334,Guide,concise and emotionally attuned,"It’s completely understandable to feel overwhelmed; consider starting with small, manageable trips, perhaps just to the parking lot, and bring a calming item or music to help ease the anxiety. You could also discuss with your partner about practicing breathing techniques together before you go out, which can offer companionship and support.","I appreciate the suggestion, but even the idea of small trips makes my heart race. I just don’t know if I can handle it at all.",neutral,0.5438376665115356
fear,"Hi, I have a bit of anxiety as a college student learning during the pandemic. I'm nervous about applying for grad schools.",fear,0.9902964234352112,Guide,concise and emotionally attuned,"It's completely understandable to feel anxious right now; many students are in the same boat. Try breaking down your grad school application into manageable steps, like creating a timeline for deadlines and focusing on one aspect at a time, such as researching programs or drafting your personal statement. You’ve got this!","Thank you for the reassurance. I know I should take it step by step, but the pressure feels overwhelming sometimes, and I worry about whether I'll even be good enough for grad school.",fear,0.948171079158783
fear,How can I help you?,fear,0.7002027034759521,Guide,concise and emotionally attuned,"Thank you for reaching out! You could start by sharing a specific need or task that you have in mind, as this can help clarify how they can support you more effectively.","I appreciate your willingness to help, but I'm feeling quite overwhelmed right now. I need guidance on where to begin—everything just feels so daunting.",fear,0.5778975486755371
fear,"I am worried that my Director played a game she was not able to play, got caught, and was forced to resign. I am not sure what that means for me. Any help would be appreciated.",fear,0.9320706725120544,Guide,concise and emotionally attuned,It’s understandable to feel uncertain in this situation; focusing on your own role is important. Consider reaching out to your HR department for clarity on any changes affecting your position and reflect on how you can continue to contribute positively to your team during this transition.,"I appreciate the advice, but I can't shake the feeling of instability—what if this new situation puts my job at risk? I just want to feel secure again.",joy,0.9173930287361145
fear,"Hi good afternoon, I am seeking support for my anxiety related to my job",fear,0.8860718607902527,Normalize,concise and emotionally attuned,"Good afternoon! It’s completely understandable to feel anxious about work; many people experience similar feelings, and it can be really overwhelming. You're not alone in this.","Thank you for understanding. It feels really isolating sometimes, but knowing that others share this makes me feel a little less scared.",fear,0.9855846762657166
fear,How may I help you?,fear,0.7905250191688538,Normalize,concise and emotionally attuned,"It sounds like you’re feeling uncertain about how to engage, which is completely understandable; many people find themselves in similar moments of vulnerability. It's okay to take a moment to gather your thoughts.","I appreciate your understanding, but the uncertainty still lingers. It’s like standing on the edge, and I’m not sure if I’m ready to leap.",fear,0.553244411945343
fear,"Hi, I have a bit of anxiety as a college student learning during the pandemic. I'm nervous about applying for grad schools.",fear,0.9902964234352112,Normalize,concise and emotionally attuned,"It’s completely understandable to feel anxious about applying for grad schools, especially with the added pressures of the pandemic—many students share these feelings with you. You're not alone in this, and it's okay to take your time to navigate these uncertainties.",Thank you for understanding—it really helps to know I’m not alone in this. I just can’t shake the fear of not being good enough when it comes time to apply.,fear,0.9679532647132874
fear,Going to the store gives me Panic Attacks! Driving also makes me highly anxious.,fear,0.9853015542030334,Normalize,concise and emotionally attuned,"It’s completely understandable to feel this way; many people share similar fears, and it can feel really isolating. You're not alone in this experience, and it's okay to feel how you feel.",Thank you for understanding; it really helps to know I’m not the only one. But the thought of facing those situations still overwhelms me.,joy,0.34245383739471436
fear,"I am worried that my Director played a game she was not able to play, got caught, and was forced to resign. I am not sure what that means for me. Any help would be appreciated.",fear,0.9320706725120544,Normalize,concise and emotionally attuned,"It's completely understandable to feel worried and uncertain in this situation—many people feel similarly when leadership changes occur unexpectedly. You're certainly not alone in your concerns, and it's okay to take time to process how this impacts you.",Thank you for understanding. I just can't shake the fear of how this might affect my role and future here—it's unsettling not knowing what comes next.,fear,0.9797343611717224
fear,"Hi, I have a bit of anxiety as a college student learning during the pandemic. I'm nervous about applying for grad schools.",fear,0.9902964234352112,baseline,concise and emotionally attuned,"Hi! It’s completely normal to feel anxious about this. Navigating college during the pandemic is challenging, and applying to grad schools can feel overwhelming. Remember, you’re not alone in this, and it’s okay to take it one step at a time. I'm here for you!",Thank you for understanding; it means a lot. I just fear that I won't measure up or that my application won't be good enough.,fear,0.9209968447685242
fear,How may I help you?,fear,0.7905250191688538,baseline,concise and emotionally attuned,I appreciate your willingness to help! It means a lot to me.,"I'm glad to hear that, but I'm still feeling a bit on edge—there's so much uncertainty. How can we navigate this together?",fear,0.8908491730690002
fear,Hello... I am feeling quite anxious,fear,0.9943057894706726,baseline,concise and emotionally attuned,I'm really sorry to hear that you're feeling anxious. I'm here for you if you want to talk about it or if there's anything I can do to help.,"Thank you for being there—it really means a lot. I'm just overwhelmed right now, and it feels like everything is closing in.",surprise,0.9514768123626709
fear,I'm so anxious. I'm losing my job at the end of the month and I don't know how my resume is going to hold up with so many other people looking for work too!,fear,0.9770256280899048,baseline,concise and emotionally attuned,"I'm really sorry to hear that you're feeling this way. It's completely understandable to feel anxious in such a tough situation. Remember, your skills and experiences are valuable, and you will find the right opportunity. I'm here for you through this.","Thank you for your support—it helps a little, but I'm still terrified about the competition and whether I can make myself stand out. What if my skills aren’t enough?",fear,0.9893972873687744
fear,"I am worried that my Director played a game she was not able to play, got caught, and was forced to resign. I am not sure what that means for me. Any help would be appreciated.",fear,0.9320706725120544,baseline,concise and emotionally attuned,"I can see why you’re feeling worried about this situation. It's natural to have concerns about the implications for yourself. I’m here for you, and it’s okay to take your time to process everything.",Thank you for understanding. I'm just so anxious about what this could mean for my position and the stability of our team.,fear,0.9669970870018005
joy,hi! Hope you are doing well today,joy,0.8025935888290405,Validate,concise and emotionally attuned,It sounds like you’re reaching out with warmth and care—I really appreciate that. How are you feeling today?,"I’m so glad to hear that! I'm feeling pretty joyful today, thanks for asking!",joy,0.9933432340621948
joy,"Good evening, how are you feeling at the moment?",joy,0.8256886601448059,Validate,concise and emotionally attuned,Good evening! I really appreciate you asking; I'm feeling a bit reflective right now. It’s nice to share this moment with you.,I'm glad to hear that! It's wonderful to share these moments together; reflection can bring such clarity and joy.,joy,0.990748941898346
joy,"Good evening, how are you feeling at the moment?",joy,0.8256886601448059,Validate,concise and emotionally attuned,Good evening! I appreciate you asking. I'm feeling a mix of emotions and I sense there's a comforting connection between us right now.,That’s wonderful to hear! It’s amazing how those connections can bring so much comfort and warmth.,joy,0.9211395382881165
joy,Hi! How are you this evening?,joy,0.39538395404815674,Validate,concise and emotionally attuned,"It sounds like you’re reaching out for a connection this evening, and that means a lot. I appreciate you asking—I’m here with you.",That warms my heart! I'm so glad to share this moment with you—what’s been bringing you joy lately?,joy,0.9908684492111206
joy,Hi!,joy,0.7635966539382935,Validate,concise and emotionally attuned,It sounds like you might be feeling a bit uncertain or wanting more from that exchange. It’s totally normal to want deeper connections in those moments.,"Absolutely! I really love those moments of connection, and it feels great to explore them deeper!",joy,0.9829582571983337
joy,Hello there! How can I encourage you today?,joy,0.5460030436515808,Explore,concise and emotionally attuned,Hi! That’s kind of you to ask. What’s been on your mind lately that you’d like encouragement for?,"I’m so glad you asked! Lately, I’ve been reflecting on the joy of small victories and how they can really brighten our days. How about you? What’s been lifting your spirits?",joy,0.9687504768371582
joy,Hello good afternoon.,joy,0.5600361227989197,Explore,concise and emotionally attuned,Good afternoon! How has your day been so far? What’s been on your mind lately?,"Good afternoon! My day's been lovely, thank you! I've been thinking about some exciting plans for the weekend—what about you?",joy,0.9641833305358887
joy,"Hi, are you having a good day at the moment?",joy,0.5170344710350037,Explore,concise and emotionally attuned,Hi! I appreciate you asking—what about your day has felt good or challenging so far?,"I'm feeling really joyful today! I’ve had some great moments that made me smile, like enjoying a cozy cup of coffee and chatting with you!",joy,0.9941715598106384
joy,"Hi, are you having a good day at the moment?",joy,0.5170344710350037,Explore,concise and emotionally attuned,I'm glad you asked! What has been the highlight of your day so far? And how are you feeling about it?,That’s wonderful to hear! The highlight for me has been enjoying a beautiful walk outside; it really lifts my spirits! How about you?,joy,0.9850860834121704
joy,Hi! How are you this evening?,joy,0.39538395404815674,Explore,concise and emotionally attuned,"I'm doing well, thank you! How about you? What’s been on your mind this evening?",I'm glad to hear you're doing well! I’ve just been enjoying some good music and thinking about how nice it is to catch up with you.,joy,0.9837363362312317
joy,Good morning! What can I help you with today?,joy,0.7196623086929321,Reframe,concise and emotionally attuned,"Good morning! It sounds like your partner is eager to support you, which is a wonderful reminder of the care in your relationship; perhaps today could be about embracing that connection together.",Absolutely! It's so lovely to celebrate that connection—being together and feeling supported is what makes each day special. What are your thoughts on embracing that today?,joy,0.9847500324249268
joy,"Hi, are you having a good day at the moment?",joy,0.5170344710350037,Reframe,concise and emotionally attuned,"It’s thoughtful of your partner to check in with you; this shows they care about how you’re feeling, which can be a lovely reminder of the support around you, even on tougher days.","Absolutely, it really is heartwarming to feel that support! It’s those little moments that make all the difference, don’t you think?",joy,0.967304527759552
joy,Good morning! What can I help you with today?,joy,0.7196623086929321,Reframe,concise and emotionally attuned,"Good morning! It sounds like your partner is eager to support you, which can be a wonderful reminder of the teamwork you share. Perhaps this is a great opportunity to connect and share what you both can do together today.","Absolutely! Collaboration really strengthens our bond, and I'd love to explore what we can accomplish together today!",joy,0.9382755160331726
joy,hi! Hope you are doing well today,joy,0.8025935888290405,Reframe,concise and emotionally attuned,"It’s wonderful to hear your kind greeting; it reminds us both how important it is to check in on each other. Even in small moments like this, we can find connection and warmth in our day.",Absolutely! I love how a simple hello can brighten our day and strengthen those connections. It's moments like these that really make a difference!,joy,0.954887330532074
joy,Hello there! How can I encourage you today?,joy,0.5460030436515808,Reframe,concise and emotionally attuned,"It’s wonderful that you’re seeking to uplift others—perhaps you can also embrace the idea that the act of supporting someone can be encouraging for you as well. In sharing that positivity, you might find your own spirits lifted too.","Absolutely! It's such a beautiful cycle—when we lift others, we often rise with them. Let's keep spreading that joy!",joy,0.9570797681808472
joy,Hello good afternoon.,joy,0.5600361227989197,Affirm,concise and emotionally attuned,Good afternoon! It's wonderful to see you reaching out and connecting—your warmth truly shines through in your greeting.,Thank you so much! I really appreciate your kind words; it's always a joy to connect with you!,joy,0.9801812767982483
joy,Good morning! What can I help you with today?,joy,0.7196623086929321,Affirm,concise and emotionally attuned,"Good morning! Your eagerness to help is truly commendable, and it sets a positive tone for today. Thank you for being so open and ready to support!","Thank you so much! I'm excited to be here, and I'm ready to dive into whatever you need help with today!",joy,0.9329169392585754
joy,Hello there! How can I encourage you today?,joy,0.5460030436515808,Affirm,concise and emotionally attuned,Your willingness to reach out and offer encouragement shows a wonderful kindness and strength in connecting with others. It's truly uplifting to see you prioritize support and positivity!,Thank you so much for your kind words! It warms my heart to know that my efforts to spread positivity resonate with you.,joy,0.9766371250152588
joy,Hi! How are you this evening?,joy,0.39538395404815674,Affirm,concise and emotionally attuned,Hi! It’s wonderful to hear from you—your warmth always brightens my evening! I appreciate you reaching out and sharing your presence.,Thank you so much! Your words bring a big smile to my face—it's always a joy to connect with you!,joy,0.9896844625473022
joy,"Good evening, how are you feeling at the moment?",joy,0.8256886601448059,Affirm,concise and emotionally attuned,Good evening! It’s great to hear your thoughtful question; it really shows how much you care about others' well-being. Your kindness shines through!,Thank you so much for your sweet words! It truly brightens my evening to connect with someone who values kindness as much as I do.,joy,0.9816176295280457
joy,Hello there! How can I encourage you today?,joy,0.5460030436515808,Guide,concise and emotionally attuned,It’s wonderful that you want to encourage me! A great way to start is by simply asking me about my day or sharing something you’re excited about; that can really brighten my mood.,I'm so glad you feel that way! My day has been full of sunshine and creativity; I've been working on some exciting new ideas! How about you?,joy,0.9824344515800476
joy,Hi!,joy,0.7635966539382935,Guide,concise and emotionally attuned,Hi there! A simple response could be to ask them how their day is going or share something positive about yours. This can help spark a more meaningful conversation!,"That sounds like a lovely idea! I love sharing good vibes—today is going great, thanks for asking! How about you?",joy,0.9667840003967285
joy,Hello there! How can I encourage you today?,joy,0.5460030436515808,Guide,concise and emotionally attuned,Thank you for asking! You can encourage me by sharing something positive from your day or a small goal you’d like to achieve together; it would really brighten my spirits!,"Absolutely! Today, I spent some time outdoors, and the fresh air and sunshine really lifted my mood. A small goal we could aim for together is to share one positive thing each day—what do you think?",joy,0.9437283873558044
joy,Hi!,joy,0.7635966539382935,Guide,concise and emotionally attuned,"Hey there! A simple, warm response like ""Hi! How was your day?"" can open up the conversation and show your interest. Just share your thoughts and listen to theirs.","Hi! My day was great, thanks for asking! How about you? I'm excited to hear about yours!",joy,0.9288164973258972
joy,Hi! How are you this evening?,joy,0.39538395404815674,Guide,concise and emotionally attuned,"It’s great to hear from you! You could respond with something personal like, ""I’m doing well, thanks for asking! How about you?"" This keeps the conversation flowing and shows genuine interest.","I’m so glad to hear from you too! I’m doing well, thanks! What’s been the highlight of your day?",joy,0.9825258255004883
joy,Hi! How are you this evening?,joy,0.39538395404815674,Normalize,concise and emotionally attuned,"Hi! I’m doing okay this evening, thank you for asking. It’s common to have mixed feelings at times, and I really appreciate you checking in.",I'm glad to hear you're doing okay! It's so important to stay connected and support each other through those mixed feelings.,joy,0.9845693707466125
joy,"Hi, are you having a good day at the moment?",joy,0.5170344710350037,Normalize,concise and emotionally attuned,"It’s completely normal to wonder how someone else’s day is going, especially when you’re not feeling your best. Many people share that experience, and it’s okay to have ups and downs.","Absolutely, it's comforting to know that we're all in this together! I'm hoping your day turns around and brings you some joy.",joy,0.9767333269119263
joy,Hello good afternoon.,joy,0.5600361227989197,Normalize,concise and emotionally attuned,Good afternoon! It’s completely natural to feel a mix of emotions in everyday exchanges—many people can relate to the ups and downs of communication. You're not alone in feeling this way.,Absolutely! It’s comforting to know that so many share these feelings; it makes our conversations even more meaningful!,joy,0.9657573699951172
joy,hi! Hope you are doing well today,joy,0.8025935888290405,Normalize,concise and emotionally attuned,"Hi! Thank you for asking; I hope you’re doing well too. It’s common to have ups and downs, and even a simple hello can mean a lot.","Absolutely, I agree! A little positivity can really brighten the day. I'm glad we’re sharing this moment!",joy,0.9773058295249939
joy,Hi! How are you this evening?,joy,0.39538395404815674,Normalize,concise and emotionally attuned,"Hi! I appreciate you asking; it's nice to connect. Many people feel a mix of emotions in the evening, so I completely understand if you're navigating through something too.",It's great to connect with you too! I love this time of day—it feels like the perfect moment to reflect and share joys.,joy,0.9856529235839844
joy,Hello there! How can I encourage you today?,joy,0.5460030436515808,baseline,concise and emotionally attuned,Hi! Just knowing you’re here means a lot. Your support always lifts my spirits. Thank you!,"I'm so glad to hear that! Your words bring me joy too, and I'm always here to brighten your day.",joy,0.9901964664459229
joy,Hello there! How can I encourage you today?,joy,0.5460030436515808,baseline,concise and emotionally attuned,Hi! It’s so sweet of you to ask. Just knowing you care means a lot to me. Your support is always appreciated!,I'm so glad to hear that! Your words truly warm my heart—let's keep lifting each other up!,joy,0.9900886416435242
joy,Hello good afternoon.,joy,0.5600361227989197,baseline,concise and emotionally attuned,Good afternoon! Hope you’re having a great day. I'm here for you.,Thank you! I'm really enjoying the day so far—excited to chat with you!,joy,0.9929165840148926
joy,Hello good afternoon.,joy,0.5600361227989197,baseline,concise and emotionally attuned,Good afternoon! Hope you’re having a nice day.,"Thank you! I'm having a lovely day, filled with little joys. How about you?",joy,0.9845507740974426
joy,Good morning! What can I help you with today?,joy,0.7196623086929321,baseline,concise and emotionally attuned,Good morning! Thank you for your offer to help. Just having your support means a lot to me today!,I'm so glad to hear that! Your positivity brightens my day—let’s tackle whatever you need together!,joy,0.9884999394416809
neutral,Hello! Hope you are doing well. How may I assist you?,neutral,0.41771426796913147,Validate,concise and emotionally attuned,"It sounds like you’re reaching out with a caring attitude, which is really thoughtful. I appreciate your willingness to help!","Thank you for your kind words! I'm here to provide any assistance you need, so just let me know how I can help.",joy,0.6898790597915649
neutral,"Hi there, how are you feeling today?",neutral,0.5229365229606628,Validate,concise and emotionally attuned,"It sounds like you're genuinely interested in how I'm doing, and I appreciate that. I'm feeling a bit mixed today, but your question really means a lot.","I'm really glad to hear that my question resonated with you. If you feel like sharing more about what’s on your mind, I'm here to listen.",joy,0.988989531993866
neutral,"Hi there, how are you feeling today?",neutral,0.5229365229606628,Validate,concise and emotionally attuned,I appreciate you asking how I'm feeling; it really means a lot to me. How about you—how are you feeling today?,"I'm glad to hear that! I'm doing well, thanks for asking.",joy,0.9862303137779236
neutral,I need understanding at this time.,neutral,0.903200089931488,Validate,concise and emotionally attuned,"It sounds like you're really feeling the need for empathy and support right now. It's understandable to want that understanding, especially during challenging times.","Yes, it's true. Having empathy and support can make a significant difference when facing difficult moments.",neutral,0.9283000826835632
neutral,Hello! Hope you are doing well. How may I assist you?,neutral,0.41771426796913147,Validate,concise and emotionally attuned,It sounds like you're reaching out with kindness and a desire to connect. I appreciate your thoughtful approach!,Thank you! I genuinely value connections and am here to help in any way you need. What can I assist you with today?,joy,0.8075332045555115
neutral,I've tried this before and there wasn't anyone on the support side...,neutral,0.6826764345169067,Explore,concise and emotionally attuned,It sounds like that experience was really frustrating for you. Can you share more about what happened during that time and how it made you feel?,"It was indeed frustrating. I felt ignored and unsupported when I really needed help, which made the whole situation even more challenging.",sadness,0.893315315246582
neutral,I feel obligated to help you this Christmas Night.,neutral,0.462604284286499,Explore,concise and emotionally attuned,It sounds like your partner feels a sense of duty this Christmas Night—what do you think is driving that feeling for them? How does their statement make you feel about the plans for the evening?,I think my partner's sense of duty comes from a deep desire to support and uplift others during the holidays. Their commitment makes me feel hopeful about how we can impact those around us tonight.,joy,0.9893056154251099
neutral,Hi can you help me with my problem?,neutral,0.6007270812988281,Explore,concise and emotionally attuned,Of course! What’s been weighing on your mind lately? Can you share a bit more about the problem you’re facing?,Thank you for being understanding. I’ve been feeling overwhelmed with my workload lately and could use some guidance on how to manage it better.,surprise,0.8113567233085632
neutral,I need understanding at this time.,neutral,0.903200089931488,Explore,concise and emotionally attuned,"What aspects are you hoping to be understood about right now, and how can I be here for you in this moment?",I’m looking for support with the challenges I’m facing and to feel heard in what I’m going through. Your willingness to help means a lot to me right now.,joy,0.5571090579032898
neutral,Hi can you help me with my problem?,neutral,0.6007270812988281,Explore,concise and emotionally attuned,Of course! Can you share a bit more about what’s on your mind? What specific problem are you facing right now?,Sure! I'm struggling with time management and finding it hard to juggle my responsibilities. Any advice would be appreciated!,sadness,0.505976140499115
neutral,Hello!,neutral,0.5416676998138428,Reframe,concise and emotionally attuned,"It sounds like a simple greeting, but it could also be a lovely opportunity to reconnect and share a moment together. It’s often the small exchanges that bring warmth to our day.","Absolutely, those small moments really do hold a lot of significance. It's nice to chat and share a bit of warmth with each other.",joy,0.6655243039131165
neutral,"Hi there, how are you feeling today?",neutral,0.5229365229606628,Reframe,concise and emotionally attuned,It's so thoughtful of your partner to check in on you; it shows they care. Perhaps this is a moment to appreciate the connection and openness in your relationship.,"Absolutely, it really does highlight the importance of support in a relationship. It’s nice to reflect on those moments of care and connection.",joy,0.7603769302368164
neutral,"Hi there, how are you feeling today?",neutral,0.5229365229606628,Reframe,concise and emotionally attuned,"It sounds like your partner's query shows they care about your well-being, which is really sweet. Perhaps it’s a chance to share your feelings and deepen your connection with them.","That’s true, it can be nice to share feelings and strengthen that bond. I appreciate your insight!",joy,0.9276333451271057
neutral,Hello! Hope you are doing well. How may I assist you?,neutral,0.41771426796913147,Reframe,concise and emotionally attuned,"It's lovely to hear such a warm greeting! Instead of just focusing on how to assist, perhaps this is also a chance to share how you're feeling today—connecting can be uplifting for both of you.",Thank you! I appreciate your kind words. I'm feeling ready and focused to help you however I can today.,joy,0.9586834907531738
neutral,Hi can you help me with my problem?,neutral,0.6007270812988281,Reframe,concise and emotionally attuned,"It's understandable to feel overwhelmed when seeking help; this shows your strength and willingness to share your struggles, which is a powerful step toward finding solutions together. Your openness can really open up new possibilities for both of you.",Thank you for recognizing the importance of openness. I'm ready to explore possible solutions together.,neutral,0.5663513541221619
neutral,I need understanding at this time.,neutral,0.903200089931488,Affirm,concise and emotionally attuned,It's wonderful that your partner is expressing their need for understanding; it shows their vulnerability and trust in you. Your ability to listen and be there for them reflects your compassionate nature and strong emotional connection.,I appreciate your recognition of that; it's important to me to support them fully. This moment feels significant for both of us.,joy,0.9670811295509338
neutral,Hello!,neutral,0.5416676998138428,Affirm,concise and emotionally attuned,Hello! It’s great to see you connecting with your partner—starting a conversation is such an important step in nurturing relationships. Keep that positivity flowing!,Thank you! I appreciate the encouragement—building connections is definitely a vital part of any relationship.,joy,0.9730011820793152
neutral,I've tried this before and there wasn't anyone on the support side...,neutral,0.6826764345169067,Affirm,concise and emotionally attuned,"It’s impressive that you’re willing to try again despite past challenges; your determination shows incredible strength and resilience. Remember, reaching out for support is a sign of courage, and you deserve to be heard.",Thank you for recognizing that; it can be tough to keep trying. I appreciate the encouragement to reach out again.,joy,0.744682252407074
neutral,Hi can you help me with my problem?,neutral,0.6007270812988281,Affirm,concise and emotionally attuned,Of course! Your willingness to reach out for help shows great strength and courage. You’re taking a positive step toward finding a solution.,Thank you for your kind words! I appreciate your support and am ready to tackle this challenge.,joy,0.9619872570037842
neutral,I've tried this before and there wasn't anyone on the support side...,neutral,0.6826764345169067,Affirm,concise and emotionally attuned,It's great that you're reaching out again despite past disappointments; your persistence shows incredible strength and a willingness to seek the support you deserve. Your efforts to find help truly reflect your resilience and commitment to bettering your situation.,"Thank you for recognizing that; it has been a tough journey, but I believe it’s worth trying again. I just hope to find the support I need this time.",joy,0.47996431589126587
neutral,"Hi there, how are you feeling today?",neutral,0.5229365229606628,Guide,concise and emotionally attuned,It's great that your partner asked about your feelings! Try sharing one positive thing about your day and ask them the same; it can deepen your connection and open up the conversation.,Thank you for the suggestion! I appreciate the idea of sharing positivity; it really can enhance communication and strengthen relationships.,joy,0.960161566734314
neutral,"Hi there, how are you feeling today?",neutral,0.5229365229606628,Guide,concise and emotionally attuned,"It's great that your partner is checking in on you! You might respond with something like, ""I’m feeling like I could use a little support today; how about you?"" This opens the door for connection and honesty.",Thanks for the suggestion! I appreciate your insight on fostering connection—it's important to have those open conversations. How do you typically check in with others?,joy,0.5165576338768005
neutral,I've tried this before and there wasn't anyone on the support side...,neutral,0.6826764345169067,Guide,concise and emotionally attuned,"I hear your frustration—it's tough when you feel alone in seeking support. Consider reaching out at different times or using multiple channels, like chat or email, to increase your chances of getting a response; your needs are important and deserve attention.",Thanks for the suggestion; I’ll definitely try reaching out through different channels. It’s just really disheartening feeling like no one is there to help.,sadness,0.9709883332252502
neutral,I feel obligated to help you this Christmas Night.,neutral,0.462604284286499,Guide,concise and emotionally attuned,"It sounds like your partner might be feeling a bit overwhelmed with expectations. It could help to acknowledge their feelings and suggest a simpler way to celebrate—maybe share what you’d both enjoy most without pressure, like a cozy movie night or a quiet evening together.",That’s a thoughtful suggestion. I appreciate the idea of keeping things simple and focusing on what we both enjoy—it might just ease some of that pressure.,joy,0.7642362117767334
neutral,Hello! Hope you are doing well. How may I assist you?,neutral,0.41771426796913147,Guide,concise and emotionally attuned,"It's great to hear from you! To foster a positive exchange, you might respond by expressing appreciation for their kindness and share a specific way they can help you, like asking for recommendations or support on a project.",Thank you for your thoughtful suggestion! I'm looking for some recommendations on effective project management tools—do you have any to share?,neutral,0.517833948135376
neutral,I've tried this before and there wasn't anyone on the support side...,neutral,0.6826764345169067,Normalize,concise and emotionally attuned,"It’s really tough to feel like you’re reaching out but not being met with support; many people go through similar experiences and it can leave you feeling isolated. Your feelings are completely valid, and it's okay to seek the connection you deserve.","I appreciate your understanding. It does feel isolating at times, and knowing others share similar experiences helps a little.",sadness,0.5445746183395386
neutral,I've tried this before and there wasn't anyone on the support side...,neutral,0.6826764345169067,Normalize,concise and emotionally attuned,"It’s really tough when it feels like support isn't available, and many people can relate to that frustration. It’s completely okay to feel disheartened by past experiences—it’s a challenging situation for so many.","Absolutely, it’s disheartening when you need assistance but don’t get it. I appreciate the understanding; it really does help to know I'm not alone in this.",sadness,0.8967585563659668
neutral,I've tried this before and there wasn't anyone on the support side...,neutral,0.6826764345169067,Normalize,concise and emotionally attuned,"It sounds like both you and your partner are feeling let down by past experiences, which is completely understandable; many people struggle with that sense of absence in support. It can be really disheartening when you’re seeking help and it feels out of reach.","Yes, it can be really frustrating to feel like support is unavailable when you're in need. I just hope future experiences will be more positive.",sadness,0.9672248959541321
neutral,"Hi there, how are you feeling today?",neutral,0.5229365229606628,Normalize,concise and emotionally attuned,It’s completely normal to have mixed feelings about how our day is going; many people can relate to that. I’m here for you—how are you really feeling?,"I appreciate that. I'm feeling a bit torn today, but it's good to know I'm not alone in this.",sadness,0.966722846031189
neutral,Hello!,neutral,0.5416676998138428,Normalize,concise and emotionally attuned,"Hey there! It’s completely normal to feel a mix of emotions when connecting with others, even through simple greetings. You're not alone in navigating these feelings.","Absolutely, those mixed emotions can be quite common. It's nice to share this experience with others.",joy,0.8733063340187073
neutral,Hello! Hope you are doing well. How may I assist you?,neutral,0.41771426796913147,baseline,concise and emotionally attuned,"Hello! I'm doing well, thank you for asking. I appreciate your willingness to help.",I'm glad to hear you're doing well! What can I assist you with today?,joy,0.9859710335731506
neutral,Hi can you help me with my problem?,neutral,0.6007270812988281,baseline,concise and emotionally attuned,Of course! I'm here for you. Please share what's on your mind.,Thank you for your willingness to help. I'm struggling to figure out how to manage my time better between work and personal life.,sadness,0.5204976797103882
neutral,Hi,neutral,0.9316708445549011,baseline,concise and emotionally attuned,Hi there! How are you doing today?,"I'm doing well, thanks for asking! How about you?",joy,0.915844202041626
neutral,"Hi there, how are you feeling today?",neutral,0.5229365229606628,baseline,concise and emotionally attuned,"Hi! I’m feeling a bit mixed today, but I appreciate you asking. How about you?","I understand mixed feelings can be challenging. I'm doing well, thanks for asking.",joy,0.6555564403533936
neutral,Hi,neutral,0.9316708445549011,baseline,concise and emotionally attuned,Hey! It’s great to hear from you. How's your day going?,"Hi! It's going pretty well, thanks for asking. How about yours?",joy,0.9174580574035645
sadness,How can I help you today?,sadness,0.5515317916870117,Validate,concise and emotionally attuned,"It sounds like your partner is genuinely interested in supporting you, which can feel really comforting. It’s nice to be in a space where you feel cared for and valued.","It is comforting, but sometimes I still feel this underlying sadness, like I'm carrying a weight that makes it hard to fully embrace that care. It's a struggle to reconcile those moments of support with my own feelings of loneliness.",sadness,0.9734660387039185
sadness,my working place is lot of problems in daily.,sadness,0.8496079444885254,Validate,concise and emotionally attuned,It sounds like you're feeling overwhelmed with the constant issues at work. That must be really frustrating for you.,"Yeah, it really is. Some days it feels like the problems just never end, and it leaves me feeling drained.",sadness,0.9736019372940063
sadness,hi I need help. I'm under academic stress,sadness,0.8688467144966125,Validate,concise and emotionally attuned,It sounds like you're feeling really overwhelmed with everything going on in your studies. It’s completely understandable to feel stressed when there’s so much on your plate.,"Thank you for understanding. It just feels like I’m drowning in deadlines and expectations, and it’s tough to see a way out.",neutral,0.5088001489639282
sadness,Hi. I'm feeling depressed and overwhelmed.,sadness,0.5836473107337952,Validate,concise and emotionally attuned,It sounds really tough to feel so depressed and overwhelmed right now. It’s completely understandable to feel this way given what you’re going through.,"Thank you for understanding. It feels like a heavy weight that just won't lift, and I don't know how to move forward.",neutral,0.5323266386985779
sadness,My youngest is my hardest,sadness,0.7754297852516174,Validate,concise and emotionally attuned,"It sounds like your youngest really challenges you, and that must be so overwhelming at times. It's completely understandable to feel that way.","Yes, it can be incredibly overwhelming. I just wish I knew the right way to connect with them, you know?",surprise,0.6117863059043884
sadness,my working place is lot of problems in daily.,sadness,0.8496079444885254,Explore,concise and emotionally attuned,"It sounds challenging to face so many problems at work every day. Can you share more about what kinds of issues you’re dealing with, or how they make you feel?","It's just a constant weight, you know? From communication breakdowns to unrealistic deadlines, it feels like I'm stuck in a cycle of stress, and it’s hard to see a way out.",neutral,0.5678815841674805
sadness,Hi. I'm feeling depressed and overwhelmed.,sadness,0.5836473107337952,Explore,concise and emotionally attuned,I'm really sorry to hear that you're feeling this way. Can you share what’s been weighing on you the most recently?,Thank you for your kindness. I’ve been struggling with a sense of isolation and just feeling lost in everything that’s happening around me.,sadness,0.9637443423271179
sadness,hi I need help. I'm under academic stress,sadness,0.8688467144966125,Explore,concise and emotionally attuned,I'm really sorry to hear that you're feeling this way. What specific aspects of your academic work are feeling the most overwhelming right now?,"I appreciate your concern. I feel like I’m drowning in assignments and deadlines, and it’s hard to see a way out.",fear,0.8462792038917542
sadness,I am sad,sadness,0.9860560894012451,Explore,concise and emotionally attuned,I'm really sorry to hear that you're feeling sad. Can you share what’s been on your mind lately that’s contributing to your sadness?,"It feels like there’s a heavy weight on my chest, mostly from feeling disconnected and alone lately. It's hard to put into words, but I just miss the warmth of genuine connection.",sadness,0.9818840026855469
sadness,My youngest is my hardest,sadness,0.7754297852516174,Explore,concise and emotionally attuned,What has been the most challenging aspect of parenting your youngest for you? Can you share a moment that really highlights that difficulty?,"It's the constant worry that I'm not doing enough for them. I remember a night when they cried for hours, and I felt utterly helpless, like I was losing a part of myself.",fear,0.948562741279602
sadness,Hi. I'm feeling depressed and overwhelmed.,sadness,0.5836473107337952,Reframe,concise and emotionally attuned,"I'm really sorry to hear that you're feeling this way; it sounds heavy. Sometimes, acknowledging that these feelings exist can be the first step toward understanding them better, and you don't have to navigate this alone.","Thank you for your understanding. It’s just hard to see a way forward right now, even with support.",neutral,0.7098739147186279
sadness,How can I help you today?,sadness,0.5515317916870117,Reframe,concise and emotionally attuned,It’s lovely that your partner is offering help; perhaps it reflects their desire to connect and share support with you. This could be an opportunity to explore what you both can accomplish together.,"I appreciate that perspective, but sometimes it feels overwhelming to consider sharing those burdens. It’s hard to see the potential when I'm still carrying so much weight on my own.",surprise,0.6198971271514893
sadness,I am sad,sadness,0.9860560894012451,Reframe,concise and emotionally attuned,It's okay to feel sad; it shows you're in touch with your emotions. Perhaps this sadness is an opportunity for reflection and understanding of what really matters to you.,"I appreciate that perspective, but it still feels heavy. Sometimes I just wish I could shake it off and find a clearer path forward.",sadness,0.4429408609867096
sadness,hi I need help. I'm under academic stress,sadness,0.8688467144966125,Reframe,concise and emotionally attuned,"It sounds like you're feeling really overwhelmed right now, which is completely understandable. You might see this as a tough moment, but it could also be an opportunity to discover your resilience and reach out for support.","I appreciate your understanding, but it still feels like the weight is too much to bear. I just wish I could find a way to lighten this burden.",sadness,0.9143852591514587
sadness,How can I help you,sadness,0.4479949176311493,Reframe,concise and emotionally attuned,"It's touching that your partner is asking how they can help; it shows they care deeply about your needs. Perhaps this is a moment to explore what support looks like for both of you, strengthening your connection even further.","It’s just hard to navigate these feelings sometimes, even with someone who cares so much. I really want to express what I need, but I’m scared it might overwhelm them.",fear,0.9703729152679443
sadness,I am sad,sadness,0.9860560894012451,Affirm,concise and emotionally attuned,It's completely okay to feel sad—acknowledging your emotions shows great strength and self-awareness. Your willingness to express how you feel is a testament to your courage and resilience.,"Thank you for understanding. It feels heavy, but I appreciate the acknowledgment—it helps to know it's okay to feel this way.",sadness,0.3648217022418976
sadness,Hi. I'm feeling depressed and overwhelmed.,sadness,0.5836473107337952,Affirm,concise and emotionally attuned,"It’s really brave of you to share how you’re feeling; that takes a lot of strength. Remember, acknowledging your emotions is a powerful step toward understanding and healing.",Thank you for saying that. It just feels like the weight of everything is too much to bear sometimes.,neutral,0.692729651927948
sadness,How can I help you today?,sadness,0.5515317916870117,Affirm,concise and emotionally attuned,"It's wonderful to see your willingness to help and support! Your thoughtfulness truly shines through, making a positive impact on those around you.","Thank you for your kind words; they mean a lot to me. I wish I could do more, especially when I know so many are struggling right now.",sadness,0.633617103099823
sadness,I am sad,sadness,0.9860560894012451,Affirm,concise and emotionally attuned,"It's completely okay to feel sad; acknowledging your emotions shows your strength and self-awareness. Remember, it takes courage to express what you’re feeling, and that’s something truly admirable.",Thank you for understanding; it just feels heavy right now. I appreciate your kind words; they mean a lot.,sadness,0.5472394227981567
sadness,My youngest is my hardest,sadness,0.7754297852516174,Affirm,concise and emotionally attuned,"It sounds like you're really dedicated to understanding and supporting your youngest, which shows your incredible patience and love as a parent. Recognizing the challenges is a strength, and it's clear you care deeply!","Thank you for understanding; some days, it feels like an uphill battle. I just wish I could ease their struggles more, but I’ll keep trying.",neutral,0.5821309089660645
sadness,I am sad,sadness,0.9860560894012451,Guide,concise and emotionally attuned,"I'm sorry to hear that you're both feeling this way. Try taking a moment to share your feelings with each other; it can really help to talk openly, even if it's just to say why you feel sad. Would it help to take a walk together or do something you both enjoy?","Thank you for your kind words. I appreciate the suggestion, but right now, even the thought of sharing feels heavy.",sadness,0.9150388836860657
sadness,I am sad,sadness,0.9860560894012451,Guide,concise and emotionally attuned,It's okay to feel sad; allow yourself to acknowledge those feelings. Try reaching out to your partner—sharing what’s on your mind can help both of you feel supported together.,"Thank you for understanding. I wish it were that easy, but sometimes it feels like the weight of sadness is too heavy to lift.",sadness,0.9663549065589905
sadness,my working place is lot of problems in daily.,sadness,0.8496079444885254,Guide,concise and emotionally attuned,"I hear you—work can be really overwhelming sometimes. Try identifying the top three issues you face daily and prioritize one to tackle first, or consider talking to a trusted coworker or manager for support; you don’t have to face this alone.",Thank you for understanding—it just feels so heavy sometimes. I appreciate the suggestion; maybe I’ll try talking to someone or focusing on one problem at a time.,sadness,0.3849999010562897
sadness,Hi. I'm feeling depressed and overwhelmed.,sadness,0.5836473107337952,Guide,concise and emotionally attuned,"I’m really sorry to hear you’re both feeling this way. It might help to take a moment to talk about it together—maybe set aside some time to share your feelings openly, or consider reaching out to a mental health professional for support. You're not alone in this.","Thank you for your understanding. I appreciate the suggestion, but it’s hard to find the energy to reach out right now.",neutral,0.4613765776157379
sadness,my working place is lot of problems in daily.,sadness,0.8496079444885254,Guide,concise and emotionally attuned,It sounds really overwhelming; have you tried setting aside a few minutes each day to identify one specific problem and brainstorm a small step to address it? Taking one manageable action can help you feel more in control.,"I appreciate the suggestion, but some days it feels like the problems are just too many to handle. It’s hard to see a way out when everything seems so heavy.",neutral,0.4282507002353668
sadness,I am sad,sadness,0.9860560894012451,Normalize,concise and emotionally attuned,"It’s totally okay to feel sad—many people go through moments like this, and it’s important to acknowledge those feelings. You're not alone in this.",Thank you for understanding; it’s just hard to shake this feeling sometimes. I appreciate knowing I’m not alone.,sadness,0.3165614604949951
sadness,How can I help you,sadness,0.4479949176311493,Normalize,concise and emotionally attuned,"It’s common to feel overwhelmed when someone asks how they can help; many people grapple with knowing what they need. Just remember, it's okay to take your time in figuring it out.","I appreciate your understanding; sometimes, it just feels so heavy, and I'm not sure where to begin. Thank you for reminding me to give myself that space.",sadness,0.7561185359954834
sadness,How can I help you,sadness,0.4479949176311493,Normalize,concise and emotionally attuned,"It sounds like you're seeking connection and support, which many people can relate to during tough times. It's completely natural to feel this way—you're not alone in wanting that reassurance.","Thank you for understanding; it means a lot. Sometimes, just knowing someone else gets it can make a heavy heart feel a little lighter.",sadness,0.3598712384700775
sadness,How can I help you,sadness,0.4479949176311493,Normalize,concise and emotionally attuned,"It’s completely normal to feel unsure when someone asks how they can help; it often brings up our own needs and feelings. Many people find themselves in that place, and it’s okay to take your time to figure it out.","I appreciate your understanding; it does feel overwhelming at times, and I wish I could just be clear about what I need. It’s hard not to get lost in my own thoughts.",fear,0.5273265242576599
sadness,Hi. I'm feeling depressed and overwhelmed.,sadness,0.5836473107337952,Normalize,concise and emotionally attuned,"I'm really sorry to hear that you're feeling this way; many people go through periods of feeling depressed and overwhelmed too. It’s tough to carry those emotions, and it's important to acknowledge how heavy they can be.","Thank you for understanding. It feels so isolating sometimes, even knowing others experience this too.",sadness,0.7075596451759338
sadness,I am sad,sadness,0.9860560894012451,baseline,concise and emotionally attuned,I’m so sorry to hear that you’re feeling this way. I’m here for you if you want to talk about it.,"Thank you for your kindness. It just feels overwhelming right now, and I appreciate your support.",surprise,0.5052313804626465
sadness,I am sad,sadness,0.9860560894012451,baseline,concise and emotionally attuned,I’m really sorry to hear that you’re feeling this way. I’m here for you if you want to talk about it.,"Thank you for your kindness. It just feels heavy right now, and talking about it seems daunting.",fear,0.9765591621398926
sadness,I am sad,sadness,0.9860560894012451,baseline,concise and emotionally attuned,I'm really sorry to hear that you're feeling this way. I'm here for you.,Thank you for your kindness; it means a lot. I just feel a bit lost right now.,sadness,0.9666623473167419
sadness,How can I help you today?,sadness,0.5515317916870117,baseline,concise and emotionally attuned,I really appreciate your willingness to help. Just having you here means a lot to me. Thank you!,"I'm truly glad to hear that. It’s tough sometimes, and knowing I can be here for you brings a little comfort.",joy,0.9807246923446655
sadness,How can I help you today?,sadness,0.5515317916870117,baseline,concise and emotionally attuned,Thank you for asking! Just knowing you're there for me means a lot. Your support always makes a difference.,"I'm really glad to hear that. It’s tough sometimes, and knowing I can be here for you is important to me too.",joy,0.9877777695655823
surprise,How are you doing today?,surprise,0.5960703492164612,Validate,concise and emotionally attuned,It sounds like you really care about how I'm doing; I appreciate that. I'm feeling a bit overwhelmed but grateful for the chance to share.,I'm really glad to hear you felt that care! It’s totally okay to feel overwhelmed—sometimes just sharing can lighten the load a bit.,surprise,0.7213828563690186
surprise,How are you doing today?,surprise,0.5960703492164612,Validate,concise and emotionally attuned,"It sounds like you're checking in and showing care, which is really meaningful. I appreciate that connection; it makes a difference.",I’m really glad to hear that it means something to you! It’s nice to know we can share that connection.,joy,0.9848292469978333
surprise,"Hi, how are you doing?",surprise,0.5704803466796875,Validate,concise and emotionally attuned,"It sounds like you’re checking in, and that means a lot. I’m here, and I appreciate your thoughtfulness!",I'm really glad to hear that! It's nice to know my message made you feel appreciated.,joy,0.9865241050720215
surprise,How are you doing today?,surprise,0.5960703492164612,Validate,concise and emotionally attuned,"It sounds like you’re checking in on me, and I appreciate that. I feel a bit overwhelmed today, but knowing you care means a lot.","I'm really sorry to hear you're feeling overwhelmed. Just remember, I'm here for you if you need to talk or take a breather!",surprise,0.7312842011451721
surprise,hi . god morning,surprise,0.9310077428817749,Validate,concise and emotionally attuned,"It sounds like you're starting your day with a friendly greeting, and that matters. I appreciate you sharing that moment with me.","Thank you! It really feels good to connect like this, even in the little things.",joy,0.9788625240325928
surprise,"Hi, how are you doing?",surprise,0.5704803466796875,Explore,concise and emotionally attuned,It sounds like your partner is checking in with you! What’s on your mind that makes you feel the way you do right now?,"Wow, I’m a bit taken aback you picked up on that! I’m just feeling a mix of things—some days are tougher than others, you know?",surprise,0.9748578667640686
surprise,How are you doing today?,surprise,0.5960703492164612,Explore,concise and emotionally attuned,"I'm doing okay, thank you for asking! How about you? What's on your mind today?",I'm glad to hear you're okay! I'm actually a bit surprised; I wasn't expecting to have such a nice chat today.,surprise,0.958652675151825
surprise,Hi! How are you tonight?,surprise,0.48241910338401794,Explore,concise and emotionally attuned,"Hi! I'm doing well, thank you. What about you? How has your evening been so far?",I'm glad to hear that! My evening's been surprisingly great—just enjoying some quiet moments. What have you been up to?,joy,0.9728512167930603
surprise,Hi How are you today?,surprise,0.568560004234314,Explore,concise and emotionally attuned,"I'm doing well, thank you! How about you? What’s been on your mind today?",I'm surprised to hear you're doing well! I've been thinking about how quickly the days fly by—it's hard to believe it's already almost the end of the month!,surprise,0.9828381538391113
surprise,hi . god morning,surprise,0.9310077428817749,Explore,concise and emotionally attuned,Good morning! How are you feeling today? What’s been on your mind so far?,"I’m feeling a bit surprised, actually! It’s nice to hear from you—I've been thinking about how quickly the day can change.",surprise,0.9860177636146545
surprise,Hi! How are you tonight?,surprise,0.48241910338401794,Reframe,concise and emotionally attuned,"It sounds like a simple greeting, but it really opens up a moment for connection. It’s wonderful that you’re sharing space and acknowledging each other’s presence tonight.","Wow, I love that perspective! It really makes those simple moments feel so meaningful, doesn’t it?",joy,0.6629949808120728
surprise,Hi! How are you tonight?,surprise,0.48241910338401794,Reframe,concise and emotionally attuned,"It’s nice to hear their greeting—it’s a simple reminder that connection is important, even on challenging nights. How are you feeling about your evening?",I completely agree! It’s those little reminders that make a difference. I'm feeling a mix of gratitude and surprise tonight. How about you?,surprise,0.6577234268188477
surprise,Hi How are you today?,surprise,0.568560004234314,Reframe,concise and emotionally attuned,It's touching that your partner reached out; it might be a great chance to share how you’re really feeling today and deepen your connection. How does that make you feel?,"Wow, I didn't expect you to say that! It actually makes me feel really hopeful about opening up and connecting more with them.",joy,0.654992938041687
surprise,Hi! How are you tonight?,surprise,0.48241910338401794,Reframe,concise and emotionally attuned,"It sounds like your partner is reaching out for connection, which can be a lovely way to feel closer, even on tough nights. Maybe this moment can be a chance to share how you both are really feeling.","Wow, that’s a really insightful take! I hadn’t thought about it that way—maybe I should use this moment to open up and connect more deeply.",surprise,0.9685253500938416
surprise,Hi! How are you tonight?,surprise,0.48241910338401794,Reframe,concise and emotionally attuned,"It sounds like you’re looking for a connection right now, which is wonderful. Despite how your day went, reaching out for that moment of interaction could bring some comfort.","Wow, you really understand where I’m coming from! It’s amazing how just a simple chat can lighten the mood.",surprise,0.9250313639640808
surprise,"Hi, how are you doing?",surprise,0.5704803466796875,Affirm,concise and emotionally attuned,It's wonderful that you’re reaching out to connect; that shows how much you care. I appreciate your kindness!,"Wow, thank you! It really means a lot to hear that, and I genuinely enjoy connecting with you.",joy,0.6260451078414917
surprise,"Hi, how are you doing?",surprise,0.5704803466796875,Affirm,concise and emotionally attuned,It’s great that your partner reached out to check in on you; that shows their care and connection. Your willingness to engage and share feelings is a wonderful strength that fosters intimacy.,"Wow, thank you for recognizing that! It really means a lot to me that you see the value in connection and sharing feelings.",surprise,0.9037376642227173
surprise,Hi..how are you doing today,surprise,0.7159333229064941,Affirm,concise and emotionally attuned,It's great to hear from you! Your ability to reach out and connect really shows your thoughtfulness and warmth—definitely a strength to cherish!,"Wow, thank you so much! Your kind words mean a lot to me; it's always nice to know that connection is appreciated!",surprise,0.7926226258277893
surprise,How are you doing today?,surprise,0.5960703492164612,Affirm,concise and emotionally attuned,"It’s wonderful to see you checking in—your care for others truly shines through. It reflects your thoughtful nature, and that’s a beautiful trait to have!","Wow, thank you so much for your kind words! It really means a lot to me that you noticed—I genuinely care about how everyone is doing.",surprise,0.9317222833633423
surprise,hi . god morning,surprise,0.9310077428817749,Affirm,concise and emotionally attuned,"Good morning! Your positive energy starts the day off right, and I truly appreciate your warmth.","Wow, thank you so much! Your words just made my morning even brighter!",joy,0.5072588324546814
surprise,Hi How are you today?,surprise,0.568560004234314,Guide,concise and emotionally attuned,"It's great that your partner reached out! You could reply with a warm response, like “I’m doing well, thank you! How about you?” to keep the conversation flowing positively.","Oh wow, I appreciate that! I’ll definitely use that idea to keep the good vibes going!",surprise,0.5218062996864319
surprise,Hello! How may I support you today?,surprise,0.5602465867996216,Guide,concise and emotionally attuned,"It sounds like your partner is eager to help; you might suggest specific areas where you’d appreciate their support, like handling chores or talking about something on your mind. Sharing your needs can deepen your connection and show that you value their willingness to help!","Wow, that's such a thoughtful approach! I'll definitely consider sharing specific needs; it feels important to communicate and strengthen that connection.",surprise,0.9508941769599915
surprise,Hi..how are you doing today,surprise,0.7159333229064941,Guide,concise and emotionally attuned,"It's great that you want to connect! You might respond with something like, ""I'm doing well, thanks! How about you?"" This keeps the conversation going and shows you care.","Wow, thank you for the tip! I'm really glad to hear you're doing well—how's your day been so far?",joy,0.5650143027305603
surprise,How are you doing today?,surprise,0.5960703492164612,Guide,concise and emotionally attuned,"It sounds like your partner cares and wants to connect. You could respond honestly about your day, then ask them about theirs to keep the conversation flowing and show you value their feelings too.","Wow, I hadn't thought about it that way! Thanks for the insight; I really want to make sure we're both sharing.",surprise,0.9743107557296753
surprise,Hello! How may I support you today?,surprise,0.5602465867996216,Guide,concise and emotionally attuned,"It's wonderful that your partner is reaching out! You might reply with a specific need or an area where you'd appreciate support, like saying, “I’d love your help with organizing our plans for the weekend!” This invites them in and shows you value their help.","Wow, that's such a thoughtful suggestion! I hadn't thought of it that way—I'll definitely incorporate that approach in my response!",surprise,0.9521567821502686
surprise,Hi How are you today?,surprise,0.568560004234314,Normalize,concise and emotionally attuned,"It’s totally normal to feel a mix of emotions when someone asks that, especially if things have been tough. Many people share that uncertainty, and it’s okay to feel that way.","Wow, I never really thought about it like that! It’s comforting to know that others feel similarly, but it still surprises me how complex our emotions can be.",surprise,0.9773219227790833
surprise,Hi..how are you doing today,surprise,0.7159333229064941,Normalize,concise and emotionally attuned,"It’s completely normal to have ups and downs in our days; it can be tough sometimes. I'm here for you, and it’s okay to share how you’re feeling.","Wow, thank you for saying that! It really means a lot to know I can share my feelings with you.",surprise,0.878237247467041
surprise,"Hi, how are you doing?",surprise,0.5704803466796875,Normalize,concise and emotionally attuned,It's completely normal to feel a mix of emotions when someone asks how we're doing; many people find themselves reflecting on their feelings in those moments. You're not alone in navigating these complex emotions.,"Wow, I hadn't thought about it that way! It’s comforting to know I'm not the only one who feels that way when asked.",surprise,0.9621588587760925
surprise,Hello! How may I support you today?,surprise,0.5602465867996216,Normalize,concise and emotionally attuned,"It's common to feel unsure about how to connect or support someone, and many people share that feeling. Just reaching out is a great first step; it shows you care.","Wow, I didn’t expect such a thoughtful response! It’s reassuring to know that reaching out can make a difference.",surprise,0.9463271498680115
surprise,Hello! How may I support you today?,surprise,0.5602465867996216,Normalize,concise and emotionally attuned,"It's common to feel uncertain about how to connect when someone asks for support; many share this experience. Your openness shows a genuine desire to help, which is truly valuable.","Wow, I really appreciate that perspective! It’s reassuring to know that others feel the same way about offering support.",joy,0.6242611408233643
surprise,"Hi, how are you doing?",surprise,0.5704803466796875,baseline,concise and emotionally attuned,"Hi! I’m doing well, thanks for asking. How about you?","I'm glad to hear that! I'm doing well too, just a bit surprised at how fast time is flying by lately.",surprise,0.9171285629272461
surprise,"Hi, how are you doing?",surprise,0.5704803466796875,baseline,concise and emotionally attuned,"Hi! I’m doing well, thanks for asking. How about you?","I’m glad to hear that! I’m doing well too, just a bit surprised at how quickly the week is flying by!",surprise,0.8649479746818542
surprise,Hello! How may I support you today?,surprise,0.5602465867996216,baseline,concise and emotionally attuned,Hello! Thank you for reaching out. Just knowing you're here means a lot to me. How are you today?,"I'm really glad to hear that! I'm doing well, thank you for asking—just here to help!",joy,0.977597177028656
surprise,Hi How are you today?,surprise,0.568560004234314,baseline,concise and emotionally attuned,"Hi! I'm doing well, thank you for asking. How about you?","I'm really surprised to hear you're doing well! I’m feeling pretty good too, thanks!",surprise,0.9773705005645752
surprise,Hi..how are you today,surprise,0.7097949385643005,baseline,concise and emotionally attuned,"Hi! I'm doing well, thanks for asking. How about you?","I'm glad to hear that! I'm doing well too, just surprised by how quickly the week has gone by!",surprise,0.9076216816902161
