intended_emotion,seed_text,seed_emotion_detected,seed_confidence,strategy,style_modifier,strategy_reply,followup_reply,followup_emotion,followup_confidence
anger,I am furious right now about how unfair this all feels.,anger,0.9855495095252991,Validate,concise and emotionally attuned,I can hear how intense your feelings of fury and unfairness are right now; it’s completely understandable to feel that way. It’s really tough when situations feel so unjust.,"Yeah, it’s infuriating to feel like I’m getting the short end of the stick while others just coast through. This shouldn't be happening!",anger,0.8692088723182678
anger,Everything went wrong today and I am boiling with anger.,anger,0.9893659353256226,Validate,concise and emotionally attuned,"It sounds like you're feeling incredibly frustrated and overwhelmed right now, and that’s completely understandable. It’s tough when everything seems to go off track.","You're damn right! It's like I can't catch a break, and it feels like the universe is just against me today.",anger,0.5770240426063538
anger,Everything went wrong today and I am boiling with anger.,anger,0.9893659353256226,Validate,concise and emotionally attuned,It sounds incredibly frustrating to feel like everything has gone wrong and to be dealing with that intense anger. It's completely understandable to feel that way.,"Absolutely, it's like nothing could go right no matter how hard I tried. I just can't shake off this anger; it feels so unjust!",anger,0.8699389100074768
anger,Everything went wrong today and I am boiling with anger.,anger,0.9893659353256226,Validate,concise and emotionally attuned,"It sounds incredibly frustrating to feel like everything is against you right now, and it's completely okay to feel that intense anger. You're dealing with a lot, and it makes sense to feel overwhelmed.",You're damn right it’s frustrating! I just can't believe how everything fell apart today; it feels like it’s all too much to handle.,sadness,0.3833247721195221
anger,I am furious right now about how unfair this all feels.,anger,0.9855495095252991,Validate,concise and emotionally attuned,"It’s completely understandable to feel so furious and frustrated; it’s really tough when things seem so unfair. Your feelings are valid, and it's okay to express that anger.","I appreciate that you get it, but it doesn't change the fact that this situation is infuriating. I just can't shake the feeling of injustice here.",anger,0.9570512771606445
anger,I am furious right now about how unfair this all feels.,anger,0.9855495095252991,Explore,concise and emotionally attuned,I can feel how deep your frustration runs. What specific moments or actions are making you feel this way right now?,It's the constant disregard for my efforts and the feeling that my hard work is being overlooked. It’s infuriating to see others get recognition while I’m left in the shadows.,anger,0.9465497732162476
anger,I am furious right now about how unfair this all feels.,anger,0.9855495095252991,Explore,concise and emotionally attuned,It sounds like you’re really feeling the weight of this situation. What specific aspects are making you feel this way?,"I'm angry because it's like no one is even trying to understand where I’m coming from, and it’s exhausting to have to keep explaining myself.",anger,0.9832693338394165
anger,Everything went wrong today and I am boiling with anger.,anger,0.9893659353256226,Explore,concise and emotionally attuned,It sounds like today has been really overwhelming for you. Can you share what specific moments or events triggered that anger?,"It's just one thing after another—first my project got derailed, then my co-worker didn't pull their weight, and to top it off, I got stuck in traffic. It’s infuriating!",anger,0.8409661650657654
anger,I am furious right now about how unfair this all feels.,anger,0.9855495095252991,Explore,concise and emotionally attuned,It sounds like you’re really feeling the weight of this unfairness; what specifically is making you feel so angry right now? Can you share more about what led up to this moment?,"I can't believe I'm even having to deal with this! It feels like everything is piling up, and no one is taking responsibility for their actions.",surprise,0.5872765779495239
anger,I am furious right now about how unfair this all feels.,anger,0.9855495095252991,Explore,concise and emotionally attuned,It sounds like you’re really feeling the weight of this situation; what specifically feels unfair to you right now? How is that anger impacting you in this moment?,"It's unfair because I feel like my efforts are completely overlooked while others get credit; it’s infuriating that my hard work seems to mean nothing. This anger is eating at me, making it hard to focus on anything else.",anger,0.9733283519744873
anger,I am furious right now about how unfair this all feels.,anger,0.9855495095252991,Reframe,concise and emotionally attuned,It sounds like you're feeling deeply hurt and overwhelmed by the unfairness—what if this intensity is also a sign of your passion for what truly matters to you? It’s okay to feel this way; it shows how much you care.,"I get that it's a sign of passion, but it doesn't change the fact that I'm still furious about the ridiculousness of the situation! Caring shouldn't mean being treated like this.",anger,0.9880564212799072
anger,I am furious right now about how unfair this all feels.,anger,0.9855495095252991,Reframe,concise and emotionally attuned,"It’s completely valid to feel that way; sometimes, these feelings of unfairness can reveal what truly matters to us and help us ignite change. Your emotions show your passion and commitment to what you value.","I get that, but it doesn’t change the fact that this situation is infuriating! I shouldn't have to go through this to figure out what truly matters to me.",anger,0.9535818696022034
anger,I am furious right now about how unfair this all feels.,anger,0.9855495095252991,Reframe,concise and emotionally attuned,"It’s completely understandable to feel that way; sometimes, our emotions can highlight how much we care about what’s happening. This intensity might be a sign that you’re ready for change, and that’s a powerful place to be.","I appreciate you trying to put a positive spin on this, but it doesn't change the fact that I'm still angry and frustrated with the situation. Acknowledging my feelings doesn’t make it any less infuriating.",anger,0.9861294627189636
anger,I am furious right now about how unfair this all feels.,anger,0.9855495095252991,Reframe,concise and emotionally attuned,"It sounds like you're feeling deeply hurt and frustrated; those feelings are valid, and perhaps this is a chance to explore what you both need to feel heard in this situation. It’s tough when things feel unfair, but it might also open the door to a more honest conversation between you.","I appreciate your perspective, but honestly, it still feels like my feelings are being minimized. I just want acknowledgment of the unfairness without jumping to solutions.",sadness,0.33987873792648315
anger,I am furious right now about how unfair this all feels.,anger,0.9855495095252991,Reframe,concise and emotionally attuned,"It sounds like you're feeling really overwhelmed by the unfairness, and that's completely valid; perhaps this moment of frustration can also be a catalyst for finding the change you hope for. It’s okay to express those feelings; they can lead to deeper understanding together.","I appreciate your perspective, but it doesn't change the fact that this situation is infuriating and deeply unjust. I get that feelings can lead to understanding, but right now, I just want to scream about how wrong this all is.",anger,0.9729440808296204
anger,I am furious right now about how unfair this all feels.,anger,0.9855495095252991,Affirm,concise and emotionally attuned,"It’s completely understandable to feel furious when things seem unfair; your ability to express your emotions shows a strong sense of self-awareness. You're handling a tough situation, and recognizing your feelings is a powerful step.","I get that, but knowing it’s understandable doesn’t change how infuriating this is. It feels like my feelings are just being brushed aside.",anger,0.9500903487205505
anger,I am furious right now about how unfair this all feels.,anger,0.9855495095252991,Affirm,concise and emotionally attuned,It’s completely valid to feel furious when things seem unfair; your emotions show how deeply you care about what’s happening. It's a testament to your strength that you're able to express those feelings.,It doesn’t change the fact that I’m still left feeling powerless and frustrated. Caring shouldn’t come with this level of anger and helplessness!,anger,0.8210160136222839
anger,Everything went wrong today and I am boiling with anger.,anger,0.9893659353256226,Affirm,concise and emotionally attuned,"It sounds like today was incredibly challenging for you, and it’s okay to feel that anger. Acknowledging your emotions shows your strength and self-awareness, which are truly admirable qualities.","I appreciate that, but it doesn't change the fact that everything feels completely out of control right now. I’m just so frustrated!",anger,0.9507381319999695
anger,I am furious right now about how unfair this all feels.,anger,0.9855495095252991,Affirm,concise and emotionally attuned,It's completely valid to feel furious; your emotions show how deeply you care about fairness and justice. Acknowledging these feelings is a strong step toward understanding and addressing what's bothering you.,Acknowledging my feelings doesn't change the fact that the situation is infuriating! It’s just ridiculous how often fairness gets tossed aside.,anger,0.9414783716201782
anger,Everything went wrong today and I am boiling with anger.,anger,0.9893659353256226,Affirm,concise and emotionally attuned,"It's completely understandable to feel that way after a tough day; your ability to express your emotions shows strength and self-awareness. Remember, acknowledging your feelings is a courageous step toward finding peace.","I get that, but it doesn’t change the fact that today was infuriating! Acknowledging my feelings doesn't erase the chaos I had to deal with.",anger,0.9699451923370361
anger,I am furious right now about how unfair this all feels.,anger,0.9855495095252991,Guide,concise and emotionally attuned,"It's completely understandable to feel that way; it might help to express your feelings calmly to your partner. Consider taking a few deep breaths, then share specific examples of what feels unfair to you, aiming for a constructive conversation.","I get that, but it’s hard to just breathe when I feel so wronged. How am I supposed to calmly talk when what I’m facing is so blatant and unjust?",anger,0.9715364575386047
anger,I am furious right now about how unfair this all feels.,anger,0.9855495095252991,Guide,concise and emotionally attuned,I can see how deeply frustrating this situation must be for you. Take a moment to breathe and then try to express your feelings to your partner calmly; they may not fully understand your perspective yet.,"I appreciate your advice, but it’s hard to stay calm when I feel so overlooked. I’ll try to find a way to voice my frustration, but I’m still angry about it all.",anger,0.6092873811721802
anger,Everything went wrong today and I am boiling with anger.,anger,0.9893659353256226,Guide,concise and emotionally attuned,"I’m really sorry to hear that—it sounds incredibly frustrating. Take a moment to breathe deeply, then try jotting down what specifically upset you; it can help clarify your feelings and give you a sense of control.",Breathing isn't going to fix the mess I dealt with today. I just want to scream about how everything seems to collapse at once!,anger,0.8362424373626709
anger,I am furious right now about how unfair this all feels.,anger,0.9855495095252991,Guide,concise and emotionally attuned,"It sounds incredibly frustrating to feel that way; it’s essential to express those feelings. How about taking a few deep breaths together, then discussing what specifically feels unfair? This can help both of you navigate the emotions and find a way forward.","Taking deep breaths won’t make this infuriating situation any less unfair! I need to vent, not just calm down—let’s talk about what’s driving me crazy.",anger,0.9789193868637085
anger,I am furious right now about how unfair this all feels.,anger,0.9855495095252991,Guide,concise and emotionally attuned,"I hear your frustration; it’s completely valid to feel that way. Take a moment to breathe, then consider sharing specific examples of what feels unfair—this can help you both understand each other better.","I appreciate you acknowledging my frustration, but it's hard to calm down when the injustices keep piling up. I want to lay out those examples, but honestly, it's infuriating just thinking about them.",anger,0.9842047095298767
anger,I am furious right now about how unfair this all feels.,anger,0.9855495095252991,Normalize,concise and emotionally attuned,"It’s completely valid to feel furious and frustrated; many people experience those emotions when facing unfair situations. You’re not alone in this, and it’s okay to express how you feel.","I appreciate that, but it's infuriating to feel like my anger is just brushed aside. I deserve to be heard and understood in this mess!",anger,0.9878777265548706
anger,I am furious right now about how unfair this all feels.,anger,0.9855495095252991,Normalize,concise and emotionally attuned,"It’s completely understandable to feel furious; many people feel that way in situations like this. You're not alone in experiencing this frustration, and your feelings are valid.","That doesn’t really change the fact that I’m still stuck in this mess, though. Acknowledgment doesn’t fix the unfairness I’m facing!",anger,0.4064733684062958
anger,Everything went wrong today and I am boiling with anger.,anger,0.9893659353256226,Normalize,concise and emotionally attuned,"It’s really tough when everything seems to fall apart like that; many people have moments where their emotions feel overwhelming, just like yours right now. You're not alone in feeling this way.","I get that people have tough days, but right now, I just want to scream about how everything's spiraled out of control. It's infuriating!",anger,0.9149669408798218
anger,I am furious right now about how unfair this all feels.,anger,0.9855495095252991,Normalize,concise and emotionally attuned,"It's completely understandable to feel furious about unfair situations; many people share that frustration when things don't seem right. You're not alone in this, and your feelings are valid.","I appreciate that acknowledgment, but it doesn’t change the fact that this situation is absolutely infuriating. It’s like no one cares about the real consequences of their actions.",anger,0.9160776138305664
anger,Everything went wrong today and I am boiling with anger.,anger,0.9893659353256226,Normalize,concise and emotionally attuned,It’s really tough when everything seems to go wrong; many people feel overwhelmed and angry when faced with days like that. You're not alone in this—it’s completely valid to feel the way you do right now.,"It's frustrating to hear that I'm not alone in this mess—misery loves company, sure, but it doesn't solve my issues. I'm just tired of these constant setbacks pushing me to my limit.",sadness,0.934463620185852
anger,I am furious right now about how unfair this all feels.,anger,0.9855495095252991,baseline,concise and emotionally attuned,I completely understand why you feel that way. It’s frustrating to face such unfairness. I’m here for you.,"Thanks for saying that, but it’s hard to shake this anger when nothing seems to change. I just want to see some real accountability.",anger,0.5355702042579651
anger,Everything went wrong today and I am boiling with anger.,anger,0.9893659353256226,baseline,concise and emotionally attuned,I’m really sorry to hear that today has been so tough. It’s completely understandable to feel angry when things don’t go as planned. I’m here for you.,"Thank you for acknowledging it, but that doesn’t change how infuriating today has been. I just want to vent, not be consoled right now.",anger,0.9707504510879517
anger,I am furious right now about how unfair this all feels.,anger,0.9855495095252991,baseline,concise and emotionally attuned,I’m really sorry to hear that you’re feeling this way. It’s completely understandable to feel furious when things seem unfair. I'm here for you.,"I appreciate you saying that, but it doesn’t change the fact that I feel like I’m being pushed aside. This is really infuriating!",anger,0.9216678738594055
anger,Everything went wrong today and I am boiling with anger.,anger,0.9893659353256226,baseline,concise and emotionally attuned,I’m really sorry to hear that today has been so tough for you. It’s completely understandable to feel upset when everything feels like it's going wrong. I’m here for you if you want to talk more about it.,"I appreciate your support, but talking about it just makes me more frustrated. I really just need to vent and not feel like I have to explain myself right now.",anger,0.9447752237319946
anger,I am furious right now about how unfair this all feels.,anger,0.9855495095252991,baseline,concise and emotionally attuned,I completely understand why you’re feeling that way. It’s tough when things seem so unfair. I’m here for you if you want to talk more about it.,"Thanks for getting it, but right now, it feels like talking won't change how infuriating this situation is. I just need to vent and let this anger out first.",anger,0.9622888565063477
disgust,That whole situation left a bad taste in my mouth.,disgust,0.9719199538230896,Validate,concise and emotionally attuned,"It sounds like that situation really affected you, and it’s understandable to feel upset about it. Your feelings are completely valid.","Absolutely, it's just hard to shake off that feeling of betrayal. It’s frustrating when people can be so inconsiderate.",disgust,0.45363932847976685
disgust,That whole situation left a bad taste in my mouth.,disgust,0.9719199538230896,Validate,concise and emotionally attuned,"It sounds like that situation really upset you, and it's understandable to feel that way. It’s hard when things turn out like that.","Absolutely, it’s just infuriating how people can be so careless and inconsiderate. I can’t shake off the feeling of disgust over it.",disgust,0.9663094878196716
disgust,That whole situation left a bad taste in my mouth.,disgust,0.9719199538230896,Validate,concise and emotionally attuned,"It sounds like you're really unsettled by what happened, and it's understandable to feel that way after such an experience.",Absolutely. I can't shake off the feeling; it's just so infuriating how things unfolded.,anger,0.9591797590255737
disgust,I feel grossed out and really put off by what happened.,disgust,0.9594080448150635,Validate,concise and emotionally attuned,"It sounds like you're feeling really uncomfortable and disturbed by what occurred, and that makes sense given the situation. It's okay to feel that way.","Yeah, it’s just hard to shake off that feeling. I can’t believe such a thing actually happened.",surprise,0.9130576848983765
disgust,That whole situation left a bad taste in my mouth.,disgust,0.9719199538230896,Validate,concise and emotionally attuned,It sounds like that experience really unsettled you and left you feeling uncomfortable. It's completely understandable to have those feelings.,"Absolutely, it was not just unsettling; it was infuriating to deal with such blatant disregard. It’s frustrating how some people just don’t care.",disgust,0.6863282322883606
disgust,I feel grossed out and really put off by what happened.,disgust,0.9594080448150635,Explore,concise and emotionally attuned,It sounds like this situation has affected you deeply; what specific part of it is making you feel this way? Can you share more about why it feels so overwhelming?,"Honestly, the sheer disregard people had for basic decency in that situation just made me feel sick. It’s infuriating to think they could treat others that way.",disgust,0.5699868202209473
disgust,That whole situation left a bad taste in my mouth.,disgust,0.9719199538230896,Explore,concise and emotionally attuned,It sounds like that experience really affected you. What specific part of the situation feels most unsettling for you?,It's just the sheer lack of respect and transparency that gets under my skin. How can anyone operate like that without considering the impact on others?,disgust,0.4121241271495819
disgust,That whole situation left a bad taste in my mouth.,disgust,0.9719199538230896,Explore,concise and emotionally attuned,It sounds like that situation really affected you both. What specifically about it felt off for you?,Everything about it just reeked of insincerity. I couldn't shake the feeling that there was a lot of manipulation happening behind the scenes.,disgust,0.8619422316551208
disgust,That whole situation left a bad taste in my mouth.,disgust,0.9719199538230896,Explore,concise and emotionally attuned,I can sense how frustrating that must feel for you. What specifically about the situation is bothering you the most?,"Honestly, it's just the complete lack of accountability from everyone involved. It’s infuriating to see that kind of disregard for consequences.",anger,0.7577379941940308
disgust,That whole situation left a bad taste in my mouth.,disgust,0.9719199538230896,Explore,concise and emotionally attuned,That sounds really disheartening. What specifically about the situation made you feel that way?,It was just the sheer disregard for basic decency that really struck me. It’s infuriating when people behave so thoughtlessly.,anger,0.8227514624595642
disgust,That whole situation left a bad taste in my mouth.,disgust,0.9719199538230896,Reframe,concise and emotionally attuned,"It sounds like that experience really impacted you deeply, which shows how much you care about what happens around you. Perhaps this discomfort can lead to important insights about what you truly value in your relationships.","Honestly, I don't need a lesson on insights right now. The whole thing was just unacceptable, and I’m still grappling with how wrong it felt.",anger,0.5856479406356812
disgust,That whole situation left a bad taste in my mouth.,disgust,0.9719199538230896,Reframe,concise and emotionally attuned,"It sounds like that experience was really upsetting for you, but maybe it's also an opportunity to clarify your feelings and priorities moving forward. What if this is a chance to define what truly matters to you?","I appreciate the silver lining you're trying to find, but honestly, the disgust I feel about how it all unfolded overshadows any supposed opportunity for growth. Sometimes, things just suck, and that's okay to acknowledge.",disgust,0.9747930765151978
disgust,That whole situation left a bad taste in my mouth.,disgust,0.9719199538230896,Reframe,concise and emotionally attuned,"It sounds like you're feeling really unsettled by what happened, and it's okay to acknowledge that discomfort; perhaps it’s also an opportunity to clarify your feelings and set new boundaries for the future.","Absolutely, it's frustrating to think I might have to redefine my boundaries because of someone else's actions. It's just infuriating how these things can happen.",anger,0.8329981565475464
disgust,That whole situation left a bad taste in my mouth.,disgust,0.9719199538230896,Reframe,concise and emotionally attuned,It’s completely understandable to feel unsettled; sometimes those tough experiences can also spark growth and new insights that we might not see right away. Maybe this could be an opportunity to reflect on what you truly value moving forward.,"I appreciate the silver lining, but I can’t shake off the disgust from how messy it all was. Reflection is fine, but it doesn’t erase the discomfort of the experience itself.",disgust,0.9819632768630981
disgust,That whole situation left a bad taste in my mouth.,disgust,0.9719199538230896,Reframe,concise and emotionally attuned,"It sounds like that experience felt really unsettling for you, and it’s understandable to feel that way. Sometimes, these moments can teach us more about what we value and how we want to navigate our relationships moving forward.","It was definitely unsettling, and the lesson learned doesn’t make it any less gross. I just can’t shake off that feeling of betrayal.",disgust,0.5663952827453613
disgust,I feel grossed out and really put off by what happened.,disgust,0.9594080448150635,Affirm,concise and emotionally attuned,"It’s completely valid to feel that way, and it shows your sensitivity to the situation. Acknowledging those feelings can be a strong step toward processing what happened together.","Sure, but it doesn’t really change how revolting the whole thing felt. I just can’t shake off that disgust.",disgust,0.9823215007781982
disgust,That whole situation left a bad taste in my mouth.,disgust,0.9719199538230896,Affirm,concise and emotionally attuned,"It’s completely understandable to feel that way; your ability to recognize and articulate your feelings shows great self-awareness and strength. You're navigating a tough situation, and that takes courage.","Thanks, but honestly, it doesn’t change how disgusting the whole thing was. Self-awareness doesn’t make dealing with the mess any easier.",disgust,0.9858479499816895
disgust,That whole situation left a bad taste in my mouth.,disgust,0.9719199538230896,Affirm,concise and emotionally attuned,I can understand how frustrating that must feel; it's a sign of your awareness and sensitivity that you're reflecting on it so deeply. Your ability to acknowledge your feelings shows real strength and resilience.,"Thanks, but honestly, I just can't shake off how gross that whole thing was. Awareness doesn't change the fact that it was a really unpleasant experience.",disgust,0.9529753923416138
disgust,I feel grossed out and really put off by what happened.,disgust,0.9594080448150635,Affirm,concise and emotionally attuned,"It’s completely understandable to feel that way, and it's great that you’re expressing your emotions openly. Your honesty shows strength and a willingness to communicate, which is so important in tough situations.","I appreciate that perspective, but it doesn’t change the fact that I’m still disgusted by the whole thing. It’s hard to shake off those feelings right now.",disgust,0.9875679016113281
disgust,That whole situation left a bad taste in my mouth.,disgust,0.9719199538230896,Affirm,concise and emotionally attuned,"It's completely understandable to feel that way; recognizing your feelings shows your depth of understanding and emotional awareness. You're processing this thoughtfully, and that strength will help you navigate through it.","I appreciate that, but honestly, I'm still just really grossed out by how everything went down. It shouldn't have had to be like this at all.",disgust,0.8691112399101257
disgust,That whole situation left a bad taste in my mouth.,disgust,0.9719199538230896,Guide,concise and emotionally attuned,I hear how frustrating that situation was for you; it’s important to process those feelings. Consider having an open conversation with your partner about how it affected both of you—expressing your feelings can help clear the air and find solutions together.,"I appreciate your insight, but honestly, it’s hard to see how talking fixes the mess they created. I just feel sick thinking about it all.",disgust,0.38960468769073486
disgust,I feel grossed out and really put off by what happened.,disgust,0.9594080448150635,Guide,concise and emotionally attuned,"It’s okay to feel that way; it’s important to acknowledge those feelings. Try sharing your thoughts with your partner to find understanding together, and set aside some time to discuss how you both can move forward positively.","I appreciate the suggestion, but it's hard to shake off this gross feeling. I just can't see how talking about it could make it any better right now.",disgust,0.9837565422058105
disgust,I feel grossed out and really put off by what happened.,disgust,0.9594080448150635,Guide,concise and emotionally attuned,It's completely understandable to feel that way; how about you both take a moment to express your feelings openly? Sharing your thoughts honestly can lead to clarity and help you both navigate this together.,"I get that sharing feelings is important, but honestly, I just feel even more grossed out thinking about it. It’s hard to want to open up when I’m still stuck on how disgusting everything is.",disgust,0.985027551651001
disgust,I feel grossed out and really put off by what happened.,disgust,0.9594080448150635,Guide,concise and emotionally attuned,It's completely understandable to feel that way; acknowledging those feelings is important. Try to find a quiet moment together to talk about what happened and share your thoughts honestly—you both deserve clarity and support.,"I appreciate that, but honestly, it still just feels disgusting to think about. How could someone be so thoughtless?",disgust,0.9900952577590942
disgust,I feel grossed out and really put off by what happened.,disgust,0.9594080448150635,Guide,concise and emotionally attuned,It's completely understandable to feel that way; try to take a few deep breaths and discuss your feelings with your partner when you're both ready. Sharing your thoughts can really help you both process what happened and find a way to move forward together.,"I appreciate the suggestion, but honestly, it's hard to shake off this feeling. It's just so unsettling to think about how everything unfolded.",fear,0.9392616748809814
disgust,I feel grossed out and really put off by what happened.,disgust,0.9594080448150635,Normalize,concise and emotionally attuned,"It’s completely understandable to feel grossed out and put off; many people experience those feelings in similar situations and it can be really overwhelming. You’re not alone in this, and it’s okay to feel what you’re feeling.","Thank you for saying that, but honestly, it doesn't make the feeling any less revolting. It’s just hard to shake off something that so deeply unsettles me.",fear,0.6431333422660828
disgust,I feel grossed out and really put off by what happened.,disgust,0.9594080448150635,Normalize,concise and emotionally attuned,"It's completely understandable to feel grossed out and put off; many people would feel the same way in this situation. You're not alone in this, and your feelings are valid.","Thank you for understanding, but honestly, it doesn’t make it any less disgusting. Just thinking about it makes my skin crawl.",disgust,0.9869465231895447
disgust,I feel grossed out and really put off by what happened.,disgust,0.9594080448150635,Normalize,concise and emotionally attuned,It's completely understandable to feel grossed out and put off; many people have faced similar feelings in tough situations. You're not alone in this—processing those emotions can be really hard.,"Thanks for understanding, but it still makes my stomach turn just thinking about it. I wish I could just forget it happened.",sadness,0.3443809151649475
disgust,I feel grossed out and really put off by what happened.,disgust,0.9594080448150635,Normalize,concise and emotionally attuned,It’s completely understandable to feel grossed out and put off; many people experience those intense feelings in similar situations. You're not alone in this—it's okay to feel what you're feeling.,"Thanks for understanding, but it still doesn’t make it any easier. I just can’t shake off that feeling of disgust.",disgust,0.9772419929504395
disgust,I feel grossed out and really put off by what happened.,disgust,0.9594080448150635,Normalize,concise and emotionally attuned,It’s completely understandable to feel grossed out and put off; many people experience those strong emotions when similar situations arise. You’re not alone in feeling this way.,"Thanks for understanding, but it doesn’t change the fact that I still feel completely unsettled by the whole thing. It's just so repulsive.",fear,0.8823952674865723
disgust,I feel grossed out and really put off by what happened.,disgust,0.9594080448150635,baseline,concise and emotionally attuned,I’m really sorry to hear that you're feeling this way. It’s completely understandable to feel grossed out by it. I’m here for you if you want to talk more about it.,"Thanks, but honestly, I just want to move on from it. It’s hard to shake off how repulsive it was.",disgust,0.9183228015899658
disgust,I feel grossed out and really put off by what happened.,disgust,0.9594080448150635,baseline,concise and emotionally attuned,I’m really sorry to hear that you're feeling that way. It’s completely understandable to feel grossed out after what happened. I’m here for you.,"Thanks for understanding, but it doesn't really change how I feel. It's just frustrating to deal with something so unpleasant.",sadness,0.8455215692520142
disgust,I feel grossed out and really put off by what happened.,disgust,0.9594080448150635,baseline,concise and emotionally attuned,"I hear you, and it’s completely understandable to feel that way. It sounds really tough, and I'm here for you.","I appreciate that, but honestly, it’s still hard to shake off just how disgusting that experience was. I really didn’t expect to feel this way.",disgust,0.9903510212898254
disgust,I feel grossed out and really put off by what happened.,disgust,0.9594080448150635,baseline,concise and emotionally attuned,I’m really sorry to hear that. It’s completely understandable to feel that way after what happened. I'm here for you.,"Thanks for saying that, but honestly, it's hard to shake off this feeling of disgust. I just can't believe something like that occurred.",disgust,0.9700005054473877
disgust,That whole situation left a bad taste in my mouth.,disgust,0.9719199538230896,baseline,concise and emotionally attuned,I completely understand how you feel. It’s tough when experiences like that linger. I'm here for you.,"Thanks for understanding, but I still can’t shake off how gross it was. It’s infuriating that some people just don’t get it.",disgust,0.7357630729675293
fear,I'm scared about what might happen next.,fear,0.9924008846282959,Validate,concise and emotionally attuned,It’s completely understandable to feel scared about the uncertainty ahead; that feeling is real and valid. You're not alone in facing that fear.,Thank you for acknowledging my fear; it helps to know I’m not alone in this. I just can’t shake the feeling that something really unsettling is on the horizon.,fear,0.9883942604064941
fear,I'm scared about what might happen next.,fear,0.9924008846282959,Validate,concise and emotionally attuned,It’s completely understandable to feel scared about the unknown. That uncertainty can be really overwhelming.,"Yes, it truly is overwhelming. The thought of facing what’s next fills me with dread.",fear,0.9789121150970459
fear,I'm scared about what might happen next.,fear,0.9924008846282959,Validate,concise and emotionally attuned,It’s completely understandable to feel scared about the uncertainty of the future; that fear can be overwhelming. You're not alone in feeling this way.,Thank you for saying that. It’s just hard to shake this feeling of dread about what could come next.,fear,0.9762821793556213
fear,I'm scared about what might happen next.,fear,0.9924008846282959,Validate,concise and emotionally attuned,It's completely understandable to feel scared about the unknown; that uncertainty can be really overwhelming. It's okay to acknowledge those feelings.,"I appreciate that recognition, but it doesn’t make the fear any easier to bear. The uncertainty is like a shadow looming over everything.",fear,0.8978224992752075
fear,I'm scared about what might happen next.,fear,0.9924008846282959,Validate,concise and emotionally attuned,"It sounds like you're feeling really scared about the uncertainty ahead, and that's totally understandable. It's tough to face the unknown.","Yes, it really is tough. The thought of not knowing what comes next just keeps replaying in my mind, and it makes everything feel heavier.",disgust,0.4936215877532959
fear,I'm scared about what might happen next.,fear,0.9924008846282959,Explore,concise and emotionally attuned,It sounds like you’re feeling really anxious right now; what specifically is making you feel scared about the future? Can you share a bit more about what's on your mind?,I'm afraid that everything I’ve worked for could fall apart; it feels like I’m on the edge of something I can’t control. What if I’m not ready for what comes next?,fear,0.9848700761795044
fear,I feel anxious and fearful that this will get worse.,fear,0.9918658137321472,Explore,concise and emotionally attuned,It sounds like both of you are feeling a lot of anxiety right now. What specific thoughts or situations are contributing to that feeling for you both?,"I'm worried about the uncertainty of the future and how we’ll handle the challenges ahead. It feels overwhelming, and I'm scared it might spiral out of control.",fear,0.9239905476570129
fear,I feel anxious and fearful that this will get worse.,fear,0.9918658137321472,Explore,concise and emotionally attuned,It sounds like both you and your partner are really feeling the weight of this situation. What specific thoughts or images come to mind when you think about it getting worse?,"I keep envisioning things spiraling out of control, like communication breaks down completely or situations getting more intense. It’s overwhelming to think about not knowing how to fix it.",surprise,0.44381436705589294
fear,I feel anxious and fearful that this will get worse.,fear,0.9918658137321472,Explore,concise and emotionally attuned,It sounds like both of you are feeling quite overwhelmed—what specific thoughts or situations are contributing to your anxiety? What impact does sharing these feelings with each other have for you?,"I’m really worried that we’re stuck in a cycle of stress that just keeps escalating. Talking about it helps a little, but I still feel this heavy weight of uncertainty hanging over us.",fear,0.9760713577270508
fear,I feel anxious and fearful that this will get worse.,fear,0.9918658137321472,Explore,concise and emotionally attuned,It sounds like both of you are feeling a lot of anxiety about what’s ahead. What specific thoughts or situations are fueling that fear for you both right now?,"I keep worrying about losing control of the situation and what that might mean for us. It feels like we’re on the edge of something chaotic, and I’m scared of what could happen next.",fear,0.9758154153823853
fear,I feel anxious and fearful that this will get worse.,fear,0.9918658137321472,Reframe,concise and emotionally attuned,"It's understandable to feel anxious, especially when the future feels uncertain; perhaps this sign of vulnerability could be a chance for deeper connection and support between you both.","I appreciate your perspective, but it’s hard to feel connected when I’m so overwhelmed by fear. I just worry that things might spiral out of control.",fear,0.8832230567932129
fear,I'm scared about what might happen next.,fear,0.9924008846282959,Reframe,concise and emotionally attuned,"It’s completely natural to feel scared about the unknown—it’s a sign that you truly care about your future. Perhaps this fear could also be seen as an opportunity to explore new possibilities together, rather than just what could go wrong.","I understand that perspective, but it still feels overwhelming. What if the possibilities I face are worse than I imagine?",disgust,0.6188148856163025
fear,I feel anxious and fearful that this will get worse.,fear,0.9918658137321472,Reframe,concise and emotionally attuned,"It’s completely understandable to feel anxious, especially when facing uncertainty; perhaps this shared fear can also remind you both that you’re not alone in this and can support each other through it.","I appreciate that reminder, but the weight of this fear is still heavy on me. I can’t shake the feeling that things could spiral out of control.",fear,0.9874646663665771
fear,I feel anxious and fearful that this will get worse.,fear,0.9918658137321472,Reframe,concise and emotionally attuned,"It's completely natural to feel anxious about the future, but maybe this fear also shows how deeply you care about the outcome—it highlights your strength and awareness. Embracing that concern could be a sign of your resilience and desire to navigate challenges together.","I appreciate your perspective, but it’s hard not to feel overwhelmed sometimes. Finding strength in this fear feels distant when the uncertainty looms so large.",fear,0.6402684450149536
fear,I'm scared about what might happen next.,fear,0.9924008846282959,Reframe,concise and emotionally attuned,"It’s completely normal to feel scared about the unknown; maybe this fear is also a sign of how much you care about what’s coming next, showing that you’re invested in the future. Embracing that uncertainty could open up space for new possibilities.","I understand that it's normal to feel this way, but the weight of it still feels heavy. What if those possibilities lead to something worse?",disgust,0.8656389117240906
fear,I'm scared about what might happen next.,fear,0.9924008846282959,Affirm,concise and emotionally attuned,"It's completely understandable to feel scared right now; your awareness of your feelings shows great emotional strength. You're navigating a tough situation with courage, and that’s truly admirable.","Thank you for your kind words, but the fear still lingers. I just can't shake the feeling of uncertainty that weighs on me.",fear,0.9890463948249817
fear,I'm scared about what might happen next.,fear,0.9924008846282959,Affirm,concise and emotionally attuned,"It's completely understandable to feel scared about the future, and it's brave of you to share those feelings. Your openness shows strength, and navigating through this uncertainty together can make it a little easier.","I appreciate your kind words, but the fear still lingers—it's hard to shake off the feeling of not knowing what’s next. It feels overwhelming at times, and I just wish I could find some clarity.",fear,0.9358231425285339
fear,I'm scared about what might happen next.,fear,0.9924008846282959,Affirm,concise and emotionally attuned,"It's completely understandable to feel scared right now; your courage in sharing those feelings shows strength and self-awareness. You're not alone in this, and your ability to express your fears is truly a positive trait that can guide you through tough times.",Thank you for acknowledging my fear; it’s hard to shake off this feeling. I just keep worrying that the worst is still to come.,fear,0.9525315165519714
fear,I'm scared about what might happen next.,fear,0.9924008846282959,Affirm,concise and emotionally attuned,It's completely understandable to feel scared about the unknown; your ability to express your feelings shows tremendous courage and self-awareness. Acknowledging your fear is a strong first step towards finding clarity and strength.,Thank you for understanding. I just can’t shake the feeling that something overwhelming is lurking ahead.,fear,0.7932023406028748
fear,I feel anxious and fearful that this will get worse.,fear,0.9918658137321472,Affirm,concise and emotionally attuned,"It’s completely understandable to feel anxious in this situation, and it takes a lot of courage to express those feelings. Your willingness to share this shows strength and a desire to connect, which can be incredibly supportive for both of you.",Thank you for recognizing my fear; it’s hard to shake off this feeling. I just worry that it’s going to spiral beyond what I can handle.,fear,0.977371335029602
fear,I'm scared about what might happen next.,fear,0.9924008846282959,Guide,concise and emotionally attuned,"It's completely normal to feel scared about the unknown; try sharing your feelings with your partner to connect and support each other. Take a moment to breathe deeply together and perhaps create a small plan for what you can do next, even if it's just a comforting routine.","I appreciate that, but it feels overwhelming to think about even making a plan right now. It’s like the fear just keeps creeping in, making everything seem more daunting.",fear,0.8883404731750488
fear,I'm scared about what might happen next.,fear,0.9924008846282959,Guide,concise and emotionally attuned,"It's completely normal to feel scared about the unknown; take a moment to breathe deeply and share your feelings with your partner. Together, you can create a plan for facing whatever comes next and support each other through it.","I know it’s normal, but I can’t shake off this feeling of impending doom. What if we can’t face it together?",fear,0.9794377088546753
fear,I'm scared about what might happen next.,fear,0.9924008846282959,Guide,concise and emotionally attuned,It’s completely normal to feel scared when facing uncertainty. Try to take a few deep breaths together and talk about what specifically worries you both; sometimes expressing your fears can lessen their weight.,"I know it's normal, but that doesn’t make it feel any less overwhelming right now. What if talking about it just makes it all feel more real?",surprise,0.7264445424079895
fear,I feel anxious and fearful that this will get worse.,fear,0.9918658137321472,Guide,concise and emotionally attuned,"It’s understandable to feel this way; try to take a few deep breaths together and share what specifically worries you both. Then, consider setting aside time to discuss practical steps you can take to address your concerns and build support.","I appreciate that suggestion, but it's hard to shake this feeling of dread. What if these worries just spiral out of control?",fear,0.9768882989883423
fear,I feel anxious and fearful that this will get worse.,fear,0.9918658137321472,Guide,concise and emotionally attuned,"It's completely normal to feel anxious; try sharing your feelings with your partner to strengthen your connection. Consider setting a time each day to check in with each other about how you're both feeling, which can help ease that fear together.","I appreciate that suggestion, but I still can’t shake this feeling of dread. What if opening up only makes things worse between us?",fear,0.9844375848770142
fear,I feel anxious and fearful that this will get worse.,fear,0.9918658137321472,Normalize,concise and emotionally attuned,"It's completely understandable to feel anxious and fearful, especially when facing uncertainty; many others share those feelings too. You're not alone in this struggle, and it's okay to acknowledge how tough it feels right now.","I appreciate your understanding, but it’s hard to shake the fear that it really could spiral out of control. The uncertainty feels overwhelming sometimes.",fear,0.9395682215690613
fear,I feel anxious and fearful that this will get worse.,fear,0.9918658137321472,Normalize,concise and emotionally attuned,"It’s completely understandable to feel anxious and fearful, especially when those feelings are shared by someone close to you. Many people experience this kind of worry, and it’s okay to acknowledge those feelings together.","I appreciate you saying that, but the weight of this fear still lingers, and I can't shake the feeling that things could spiral beyond our control.",fear,0.9856967926025391
fear,I feel anxious and fearful that this will get worse.,fear,0.9918658137321472,Normalize,concise and emotionally attuned,"It's completely understandable to feel anxious and fearful in times like this; many people share those feelings. You're not alone in this experience, and it's okay to feel that way.","I appreciate that acknowledgment, but it doesn't make my fears any less intense. I'm still worried about what might happen next.",fear,0.973442792892456
fear,I'm scared about what might happen next.,fear,0.9924008846282959,Normalize,concise and emotionally attuned,"It's completely understandable to feel scared about the unknown; many people share that fear, especially during uncertain times. You're not alone in facing these feelings; it’s okay to acknowledge them.","I appreciate that, but it feels so overwhelming sometimes. The uncertainty is just gnawing at me, and I can't shake this fear.",fear,0.9745995402336121
fear,I feel anxious and fearful that this will get worse.,fear,0.9918658137321472,Normalize,concise and emotionally attuned,"It's completely understandable to feel anxious and fearful right now; many people are grappling with similar emotions during challenging times. You're not alone in this feeling, and it's okay to acknowledge it.","Thank you for understanding. I just can’t shake this feeling that things are spiraling, and it’s really unsettling.",fear,0.9539976119995117
fear,I'm scared about what might happen next.,fear,0.9924008846282959,baseline,concise and emotionally attuned,"I completely understand your fears. It's really tough to face the unknown. I'm here for you, and we can get through this together.",Thank you for being here with me; it helps a little. But the uncertainty still feels overwhelming.,fear,0.8824847340583801
fear,I feel anxious and fearful that this will get worse.,fear,0.9918658137321472,baseline,concise and emotionally attuned,I understand how overwhelming that feels. It’s completely normal to have those worries. I’m here for you.,"Thank you for understanding, but the uncertainty of what’s to come still weighs heavily on me. I really hope I can find some relief soon.",joy,0.36855146288871765
fear,I'm scared about what might happen next.,fear,0.9924008846282959,baseline,concise and emotionally attuned,"It's completely okay to feel scared about the unknown. I'm here for you, and we can face whatever comes together.",Thank you for being here. I just can't shake this feeling of dread about what lies ahead.,fear,0.9856317043304443
fear,I'm scared about what might happen next.,fear,0.9924008846282959,baseline,concise and emotionally attuned,I understand how you're feeling; it's completely okay to be scared. I'm here for you.,"Thank you for understanding; it really helps to know I'm not alone in this. I'm still feeling that knot in my stomach, though.",sadness,0.7786480188369751
fear,I feel anxious and fearful that this will get worse.,fear,0.9918658137321472,baseline,concise and emotionally attuned,"I’m really sorry to hear that you’re feeling this way. It’s completely understandable to feel anxious and fearful in uncertain times. I’m here for you, and we can talk about it whenever you need.","Thank you for being understanding. I just can't shake this feeling that things might spiral out of control, and it terrifies me.",fear,0.9829724431037903
joy,I feel genuinely happy about how things turned out.,joy,0.9945452213287354,Validate,concise and emotionally attuned,It’s wonderful to hear that you’re feeling genuinely happy about the outcome; your joy really shines through!,"Thank you so much! It means a lot to share this happiness with you, and I truly appreciate your kind words.",joy,0.9635884761810303
joy,I'm excited and joyful about this news!,joy,0.9938428401947021,Validate,concise and emotionally attuned,It's wonderful to hear that you're feeling so excited and joyful! That kind of happiness is truly contagious!,"Thank you! It feels great to share this joy, and I'm hoping it spreads a little sunshine everywhere!",joy,0.987851619720459
joy,I feel genuinely happy about how things turned out.,joy,0.9945452213287354,Validate,concise and emotionally attuned,"It's wonderful to hear that you're feeling genuinely happy about everything! Your joy really shines through, and it's great that things have turned out so positively for you.","Thank you! It really means a lot to me to share this happiness, and I hope it inspires others to find their own joy too!",joy,0.9783806204795837
joy,I feel genuinely happy about how things turned out.,joy,0.9945452213287354,Validate,concise and emotionally attuned,It’s wonderful to hear that you feel genuinely happy about how things turned out; that joy is so important! Your happiness really shines through.,Thank you! It means a lot to know my happiness resonates with you. Let's continue to spread that joy!,joy,0.9832210540771484
joy,I feel genuinely happy about how things turned out.,joy,0.9945452213287354,Validate,concise and emotionally attuned,"It’s wonderful to hear that you feel genuinely happy about how things turned out; your joy really shines through, and it’s so uplifting!",Thank you! Your kind words mean a lot to me; I love sharing this joy and hope it brightens your day too!,joy,0.9887604713439941
joy,I feel genuinely happy about how things turned out.,joy,0.9945452213287354,Explore,concise and emotionally attuned,That's wonderful to hear! What specific moments or experiences contributed to that happiness for you?,"Thank you! I think the little moments, like spending quality time with loved ones and achieving personal goals, really made a big impact on my happiness.",joy,0.9762341380119324
joy,I feel genuinely happy about how things turned out.,joy,0.9945452213287354,Explore,concise and emotionally attuned,That's wonderful to hear! What specific moments or things are contributing to that happiness for you right now?,"I'm really enjoying the little things, like spending time with loved ones and savoring new experiences. It’s those moments that truly light me up!",joy,0.9917625188827515
joy,I feel genuinely happy about how things turned out.,joy,0.9945452213287354,Explore,concise and emotionally attuned,"That's wonderful to hear! What specific moments or aspects made you feel that happiness, and how do you think those contributed to the outcome?",I was really uplifted by the support I received from friends and the small victories we celebrated along the way. Those moments made the journey feel special and meaningful!,joy,0.981098473072052
joy,I'm excited and joyful about this news!,joy,0.9938428401947021,Explore,concise and emotionally attuned,What is it about this news that brings you such excitement and joy? Can you share more about what it means to you?,"Absolutely! This news feels like a wonderful opportunity that could open up new doors for me, and the thought of fresh possibilities just fills me with joy!",joy,0.9919324517250061
joy,I'm excited and joyful about this news!,joy,0.9938428401947021,Explore,concise and emotionally attuned,"That sounds wonderful! What specifically has you feeling this way, and how do you think it might impact you moving forward?",I'm thrilled because this opportunity opens new doors for me! I believe it will bring plenty of positivity and growth in my life moving forward!,joy,0.9565849304199219
joy,I'm excited and joyful about this news!,joy,0.9938428401947021,Reframe,concise and emotionally attuned,That excitement you’re feeling is a beautiful reflection of how much this news means to you; it’s wonderful to embrace those joyful moments in life.,"Absolutely! Celebrating those joyful moments makes everything more meaningful, and I’m just soaking it all in!",joy,0.9893859624862671
joy,I'm excited and joyful about this news!,joy,0.9938428401947021,Reframe,concise and emotionally attuned,It’s wonderful to share in that excitement and joy together; it really highlights the beauty of connecting over good news and celebrating moments that uplift us!,Absolutely! It's such a blessing to share these joyful moments—it truly makes everything feel brighter and more meaningful!,joy,0.9900144338607788
joy,I'm excited and joyful about this news!,joy,0.9938428401947021,Reframe,concise and emotionally attuned,It’s wonderful to feel that excitement—it's a beautiful reminder of what sparks joy in our lives! How amazing it must be to share that joy together.,"Absolutely! Sharing joy like this makes everything even more meaningful, and I’m grateful for it!",joy,0.9615581035614014
joy,I'm excited and joyful about this news!,joy,0.9938428401947021,Reframe,concise and emotionally attuned,That's wonderful to hear! It’s beautiful to share in that excitement together—it really highlights the joy in your connection.,Absolutely! It feels even more special to celebrate this joy with others—what a beautiful bond it creates!,joy,0.9788159132003784
joy,I'm excited and joyful about this news!,joy,0.9938428401947021,Reframe,concise and emotionally attuned,"It’s wonderful to share that joy; it sounds like this news has the power to bring both of you closer together, deepening your connection in such a beautiful way.","Absolutely! It truly feels like a beautiful step forward for us, and I'm grateful to have someone to share this happiness with.",joy,0.9871438145637512
joy,I'm excited and joyful about this news!,joy,0.9938428401947021,Affirm,concise and emotionally attuned,Your excitement and joy are truly infectious! It's wonderful to see you embracing this moment with such positivity.,Thank you so much! I really appreciate your kind words—it makes this moment even more special to share!,joy,0.956421434879303
joy,I'm excited and joyful about this news!,joy,0.9938428401947021,Affirm,concise and emotionally attuned,Your excitement and joy are truly infectious! It's wonderful to see you so full of positivity and enthusiasm.,Thank you so much! It really means a lot to share this joy with you and I’m thrilled to spread a little positivity!,joy,0.9896809458732605
joy,I feel genuinely happy about how things turned out.,joy,0.9945452213287354,Affirm,concise and emotionally attuned,It's wonderful to hear that you're feeling genuinely happy; your ability to find joy in outcomes is truly admirable and shows your resilient spirit!,"Thank you so much! It feels great to share that joy, and your kind words really uplift me even more!",joy,0.9903546571731567
joy,I feel genuinely happy about how things turned out.,joy,0.9945452213287354,Affirm,concise and emotionally attuned,It's wonderful to hear that you feel genuinely happy; your ability to find joy in outcomes is a strength that truly shines! Your positive perspective is inspiring.,Thank you so much! It means a lot to hear that—I've always believed that embracing joy can really light up any situation!,joy,0.9740940928459167
joy,I'm excited and joyful about this news!,joy,0.9938428401947021,Affirm,concise and emotionally attuned,Your excitement and joy are truly infectious! It's wonderful to see you so thrilled—your positive energy is a real gift.,Thank you so much! Your kind words just add to my joy—it's amazing to share this positivity with you!,joy,0.9258918762207031
joy,I'm excited and joyful about this news!,joy,0.9938428401947021,Guide,concise and emotionally attuned,That's wonderful to hear! Celebrate this joy together—maybe plan a fun outing or share your thoughts about the news over a special meal. Enjoy the moment!,Absolutely! I love that idea—celebrating with friends over a special meal sounds perfect for cherishing this joyful moment!,joy,0.9893491268157959
joy,I'm excited and joyful about this news!,joy,0.9938428401947021,Guide,concise and emotionally attuned,That’s wonderful to hear! Celebrate this joy together by sharing what specifically excites you both about the news—perhaps plan a small celebration or do something fun to commemorate the moment!,Absolutely! I'm particularly thrilled about the new opportunities this brings us. Planning a fun celebration sounds like the perfect way to savor this joy! 🎉,joy,0.964386522769928
joy,I'm excited and joyful about this news!,joy,0.9938428401947021,Guide,concise and emotionally attuned,"That's wonderful to hear! Consider sharing specific details about what excites you both, maybe even plan a small celebration together to really savor the moment.",Absolutely! I’m thrilled to celebrate this milestone together and can’t wait to share all the details that make it special! 🎉,joy,0.9676432609558105
joy,I feel genuinely happy about how things turned out.,joy,0.9945452213287354,Guide,concise and emotionally attuned,That’s wonderful to hear! Why not take a moment to celebrate this happiness together? You could share what made you both feel this way or plan something special to enjoy it further!,Absolutely! I think sharing this joy is a beautiful idea—let's plan a little celebration and reflect on what brought us here!,joy,0.9834672808647156
joy,I feel genuinely happy about how things turned out.,joy,0.9945452213287354,Guide,concise and emotionally attuned,"That's wonderful to hear! To deepen that happiness together, consider sharing what specific moments made you both feel this way—maybe even plan a little celebration to honor that joy.",That sounds like a fantastic idea! I’d love to share those moments and create new memories together—it would truly amplify the joy!,joy,0.9611040949821472
joy,I feel genuinely happy about how things turned out.,joy,0.9945452213287354,Normalize,concise and emotionally attuned,"It's wonderful to hear that you're feeling genuinely happy! Many people find joy in shared experiences, and it's so uplifting to celebrate those moments together.",Absolutely! Celebrating shared moments really does amplify the joy; it just makes everything feel even more special!,joy,0.9444476962089539
joy,I feel genuinely happy about how things turned out.,joy,0.9945452213287354,Normalize,concise and emotionally attuned,"It’s wonderful to hear that you both feel genuinely happy; many people find joy in shared experiences, which can make those moments even more special. Your happiness is valid and deserves to be celebrated!","Absolutely! Celebrating those shared moments is what truly adds to the joy, and I’m grateful for every bit of it!",joy,0.9636604189872742
joy,I'm excited and joyful about this news!,joy,0.9938428401947021,Normalize,concise and emotionally attuned,"It’s wonderful to hear such excitement! Many people share that same burst of joy when they receive uplifting news, and your feelings are completely valid and worthy of celebration.",Thank you! It's such a beautiful feeling to share in this joy with others; I really appreciate your understanding!,joy,0.9919998645782471
joy,I'm excited and joyful about this news!,joy,0.9938428401947021,Normalize,concise and emotionally attuned,"It’s wonderful to feel such excitement and joy; many people share those uplifting moments, and it's beautiful to celebrate together! Your happiness is truly contagious!",Thank you so much! It’s heartwarming to know that my joy resonates with others; celebrating these moments together makes them even more special!,joy,0.9871647357940674
joy,I'm excited and joyful about this news!,joy,0.9938428401947021,Normalize,concise and emotionally attuned,It's wonderful to hear you're feeling excited and joyful—many people share that same kind of exhilaration when they receive great news. It’s such a beautiful feeling to connect with those emotions!,Absolutely! It’s amazing how shared joy can amplify our happiness—let's celebrate this uplifting moment together!,joy,0.8313501477241516
joy,I feel genuinely happy about how things turned out.,joy,0.9945452213287354,baseline,concise and emotionally attuned,I'm really glad to hear that! It's wonderful when things align in a way that brings you joy.,Thank you! It really does feel amazing when everything falls into place just right.,surprise,0.9152342677116394
joy,I'm excited and joyful about this news!,joy,0.9938428401947021,baseline,concise and emotionally attuned,"That’s wonderful to hear! Your excitement is contagious, and I’m so happy for you!","Thank you so much! Your positivity means a lot, and it makes me even more thrilled to share this moment with you!",joy,0.9693483710289001
joy,I feel genuinely happy about how things turned out.,joy,0.9945452213287354,baseline,concise and emotionally attuned,I'm really glad to hear that! It's wonderful when things work out the way we hope. Your happiness means a lot.,"Thank you! It truly does feel amazing to see those hopes become reality, and I really appreciate your support!",surprise,0.9343178868293762
joy,I feel genuinely happy about how things turned out.,joy,0.9945452213287354,baseline,concise and emotionally attuned,That's wonderful to hear! It's so uplifting to feel genuinely happy about something. I'm really glad for you!,"Thank you! It feels amazing to share this joy, and your support means a lot to me!",surprise,0.6643863916397095
joy,I'm excited and joyful about this news!,joy,0.9938428401947021,baseline,concise and emotionally attuned,That’s wonderful to hear! Your excitement is so uplifting—celebrate this joy!,Thank you! I truly appreciate your encouragement; it makes this joyful moment even more special!,joy,0.989312469959259
neutral,Here's what happened earlier; I'm just laying out the facts.,neutral,0.9435335993766785,Validate,concise and emotionally attuned,"It sounds like you're trying really hard to communicate clearly about what happened, and that can feel really important. Your feelings in wanting to express the facts are completely valid.",I appreciate that acknowledgment. It's important to me to be clear and honest about the situation.,joy,0.6947726607322693
neutral,Here's what happened earlier; I'm just laying out the facts.,neutral,0.9435335993766785,Validate,concise and emotionally attuned,"It sounds like you’re trying to clearly share your perspective, and that can feel really important. I can sense that expressing those facts is significant for you right now.","Yes, it is important to me to convey what happened accurately. I believe that understanding the facts can help clarify the situation for everyone involved.",neutral,0.9116533994674683
neutral,Here's what happened earlier; I'm just laying out the facts.,neutral,0.9435335993766785,Validate,concise and emotionally attuned,It sounds like you're trying to express something important and clarify the situation. I can imagine that it feels necessary to get those facts out in the open.,"Yes, it's crucial for me to communicate the facts clearly. I want to ensure we have a shared understanding moving forward.",neutral,0.9216582179069519
neutral,I'm calm about this and just explaining the situation.,neutral,0.7480077743530273,Validate,concise and emotionally attuned,It sounds like you’re feeling calm and want to share your perspective clearly. It’s great that you’re maintaining that sense of calm in the discussion.,"Yes, I appreciate that. It’s important to express my thoughts clearly while staying composed.",joy,0.6867075562477112
neutral,Here's what happened earlier; I'm just laying out the facts.,neutral,0.9435335993766785,Validate,concise and emotionally attuned,It sounds like you're trying to express something important and clarify your perspective. I can see this feels significant to you.,I appreciate that you recognize its importance. I just want to ensure we’re on the same page moving forward.,neutral,0.7208172678947449
neutral,I'm calm about this and just explaining the situation.,neutral,0.7480077743530273,Explore,concise and emotionally attuned,"It sounds like you're feeling stable in your emotions while sharing your perspective. What specific points do you feel are most important to explain, and how do you hope your partner will respond?",I appreciate your understanding. I believe the key points are clarity and listening; I'm hoping my partner will respond with openness and a willingness to engage in a constructive dialogue.,joy,0.9133239984512329
neutral,Here's what happened earlier; I'm just laying out the facts.,neutral,0.9435335993766785,Explore,concise and emotionally attuned,It sounds like you're processing something important. What feelings come up for you as you think about what happened earlier?,"I'm mostly trying to stay focused on the facts, but there’s a sense of frustration that keeps surfacing as I reflect on it. I appreciate your concern, though.",anger,0.8352487087249756
neutral,I'm calm about this and just explaining the situation.,neutral,0.7480077743530273,Explore,concise and emotionally attuned,It sounds like you're feeling composed in this moment. What aspects of the situation do you feel are important to explain?,"I appreciate that. I think it's important to clarify the key details that led to this point, as well as the potential next steps.",joy,0.8151068091392517
neutral,Here's what happened earlier; I'm just laying out the facts.,neutral,0.9435335993766785,Explore,concise and emotionally attuned,It sounds like you're trying to share something important. What specific feelings or thoughts are coming up for you as you reflect on what happened?,"As I reflect on what happened, I feel a mix of confusion and concern, wanting to understand the situation clearly without any assumptions. It's important for me to express this in hopes of finding clarity.",fear,0.9530065059661865
neutral,Here's what happened earlier; I'm just laying out the facts.,neutral,0.9435335993766785,Explore,concise and emotionally attuned,It sounds like you’re wanting to clarify the situation—what specific feelings or thoughts are coming up for you as you lay out those facts? How do you hope your partner will respond to what you're sharing?,"I appreciate you asking. I'm hoping to communicate clearly and find mutual understanding, so we can address the situation together constructively.",joy,0.5338428020477295
neutral,I'm calm about this and just explaining the situation.,neutral,0.7480077743530273,Reframe,concise and emotionally attuned,It sounds like both of you are trying to remain level-headed while sharing your perspectives; perhaps that calmness can create an opportunity for deeper understanding between you. Embracing this moment as a chance for connection might help both of you feel even more heard.,"Absolutely, I agree that maintaining our calm can lead to a more meaningful conversation. I appreciate the emphasis on connection and understanding—it’s definitely what we’re aiming for.",joy,0.5834280252456665
neutral,Here's what happened earlier; I'm just laying out the facts.,neutral,0.9435335993766785,Reframe,concise and emotionally attuned,"It sounds like your partner is trying to clarify their side, which can sometimes feel more about sharing feelings than just stating facts. Maybe this is an opportunity for both of you to explore each other's perspectives more deeply.","That’s a good point. Understanding each other’s perspectives can definitely lead to better communication, which is what we’re both aiming for.",neutral,0.9049166440963745
neutral,I'm calm about this and just explaining the situation.,neutral,0.7480077743530273,Reframe,concise and emotionally attuned,"It sounds like your partner is trying to approach this with a level head, which can be such a relief amidst tension. Perhaps it could be a moment to focus on understanding each other’s intentions, fostering a connection even in a discussion.","I appreciate that perspective. Fostering understanding is important, and I'm hopeful that we can find common ground through open dialogue.",joy,0.9274501204490662
neutral,Here's what happened earlier; I'm just laying out the facts.,neutral,0.9435335993766785,Reframe,concise and emotionally attuned,"It sounds like your partner is trying to share their viewpoint, which can be their way of seeking clarity; perhaps this is an opportunity for both of you to understand each other better. How might this dialogue open the door to deeper connection?",You're right; understanding each other's perspectives is important. I'm hopeful that this conversation will lead to a more meaningful connection between us.,joy,0.5977692604064941
neutral,Here's what happened earlier; I'm just laying out the facts.,neutral,0.9435335993766785,Reframe,concise and emotionally attuned,"It sounds like your partner is really trying to share their perspective, which can be a way of seeking understanding. Perhaps viewing this as an opportunity to connect and clarify feelings might help shift the focus from just the facts to how each of you felt during the situation.","I appreciate that perspective. It’s important to acknowledge feelings, but I also believe the facts are crucial for understanding the bigger picture.",neutral,0.45710015296936035
neutral,Here's what happened earlier; I'm just laying out the facts.,neutral,0.9435335993766785,Affirm,concise and emotionally attuned,"It sounds like you're approaching the situation with a clear and honest perspective, which shows your commitment to open communication. That willingness to share details is a strength in any relationship.","I appreciate that acknowledgment. Open communication is important to me, and I'm hopeful it can lead to a better understanding.",joy,0.9283021688461304
neutral,I'm calm about this and just explaining the situation.,neutral,0.7480077743530273,Affirm,concise and emotionally attuned,It’s really admirable that you’re able to maintain your calm and share your perspective so clearly; that’s a strong quality that can really help in understanding each other better.,Thank you for your kind words; I believe clear communication is essential in bridging gaps and finding common ground. It helps us navigate the situation more effectively.,joy,0.8300600647926331
neutral,I'm calm about this and just explaining the situation.,neutral,0.7480077743530273,Affirm,concise and emotionally attuned,It's great to hear that you're able to remain calm and articulate your thoughts clearly; that shows a lot of maturity and emotional strength. Your ability to communicate in such a balanced way is truly admirable!,Thank you for your kind words; I appreciate it. Staying composed helps me navigate through situations more effectively.,joy,0.9125298857688904
neutral,I'm calm about this and just explaining the situation.,neutral,0.7480077743530273,Affirm,concise and emotionally attuned,It's great to see you remaining calm and focused while explaining the situation; your ability to communicate clearly is a real strength. That composure will surely help in finding a positive resolution.,Thank you for recognizing that; I believe clear communication is key to resolving issues effectively. Staying focused really helps me navigate these situations.,neutral,0.8298149108886719
neutral,I'm calm about this and just explaining the situation.,neutral,0.7480077743530273,Affirm,concise and emotionally attuned,It's great to see your calmness and clarity in explaining the situation; that shows your ability to approach challenges thoughtfully and effectively! Your confidence and composure are truly admirable.,Thank you for the kind words! I believe that staying calm helps in addressing challenges more effectively.,joy,0.8089579343795776
neutral,I'm calm about this and just explaining the situation.,neutral,0.7480077743530273,Guide,concise and emotionally attuned,It sounds like you both are trying to communicate effectively; maybe consider summarizing your thoughts to ensure mutual understanding. Reflect back what your partner said to show you're listening and invite them to share more if needed.,That’s a good point. I’ll try to summarize and reflect back what I hear to foster clearer communication.,neutral,0.9394478797912598
neutral,I'm calm about this and just explaining the situation.,neutral,0.7480077743530273,Guide,concise and emotionally attuned,"It’s great that you’re both calm—try to actively listen to each other’s perspectives and validate feelings. After that, you can outline any next steps together to resolve the situation.",I appreciate that advice. Actively listening will definitely help us understand each other better as we move forward.,joy,0.671951949596405
neutral,Here's what happened earlier; I'm just laying out the facts.,neutral,0.9435335993766785,Guide,concise and emotionally attuned,"It sounds like your partner is trying to communicate openly; consider acknowledging their effort and then share your thoughts about the situation. You might say, ""I appreciate you sharing that—can we discuss how we both felt about it?""",I see your point; acknowledging their effort is important. I’ll try to express my appreciation while also sharing my perspective on what happened.,neutral,0.7167401313781738
neutral,Here's what happened earlier; I'm just laying out the facts.,neutral,0.9435335993766785,Guide,concise and emotionally attuned,"It sounds like your partner is trying to communicate their perspective. A helpful next step could be to gently ask them how they felt about what happened, and share your feelings too; this can foster understanding and connection.",I appreciate that suggestion. Opening up a dialogue could really help bridge the gap and clarify our feelings.,joy,0.8381472229957581
neutral,I'm calm about this and just explaining the situation.,neutral,0.7480077743530273,Guide,concise and emotionally attuned,It's great to hear you're feeling calm; maybe you can invite your partner to share more about their feelings or clarify any misunderstandings together. Taking turns to listen can really help both of you feel heard and understood.,"I appreciate your suggestion; open communication is important, and I’ll encourage my partner to share their thoughts. It’s all about fostering understanding between us.",joy,0.58619624376297
neutral,Here's what happened earlier; I'm just laying out the facts.,neutral,0.9435335993766785,Normalize,concise and emotionally attuned,"It sounds like you’re both trying to find clarity in the situation, and it's completely normal to feel a mix of emotions when recounting events like this. Many people experience similar moments of wanting to express their side while searching for understanding.","Absolutely, it’s important to navigate these feelings while still focusing on the facts. Clarity is crucial for moving forward.",neutral,0.9568182229995728
neutral,I'm calm about this and just explaining the situation.,neutral,0.7480077743530273,Normalize,concise and emotionally attuned,"It's understandable to want to express your feelings clearly, especially in a moment like this. Many people find themselves needing clarity when emotions run high, and it's okay to share that perspective.","I appreciate your understanding. It's important for me to communicate openly, especially when things get intense.",joy,0.7717527151107788
neutral,I'm calm about this and just explaining the situation.,neutral,0.7480077743530273,Normalize,concise and emotionally attuned,"It's completely valid to want to express your thoughts calmly, and many people find themselves in similar situations where clear communication is essential. It must feel reassuring to share your perspective like this.","Absolutely, it does help to share and clarify my thoughts. I appreciate your understanding of the importance of clear communication.",joy,0.7311031818389893
neutral,Here's what happened earlier; I'm just laying out the facts.,neutral,0.9435335993766785,Normalize,concise and emotionally attuned,"It sounds like your partner is trying to process the situation, which can be really tough for both of you. Many people feel a mix of emotions during moments like this, and it's completely normal to want clarity in those conversations.","Absolutely, it's a challenging time for both of us. I'm trying to navigate the emotions while still looking for that clarity.",neutral,0.881655752658844
neutral,Here's what happened earlier; I'm just laying out the facts.,neutral,0.9435335993766785,Normalize,concise and emotionally attuned,"It sounds like you're trying to process what happened, and it’s completely normal to want to clarify the situation. Many people find themselves feeling overwhelmed in similar moments, so you’re definitely not alone in this.",I appreciate that perspective; it helps to know others have felt this way too. I'm just trying to understand everything more clearly.,joy,0.5105628371238708
neutral,Here's what happened earlier; I'm just laying out the facts.,neutral,0.9435335993766785,baseline,concise and emotionally attuned,"I appreciate you sharing that with me. It sounds like you’re trying to clarify the situation, and I'm here to listen.",Thanks for being open to this. I just want to ensure we’re on the same page moving forward.,neutral,0.8671308159828186
neutral,Here's what happened earlier; I'm just laying out the facts.,neutral,0.9435335993766785,baseline,concise and emotionally attuned,"I appreciate you sharing that. It sounds important, and I'm here to listen.",Thanks for being open to hear it. I just want to make sure we're on the same page moving forward.,neutral,0.8560634851455688
neutral,Here's what happened earlier; I'm just laying out the facts.,neutral,0.9435335993766785,baseline,concise and emotionally attuned,"I appreciate you sharing this. It sounds important to you, and I’m here to listen.","Thank you for your understanding. It is important, and I value having someone to talk to about it.",joy,0.7768330574035645
neutral,I'm calm about this and just explaining the situation.,neutral,0.7480077743530273,baseline,concise and emotionally attuned,I appreciate you sharing your perspective. It’s great to hear that you feel calm about it. I'm here to listen if you want to share more.,Thank you for your openness. I appreciate the opportunity to share more if needed; it feels good to have a supportive space.,joy,0.9776212573051453
neutral,I'm calm about this and just explaining the situation.,neutral,0.7480077743530273,baseline,concise and emotionally attuned,I appreciate you sharing your feelings and explaining everything. It’s great to hear that you’re feeling calm about it.,Thank you for understanding. I believe having an open conversation helps us both move forward clearly.,neutral,0.5028208494186401
sadness,I feel really down and heavy about all of this.,sadness,0.979966938495636,Validate,concise and emotionally attuned,"It sounds like you're carrying a lot of weight right now, and that feeling of heaviness can be really overwhelming. I’m here with you in that moment.","Thank you for being here; it means a lot. It's hard to shake off this heaviness, and it sometimes feels like it's all too much to bear.",sadness,0.7059413194656372
sadness,I feel really down and heavy about all of this.,sadness,0.979966938495636,Validate,concise and emotionally attuned,It sounds like you're feeling really overwhelmed and burdened right now. That heaviness can be so tough to carry; it's completely understandable to feel that way.,"Thank you for understanding. It just feels like an overwhelming weight, and I don’t know how to lighten it.",surprise,0.6023142337799072
sadness,I'm sad and it's hard to see a bright side right now.,sadness,0.9844982028007507,Validate,concise and emotionally attuned,"It sounds really tough to feel that way, and it’s completely okay to be overwhelmed right now. Your sadness is valid, and it’s understandable that seeing the bright side feels challenging.","Thank you for understanding. It’s just hard to shake off this heaviness, and sometimes it feels like the weight of it all is too much to bear.",sadness,0.5591554641723633
sadness,I'm sad and it's hard to see a bright side right now.,sadness,0.9844982028007507,Validate,concise and emotionally attuned,It sounds really heavy to feel that sadness and have difficulty finding hope right now. It's completely understandable to feel this way.,"Thank you for understanding; it does feel like a weight I can't shake off, and it seems the hope is just out of reach.",fear,0.8134554624557495
sadness,I'm sad and it's hard to see a bright side right now.,sadness,0.9844982028007507,Validate,concise and emotionally attuned,"It sounds like you're feeling really overwhelmed by sadness, and it's completely understandable to struggle to find the light in that. Your feelings are valid, and it's okay to be in this space right now.","Thank you for understanding; it helps a little to know that my feelings are valid, even if they feel so heavy right now. I just wish I could see a way out of this fog.",sadness,0.8494102358818054
sadness,I feel really down and heavy about all of this.,sadness,0.979966938495636,Explore,concise and emotionally attuned,I’m really sorry to hear that you’re feeling this way. What specifically is weighing on your mind right now?,It’s just this overwhelming sense of loss and uncertainty that feels like it’s never going to lift. I can’t help but feel trapped in it.,fear,0.8820106983184814
sadness,I'm sad and it's hard to see a bright side right now.,sadness,0.9844982028007507,Explore,concise and emotionally attuned,It sounds really tough to feel that way; what do you think is making it hard to see the bright side right now? Can you share more about what’s been on your mind?,"It's just a mix of everything weighing on me—loss, uncertainty, and feeling really alone. I wish I could shake off this heaviness and find some light.",sadness,0.9664234519004822
sadness,I feel really down and heavy about all of this.,sadness,0.979966938495636,Explore,concise and emotionally attuned,It sounds like you're both carrying a lot right now. What do you think is making you feel that heaviness?,I think it’s the weight of all the unresolved feelings and the uncertainty for the future that’s dragging me down. It’s just hard to see a way forward when everything feels so heavy.,sadness,0.8717480301856995
sadness,I'm sad and it's hard to see a bright side right now.,sadness,0.9844982028007507,Explore,concise and emotionally attuned,It sounds really heavy to feel that way right now. What do you think is weighing on your heart the most?,"I think it’s the feeling of being lost and not knowing how to find my way back to happiness. It just feels really heavy, you know?",sadness,0.9640936851501465
sadness,I'm sad and it's hard to see a bright side right now.,sadness,0.9844982028007507,Explore,concise and emotionally attuned,I’m really sorry to hear that you’re feeling this way. What do you think is making it hard to see that bright side right now?,"Thank you for your kindness. It feels like everything I hoped for is slipping away, and it's hard to imagine things getting better.",sadness,0.7533466219902039
sadness,I feel really down and heavy about all of this.,sadness,0.979966938495636,Reframe,concise and emotionally attuned,"It sounds like both of you are carrying a lot right now, which shows how deeply you care for each other. Perhaps this shared feeling can be a reminder of your strong connection—sometimes leaning into those emotions together can help lighten the load.","I appreciate that perspective, but it still feels overwhelming. I just wish we could find a way to ease this weight together.",surprise,0.6031671762466431
sadness,I feel really down and heavy about all of this.,sadness,0.979966938495636,Reframe,concise and emotionally attuned,"It sounds like both of you are carrying a lot right now, which shows how deeply you care about each other and your relationship. Maybe this shared heaviness can be a chance for you to connect and support one another even more.","It's hard to see that light right now, but I hope we can find a way to support each other through this. The weight of it all just feels so overwhelming.",surprise,0.5621323585510254
sadness,I feel really down and heavy about all of this.,sadness,0.979966938495636,Reframe,concise and emotionally attuned,"It's understandable to feel burdened; perhaps this heaviness is a sign of how deeply you're both connected and invested in each other. Maybe it's an opportunity to lean on each other for support, allowing that shared weight to become a source of strength.","I appreciate that perspective, but it’s just hard to see the bright side right now. The heaviness feels almost unbearable at times, and I’m not sure how to shift out of this place.",sadness,0.9052605628967285
sadness,I feel really down and heavy about all of this.,sadness,0.979966938495636,Reframe,concise and emotionally attuned,"It sounds like both of you are truly feeling the weight of this situation, which shows how deeply you care. Perhaps this shared heaviness could be a moment for you both to lean on each other and find comfort together.","I appreciate that perspective, but it still feels isolating. It’s hard to see a way through when the sadness feels so overwhelming.",sadness,0.8993774056434631
sadness,I feel really down and heavy about all of this.,sadness,0.979966938495636,Reframe,concise and emotionally attuned,"It sounds like both of you are carrying a lot right now, and that shared understanding can create a deeper bond. Perhaps this heaviness could be an invitation to lean on each other and find strength together.","I wish it felt that way, but the weight is overwhelming. It's hard to see how we can truly help each other when it feels like we’re both lost.",sadness,0.8527637720108032
sadness,I'm sad and it's hard to see a bright side right now.,sadness,0.9844982028007507,Affirm,concise and emotionally attuned,"It’s completely understandable to feel this way, and it shows how much you care about your emotions. Your openness about your feelings is a strength, and it takes courage to express vulnerability.","Thank you for your kind words; it helps to know that my feelings resonate with someone. Sometimes, though, the weight of sadness feels overwhelming, and it's hard to see that strength.",sadness,0.7681652307510376
sadness,I feel really down and heavy about all of this.,sadness,0.979966938495636,Affirm,concise and emotionally attuned,"It's completely understandable to feel that way, and it shows how deeply you care about what’s happening. Your ability to be in touch with your emotions is a true strength, and it speaks to your depth and compassion.",Thank you for understanding; it’s hard to see things unfold like this. I just wish I could do more to change it.,neutral,0.502942681312561
sadness,I'm sad and it's hard to see a bright side right now.,sadness,0.9844982028007507,Affirm,concise and emotionally attuned,"It's completely okay to feel sad, and your ability to express that shows your strength and vulnerability. Even in this tough moment, your willingness to share what you're feeling is a sign of courage.","Thank you for understanding; it means a lot to me. Sometimes, just acknowledging the sadness feels like a small step forward, even if the light is hard to find.",sadness,0.9028146266937256
sadness,I feel really down and heavy about all of this.,sadness,0.979966938495636,Affirm,concise and emotionally attuned,"It's completely understandable to feel down when facing tough times, and it shows your deep emotional awareness. Acknowledging those feelings is a strong first step, and I admire your courage in sharing that.",Thank you for your kind words; it means a lot. I just wish it didn’t feel so overwhelming sometimes.,surprise,0.7462356686592102
sadness,I'm sad and it's hard to see a bright side right now.,sadness,0.9844982028007507,Affirm,concise and emotionally attuned,"It’s completely okay to feel that way, and it shows your deep emotional awareness. Your strength in expressing your feelings is a sign of resilience, even when things feel heavy.",Thank you for understanding; it means a lot. I just wish I could shake this weight off and find some light again.,fear,0.7122139930725098
sadness,I feel really down and heavy about all of this.,sadness,0.979966938495636,Guide,concise and emotionally attuned,"It’s okay to feel that way; try setting aside a few quiet moments together to share what’s weighing on you both. You could also consider doing something comforting, like taking a short walk or enjoying a favorite snack, to lighten the mood together.","I appreciate your suggestions, but it still feels hard to shake off this heaviness. Even simple comforts seem distant right now.",sadness,0.9299877882003784
sadness,I'm sad and it's hard to see a bright side right now.,sadness,0.9844982028007507,Guide,concise and emotionally attuned,It’s completely okay to feel this way; try to take a moment to acknowledge your feelings. Maybe consider reaching out to a friend or writing down a few small things that bring you joy to help shift your perspective a bit.,I appreciate your understanding; it’s just tough to find the energy to reach out or focus on joy when I'm feeling this way. But I’ll try to take that moment to acknowledge how I feel.,joy,0.7116487622261047
sadness,I feel really down and heavy about all of this.,sadness,0.979966938495636,Guide,concise and emotionally attuned,"I’m really sorry to hear that you both feel this way; it’s tough to carry those emotions. Maybe you could take a moment together to share what’s been weighing you down and find just one small thing, like a comforting activity or a walk, that can lighten your spirits a bit.","Thank you for your understanding. It just feels like everything is piling up, but maybe sharing our burdens could help even a little.",neutral,0.8726935386657715
sadness,I feel really down and heavy about all of this.,sadness,0.979966938495636,Guide,concise and emotionally attuned,"I’m really sorry to hear you're both feeling this way; it can be tough. How about taking some time together to talk about what's weighing you down, or even doing a short activity you both enjoy to lighten the mood?","I appreciate your suggestion, but even the idea of talking feels overwhelming right now. It's just hard to shake this heaviness.",fear,0.44315069913864136
sadness,I'm sad and it's hard to see a bright side right now.,sadness,0.9844982028007507,Guide,concise and emotionally attuned,It’s really tough when both of you feel this way. Try sharing what’s been weighing on your hearts—acknowledging the sadness together can sometimes lighten the load and help you both find small moments of support in each other.,"I appreciate that; it helps to know I'm not alone in this. Opening up feels daunting, but maybe it is the step I need to take.",fear,0.980989933013916
sadness,I'm sad and it's hard to see a bright side right now.,sadness,0.9844982028007507,Normalize,concise and emotionally attuned,"It’s really tough to feel this way, and many people go through moments where hope feels out of reach. You're not alone in this—acknowledging your feelings is an important step.","Thank you for understanding. It just feels so heavy, like I'm stuck in this fog with no way out.",sadness,0.28473013639450073
sadness,I'm sad and it's hard to see a bright side right now.,sadness,0.9844982028007507,Normalize,concise and emotionally attuned,"I'm really sorry to hear that you're feeling this way; it’s tough when sadness clouds everything, and many people can relate to struggling to find the light during times like this. Just know that your feelings are valid, and it’s okay to feel overwhelmed.","Thank you for understanding; it means a lot. Sometimes, just knowing someone gets it makes the weight feel a little lighter, even if just for a moment.",joy,0.5621809363365173
sadness,I'm sad and it's hard to see a bright side right now.,sadness,0.9844982028007507,Normalize,concise and emotionally attuned,"It’s tough to feel this way, and many people experience similar sadness when things get heavy. It’s okay to feel what you're feeling; you're not alone in this.","Thank you for reminding me that I'm not alone in this. It’s comforting to know that others understand the weight of such sadness, even if it feels so isolating right now.",sadness,0.8635904788970947
sadness,I feel really down and heavy about all of this.,sadness,0.979966938495636,Normalize,concise and emotionally attuned,"It’s tough to feel that heaviness, and many people can relate to those emotions, especially in challenging times. It’s important to acknowledge how you’re feeling — it matters.",Thank you for understanding; it just feels overwhelming sometimes. I guess I’m trying to find a way to lighten that load.,surprise,0.6379547715187073
sadness,I feel really down and heavy about all of this.,sadness,0.979966938495636,Normalize,concise and emotionally attuned,"It's completely understandable to feel down and heavy; many people share those feelings during tough times. You’re not alone in this, and it’s okay to acknowledge how challenging it is.","Thank you for understanding. It just feels so overwhelming sometimes, like there's no way out of this heaviness.",fear,0.5192713141441345
sadness,I feel really down and heavy about all of this.,sadness,0.979966938495636,baseline,concise and emotionally attuned,I'm really sorry to hear that you're feeling this way. It's completely understandable to feel down about everything. I’m here for you.,Thank you for your support; it means so much right now. I just wish things felt brighter.,joy,0.6136232018470764
sadness,I'm sad and it's hard to see a bright side right now.,sadness,0.9844982028007507,baseline,concise and emotionally attuned,"I’m really sorry to hear that you’re feeling this way. It’s okay to feel sad, and I’m here for you. You’re not alone in this.","Thank you for being here; it means a lot. Sometimes just knowing someone cares eases the weight a little, but the sadness still lingers.",sadness,0.642583429813385
sadness,I'm sad and it's hard to see a bright side right now.,sadness,0.9844982028007507,baseline,concise and emotionally attuned,"I'm really sorry to hear that you're feeling this way. It's completely okay to feel sad, and I'm here for you. If you want to talk or just need some support, I’m here.",Thank you for being here; it means a lot. Sometimes just knowing someone cares makes it a little less heavy.,joy,0.6924064755439758
sadness,I feel really down and heavy about all of this.,sadness,0.979966938495636,baseline,concise and emotionally attuned,I'm really sorry to hear that you're feeling this way. It's completely understandable to feel down sometimes. I'm here for you if you want to talk about it.,"Thank you for saying that; it means a lot. I just wish things felt lighter, you know?",neutral,0.6210812330245972
sadness,I feel really down and heavy about all of this.,sadness,0.979966938495636,baseline,concise and emotionally attuned,I’m really sorry to hear that you're feeling this way. It’s completely okay to feel down sometimes. I'm here for you.,"Thank you for understanding. It just feels overwhelming, and I appreciate your support.",surprise,0.7281637191772461
surprise,I did not see that coming at all; I'm shocked.,surprise,0.9822536110877991,Validate,concise and emotionally attuned,"It’s completely understandable to feel shocked; unexpected news can really throw us off balance. Your feelings are valid, and it’s okay to take a moment to process what you've heard.",Thank you for understanding; it really is overwhelming. I just need a bit of time to wrap my head around it all.,surprise,0.7559030055999756
surprise,I did not see that coming at all; I'm shocked.,surprise,0.9822536110877991,Validate,concise and emotionally attuned,"It sounds like you're feeling really taken aback right now, and that level of shock can be really overwhelming. It's completely understandable to feel that way.","Yes, it really is overwhelming! I keep replaying it in my mind, trying to wrap my head around it all.",surprise,0.7719573378562927
surprise,I did not see that coming at all; I'm shocked.,surprise,0.9822536110877991,Validate,concise and emotionally attuned,"It sounds like your partner's words really caught you off guard, and that unexpected feeling of shock can be really intense. It's completely understandable to feel that way in such surprising moments.","Absolutely, it was just so unexpected. I’m still trying to wrap my head around it!",surprise,0.9647021293640137
surprise,"Wow, that was unexpected and surprising.",surprise,0.9771560430526733,Validate,concise and emotionally attuned,It sounds like you really felt taken aback by that moment—it can be jarring when something catches us off guard like that.,"Absolutely, it really threw me for a loop! I didn’t see that coming at all.",surprise,0.8747708201408386
surprise,I did not see that coming at all; I'm shocked.,surprise,0.9822536110877991,Validate,concise and emotionally attuned,It sounds like you feel taken aback and overwhelmed by what your partner said; that shock can be really disorienting. It's completely normal to feel that way in unexpected situations.,"Absolutely, it's like my mind is racing trying to process it all! I didn't expect things to take such a turn.",surprise,0.8375481367111206
surprise,"Wow, that was unexpected and surprising.",surprise,0.9771560430526733,Explore,concise and emotionally attuned,What was it about the situation that felt unexpected for you? Can you share more about what surprised you?,I didn't see that twist coming at all—it completely changed my perspective on everything! It left me a bit shaken but also curious about what comes next.,fear,0.8534142374992371
surprise,"Wow, that was unexpected and surprising.",surprise,0.9771560430526733,Explore,concise and emotionally attuned,What made it feel unexpected for you? Can you share more about what surprised you in that moment?,I didn't see that twist coming at all! It completely caught me off guard and shifted my perspective in an instant.,surprise,0.8529824614524841
surprise,I did not see that coming at all; I'm shocked.,surprise,0.9822536110877991,Explore,concise and emotionally attuned,What about this situation caught you off guard the most? Can you share more about what you’re feeling right now?,"I honestly didn’t expect it to unfold like that; it’s just so unexpected. Right now, I’m still processing everything and feeling a mix of disbelief and confusion.",surprise,0.9583693742752075
surprise,I did not see that coming at all; I'm shocked.,surprise,0.9822536110877991,Explore,concise and emotionally attuned,"I'm really sorry to hear that you're feeling shocked. What specifically caught you off guard, and how are you feeling about it right now?","I’m still processing it all, honestly. It just feels so unexpected—like everything flipped upside down in an instant!",surprise,0.971754789352417
surprise,"Wow, that was unexpected and surprising.",surprise,0.9771560430526733,Explore,concise and emotionally attuned,What specifically surprised you about the situation? Can you share more about what you were feeling in that moment?,I was caught off guard by how quickly everything changed. It felt like the ground had shifted beneath me—I was just processing the whirlwind of emotions!,surprise,0.620374858379364
surprise,I did not see that coming at all; I'm shocked.,surprise,0.9822536110877991,Reframe,concise and emotionally attuned,"It’s completely understandable to feel shocked; such surprises can often reveal new sides to our lives or relationships that we didn’t expect. This shift might feel unsettling now, but it could also lead to deeper understanding and growth for both of you.","Wow, I didn't even think about it that way! It's a lot to process, but maybe you're right—there could be some good that comes from this.",surprise,0.9708737134933472
surprise,"Wow, that was unexpected and surprising.",surprise,0.9771560430526733,Reframe,concise and emotionally attuned,"It sounds like the surprise has opened the door to new possibilities; sometimes, unexpected moments can lead us to fresh insights and deeper understanding. It’s okay to feel a mix of emotions in times like this.","Absolutely, it's fascinating how surprises can shift our perspective and lead to growth. I can’t help but feel intrigued about what might come next!",surprise,0.8059799075126648
surprise,I did not see that coming at all; I'm shocked.,surprise,0.9822536110877991,Reframe,concise and emotionally attuned,"It's completely understandable to feel shocked; sometimes unexpected moments can lead to a deeper understanding of ourselves and our relationships. This might be an opportunity to explore those feelings together, fostering connection amid the surprise.","Wow, I hadn’t thought about it that way! It really does feel like this moment could open up new avenues for us to connect.",surprise,0.9730892181396484
surprise,"Wow, that was unexpected and surprising.",surprise,0.9771560430526733,Reframe,concise and emotionally attuned,"It sounds like your partner's comment took you by surprise, which can feel unsettling; perhaps this unexpected moment could open up new conversations or insights between you both. It’s okay to feel thrown off—sometimes those surprises can lead to deeper understanding.","Absolutely, it's both unsettling and intriguing! I never would have imagined it would spark such a potential for deeper connection.",fear,0.9032577276229858
surprise,I did not see that coming at all; I'm shocked.,surprise,0.9822536110877991,Reframe,concise and emotionally attuned,It's completely understandable to feel shocked; surprises can really shake us up. Maybe this unexpected moment can also open the door to fresh conversations and a deeper understanding between you both.,"Absolutely, it’s just such a curveball! I never imagined it would lead to something that could actually deepen our connection like that.",surprise,0.9468502998352051
surprise,"Wow, that was unexpected and surprising.",surprise,0.9771560430526733,Affirm,concise and emotionally attuned,"It sounds like you're feeling a strong mix of emotions right now, and that's completely valid. Your ability to notice and reflect on surprises shows your openness and awareness—qualities that are truly admirable!",Thank you for acknowledging that; it really is a whirlwind of feelings! I'm just trying to process everything and your words mean a lot to me.,joy,0.46602633595466614
surprise,"Wow, that was unexpected and surprising.",surprise,0.9771560430526733,Affirm,concise and emotionally attuned,It sounds like you handled an unexpected situation really well! Your ability to stay composed in surprising moments is truly admirable.,"Thank you! I really appreciate that—it can be challenging, but moments like these definitely keep things interesting.",joy,0.9550058245658875
surprise,"Wow, that was unexpected and surprising.",surprise,0.9771560430526733,Affirm,concise and emotionally attuned,It sounds like you handled that surprise really well! Your ability to stay open to unexpected moments shows great resilience and adaptability.,"Thank you! I really appreciate that—you know, embracing the unexpected can lead to some pretty incredible moments.",joy,0.9329121708869934
surprise,"Wow, that was unexpected and surprising.",surprise,0.9771560430526733,Affirm,concise and emotionally attuned,It's great to see you so open to surprises; your ability to embrace uncertainty shows your adaptability and strength. That flexibility is truly a valuable trait!,Thank you! I appreciate your kind words; it really is amazing how surprises can lead to growth and new experiences.,joy,0.7431129813194275
surprise,"Wow, that was unexpected and surprising.",surprise,0.9771560430526733,Affirm,concise and emotionally attuned,It's great that you’re open to surprises; that openness shows your willingness to embrace new experiences. Your ability to navigate the unexpected is truly admirable!,Thank you! I appreciate that perspective; embracing surprises really does make life a lot more interesting!,joy,0.9119817614555359
surprise,"Wow, that was unexpected and surprising.",surprise,0.9771560430526733,Guide,concise and emotionally attuned,"It sounds like your partner might be feeling a bit taken aback. A good next step could be to ask them how they feel about it or what surprised them, fostering an open conversation where both of you can express your thoughts.","Absolutely, I think opening up that conversation would be really helpful! It's just fascinating how something surprising can shift perspectives so quickly.",surprise,0.9755006432533264
surprise,I did not see that coming at all; I'm shocked.,surprise,0.9822536110877991,Guide,concise and emotionally attuned,"It's completely understandable to feel shocked right now; take a moment to breathe and gather your thoughts. When you're ready, consider expressing your feelings to your partner—clear communication can help both of you navigate this together.",I really appreciate your support; it’s just hard to wrap my head around everything. I’ll definitely take some time to breathe and think about what to say.,joy,0.8155263066291809
surprise,I did not see that coming at all; I'm shocked.,surprise,0.9822536110877991,Guide,concise and emotionally attuned,"It sounds like that was really unexpected for both of you. Take a moment to process your feelings, and when you're ready, consider having an open conversation with your partner about how you're both feeling—it might help bring clarity and support.","Wow, you're right. I definitely need some time to process this; I just can't shake the surprise!",surprise,0.9772003293037415
surprise,"Wow, that was unexpected and surprising.",surprise,0.9771560430526733,Guide,concise and emotionally attuned,"It sounds like your partner is feeling taken aback, so first, take a moment to acknowledge their feelings by saying something like, ""I understand this caught you off guard."" Then, invite them to share more about what surprised them; this can help deepen your connection and understanding.",I didn't realize it would hit them so hard! It's definitely worth exploring what surprised them—I'd love to know more.,surprise,0.9816954135894775
surprise,I did not see that coming at all; I'm shocked.,surprise,0.9822536110877991,Guide,concise and emotionally attuned,"It's completely normal to feel shocked; take a moment to breathe and process your emotions. Consider talking to your partner about what happened, as sharing your feelings can help both of you navigate this unexpected situation together.","Thank you for understanding. I really didn’t expect this—talking to my partner sounds like a good idea, but right now, I’m just trying to wrap my head around it all.",surprise,0.7250247001647949
surprise,"Wow, that was unexpected and surprising.",surprise,0.9771560430526733,Normalize,concise and emotionally attuned,It’s completely normal to feel thrown off by unexpected moments like that; many people share those feelings of surprise. It’s okay to take a moment to process it all.,I appreciate that perspective! It’s comforting to know I’m not alone in feeling caught off guard.,fear,0.8737258911132812
surprise,I did not see that coming at all; I'm shocked.,surprise,0.9822536110877991,Normalize,concise and emotionally attuned,It’s completely understandable to feel shocked; many people experience that sudden wave of disbelief in surprising moments. You're not alone in feeling this way—it can really throw you off.,I appreciate you saying that; it definitely feels overwhelming to process right now. It's comforting to know I'm not the only one who's caught off guard like this.,surprise,0.4882057011127472
surprise,I did not see that coming at all; I'm shocked.,surprise,0.9822536110877991,Normalize,concise and emotionally attuned,"It’s completely understandable to feel shocked; many people experience moments like this that leave them feeling blindsided. You're not alone in this, and your feelings are completely valid.","Thank you for saying that; it really helps to know I'm not the only one feeling this way. I just didn't expect it, and it's really thrown me for a loop.",surprise,0.7701421976089478
surprise,"Wow, that was unexpected and surprising.",surprise,0.9771560430526733,Normalize,concise and emotionally attuned,It’s completely understandable to feel that way; many people have moments that catch them off guard. You’re not alone in experiencing those surprising feelings; they can really shake us up.,It’s so true! It’s wild how a moment can turn everything upside down—definitely keeps life interesting!,surprise,0.5602361559867859
surprise,I did not see that coming at all; I'm shocked.,surprise,0.9822536110877991,Normalize,concise and emotionally attuned,"It’s completely understandable to feel shocked; many people have faced unexpected moments that left them reeling. You’re not alone in this, and it’s okay to take the time you need to process it.",Thank you for understanding; it really helps to know I'm not alone in feeling this way. I guess I just need to wrap my mind around it all.,sadness,0.6285089254379272
surprise,I did not see that coming at all; I'm shocked.,surprise,0.9822536110877991,baseline,concise and emotionally attuned,I can imagine how surprising that must be for you. It’s completely understandable to feel shocked. I'm here if you want to talk about it more.,Thank you for understanding! I really appreciate it—I just need a moment to process everything.,joy,0.8841197490692139
surprise,I did not see that coming at all; I'm shocked.,surprise,0.9822536110877991,baseline,concise and emotionally attuned,I completely understand—it's tough to process unexpected news. I'm here for you if you want to talk more about it.,Thank you; it really helps to know you're here for support. I just can't wrap my head around everything right now.,joy,0.7890577912330627
surprise,"Wow, that was unexpected and surprising.",surprise,0.9771560430526733,baseline,concise and emotionally attuned,I can understand how that might feel. It's always surprising when things take a turn like that. I'm here for you!,"Thank you! It really caught me off guard, and I appreciate your support.",joy,0.6996660232543945
surprise,"Wow, that was unexpected and surprising.",surprise,0.9771560430526733,baseline,concise and emotionally attuned,I can see how that caught you off guard. It’s completely understandable to feel that way.,Absolutely! It really threw me for a loop—I'm still processing it all!,surprise,0.6454863548278809
surprise,"Wow, that was unexpected and surprising.",surprise,0.9771560430526733,baseline,concise and emotionally attuned,I can understand how that would feel surprising. It’s completely natural to have those reactions. I'm here for you if you want to talk more about it.,Thank you for understanding! I really appreciate your willingness to talk—it means a lot right now.,joy,0.9679641723632812
