intended_emotion,seed_text,seed_emotion_detected,seed_confidence,strategy,style_modifier,strategy_reply,followup_reply,followup_emotion,followup_confidence
anger,I can't believe you did that! I'm so fed up with your constant lies.,surprise,0.6968171000480652,Validate,concise and emotionally attuned,"It sounds like you're feeling really hurt and frustrated right now, and that's completely understandable. Your feelings are valid, and it's important to acknowledge that deep sense of disappointment.","Yeah, I'm hurt and frustrated! I trusted you, and all I've gotten in return are lies. It's infuriating!",anger,0.9757617115974426
anger,I'm so fed up with this! I've had enough of these excuses.,anger,0.5467840433120728,Validate,concise and emotionally attuned,It sounds like you’re feeling really frustrated and exhausted by the excuses. That must be incredibly draining for you.,You're damn right it’s draining! I’m tired of being patient while nothing changes.,anger,0.6783469915390015
anger,I can't believe you would do something like that! This is absolutely unforgivable!,disgust,0.5411370992660522,Validate,concise and emotionally attuned,It sounds like you're feeling really hurt and betrayed right now. Your emotions are completely valid and it's understandable to feel this way.,Hurt and betrayed doesn’t even begin to cover it! How could you not realize the impact of your actions?,anger,0.6693928837776184
anger,I can’t believe you would do something like that! I'm absolutely furious right now!,anger,0.9809967279434204,Validate,concise and emotionally attuned,"It sounds like you're really hurt and angry right now, and it's completely understandable to feel that way. Your feelings matter, and I can see how this situation has affected you deeply.","You're damn right I’m hurt! This isn’t just some minor issue; it’s completely messed up, and it feels like you don’t even care!",anger,0.5731348991394043
anger,I can’t believe you just went and did that without even asking me! It’s infuriating!,anger,0.8423381447792053,Validate,concise and emotionally attuned,It sounds like you're really hurt and frustrated by what happened. It’s completely understandable to feel that way when things feel rushed or out of your control.,"Yes, I’m hurt and frustrated! It’s just so disrespectful to not include me in the decision-making—like my opinion doesn’t even matter.",anger,0.9063858985900879
anger,I can’t believe you would do something so thoughtless! This is absolutely unacceptable!,anger,0.44055473804473877,Explore,concise and emotionally attuned,It sounds like you’re feeling really hurt and frustrated right now. Can you share more about what specifically upset you about their actions?,"I’m hurt because I trusted them to act responsibly, and they completely disregarded that trust! It’s infuriating to think they didn’t even consider the consequences of their actions.",anger,0.9520100355148315
anger,I can’t believe you would do something like that! It’s infuriating!,anger,0.8546642065048218,Explore,concise and emotionally attuned,It sounds like you’re feeling really upset right now. Can you share what specifically made you feel that way?,What specifically made me feel this way? How about the fact that you completely disregarded my feelings? It's beyond frustrating!,anger,0.611376941204071
anger,I can’t believe you went through with that! It’s infuriating!,anger,0.8677641153335571,Explore,concise and emotionally attuned,It sounds like your partner's reaction is really affecting you. What part of their response feels most frustrating for you right now?,"It’s all of it! The complete disregard for my feelings just makes me so furious—like, how can they not see how hurtful this is?",anger,0.9887632131576538
anger,I can’t believe you would pull something like that; it’s infuriating!,anger,0.8835047483444214,Explore,concise and emotionally attuned,It sounds like you're really upset right now; can you share more about what specifically triggered that feeling for you? What part of their action feels most frustrating?,What triggered it is the sheer disrespect they showed; it's like they don't even care about how their actions affect others. It’s frustrating because it feels like a total lack of accountability!,disgust,0.46915915608406067
anger,I can't believe you just did that! You really crossed the line this time!,surprise,0.9299414753913879,Explore,concise and emotionally attuned,It sounds like what just happened really upset you. Can you share more about what specifically felt crossing the line for you?,It’s not just about one thing; it’s the repeated disrespect that really gets to me! I’ve had enough of being brushed aside like my feelings don’t matter!,anger,0.7595231533050537
anger,I can't believe you thought it was okay to do that without even consulting me first! It’s infuriating!,anger,0.8268845081329346,Reframe,concise and emotionally attuned,"It sounds like your partner’s actions really hurt you, and it makes sense to feel that way when it feels like you weren’t considered. Perhaps seeing this as an opportunity for deeper understanding between you both could help you navigate how to communicate your needs moving forward.","I appreciate the suggestion, but it’s hard to see this as an opportunity right now; it just feels like a massive betrayal. How could they not think to include me in such an important decision?",disgust,0.5062398314476013
anger,I can't believe you did that! You really crossed the line this time.,surprise,0.9357873201370239,Reframe,concise and emotionally attuned,It sounds like your partner is really hurt and feels disrespected; maybe this could be an opportunity for both of you to understand each other's boundaries better and grow closer through the conversation.,"Understanding each other's boundaries is great and all, but that doesn't excuse what you did! You can't just trample over someone and expect them to just forgive and forget!",anger,0.7102545499801636
anger,I can't believe you did that—how could you be so inconsiderate?,surprise,0.8039667010307312,Reframe,concise and emotionally attuned,"It sounds like your partner is feeling really hurt and frustrated right now, which shows how much they care. Maybe this could be an opportunity to understand their perspective better and connect on a deeper level.","Understanding their perspective? Sure, but that doesn’t excuse their complete lack of respect for my feelings. It's infuriating when people don’t even try to consider how their actions affect others!",anger,0.8626800179481506
anger,I'm so fed up with this constant disrespect; it's honestly infuriating!,anger,0.965104341506958,Reframe,concise and emotionally attuned,It sounds like your partner’s frustration mirrors your own; maybe this could be an opportunity for both of you to explore how you can support each other better in addressing these feelings together.,"I get that, but it feels like we've been going in circles instead of actually improving our situation. I need change, not just vague suggestions!",disgust,0.5119020938873291
anger,I can’t believe you did that after everything we talked about! It’s infuriating!,anger,0.7917662858963013,Reframe,concise and emotionally attuned,It sounds like this really hurt and feels like a betrayal after your discussions. Maybe this is a chance for both of you to understand each other's perspectives better and find a way to move forward together.,"Understand each other's perspectives? Sure, but I feel like I've been heard only when it's convenient for you. This isn't just a misunderstanding; it's a blatant disregard for what we agreed on!",disgust,0.4935779571533203
anger,I can’t believe you did that! You seriously crossed the line this time!,surprise,0.9255675077438354,Affirm,concise and emotionally attuned,"It sounds like you're feeling really upset right now, and it's clear you care deeply about our boundaries. I appreciate how passionately you express your feelings; it shows how much you value our relationship.","Yeah, I'm upset because it shouldn't have come to this! Your actions went too far, and I need you to understand how serious this is.",anger,0.7377995252609253
anger,I can't believe you would do something like that after everything we've been through! It's infuriating!,anger,0.8564574718475342,Affirm,concise and emotionally attuned,"I can see how upset you are, and it's clear that you deeply value the history and connection we share. Your feelings matter, and I appreciate your passion in expressing them.","Appreciating my feelings doesn't change what you did! I'm still furious, and I need you to understand just how much this has hurt me.",anger,0.9857684969902039
anger,I can’t believe you went behind my back like that! It’s infuriating!,anger,0.8489320278167725,Affirm,concise and emotionally attuned,"I can see how deeply this has hurt you, and your passion for honesty is truly admirable. Your feelings are completely valid, and it’s clear you care deeply about trust in this relationship.","Sure, you might understand my feelings, but that doesn't change the fact that you betrayed my trust. I'm furious that you thought this was okay!",anger,0.9875094294548035
anger,I can't believe you did that! How could you be so thoughtless?,surprise,0.8702390193939209,Affirm,concise and emotionally attuned,"It sounds like you’re feeling really hurt by what happened, and it's completely valid to express that. Your ability to communicate your feelings shows how much you value your connection.",Of course I'm hurt! It’s hard to value a connection when it feels so one-sided and careless.,anger,0.7187783718109131
anger,I can't believe you went behind my back like that—it's infuriating!,anger,0.9422999024391174,Affirm,concise and emotionally attuned,"I can see how deeply hurt and frustrated you feel, and it’s a testament to your commitment to honesty in your relationship. Your emotions matter, and it's important to express them.","It doesn’t change the fact that you betrayed my trust. I need to know I can rely on you, and right now, I just feel angry and let down.",anger,0.9912192225456238
anger,I can’t believe you did that! I’m so fed up with your constant excuses!,surprise,0.7028369307518005,Guide,concise and emotionally attuned,"It sounds like your partner is really frustrated right now. A good next step could be to acknowledge their feelings, like saying, “I hear you, and I’m sorry that my actions upset you”—then, ask if they'd be open to discussing how you can do better moving forward.",Acknowledging my feelings isn’t enough; I need to see real changes! Enough with the apologies—let’s talk about how you’re actually going to fix this!,anger,0.3053518533706665
anger,I can't believe you did that! It's infuriating!,anger,0.8915398120880127,Guide,concise and emotionally attuned,"I understand how upset you feel; it's important to address this. Try taking a deep breath, then calmly express your feelings to your partner—use ""I"" statements like ""I feel hurt when..."" to open the conversation constructively.","It's easy for you to say that, but how can I calmly express anything when I’m still so angry? I just can't get over how reckless they were!",anger,0.9682732224464417
anger,I can’t believe you did that! It’s completely unacceptable!,disgust,0.38452625274658203,Guide,concise and emotionally attuned,"I understand this feels really upsetting right now. Take a moment to breathe, then try to calmly express how their words affected you, and listen to their perspective to find common ground.","Calm down? Are you kidding me? What they did was beyond disrespectful, and I won’t just let it slide!",anger,0.7371864914894104
anger,I can’t believe you went behind my back like that! That's absolutely infuriating!,anger,0.9014583230018616,Guide,concise and emotionally attuned,I understand how hurtful that must feel. Take a deep breath and consider expressing your feelings to your partner calmly—sharing how their actions affected you might help clear the air and lead to a constructive conversation.,Calm? How can I calm down when trust has been completely shattered? I don’t think this is something that can just be talked out so easily!,fear,0.4560723602771759
anger,I can't believe you did that! You have no idea how frustrating this is!,surprise,0.5766531825065613,Guide,concise and emotionally attuned,I understand how hurtful and overwhelming this feels. Take a deep breath and consider expressing your feelings calmly: let your partner know why their words affect you and suggest a time to discuss this together further.,"I appreciate your suggestion, but it doesn't change the fact that I'm just so angry right now! How could they not see the impact of their words?",anger,0.979908287525177
anger,I can't believe you went behind my back like that! That's so unfair!,anger,0.5564517974853516,Normalize,concise and emotionally attuned,"It sounds incredibly hurtful to feel betrayed like that; many people feel similarly when trust is broken, and your feelings are completely valid. You're not alone in experiencing this frustration and pain.","That's not really the point, though! It's about the betrayal and how you could do this to me—wanting to brush it off like it's just something everyone goes through is infuriating!",anger,0.9705702662467957
anger,I can't believe you just did that! How could you be so thoughtless?,surprise,0.8854407668113708,Normalize,concise and emotionally attuned,"It’s completely understandable to feel hurt and frustrated when someone’s actions seem thoughtless; many people experience similar feelings in their relationships. Your feelings are valid, and it’s okay to express them.","Valid feelings or not, that doesn't excuse what you did! It’s infuriating to see you brush this off like it’s no big deal.",anger,0.9479926824569702
anger,I can't believe you would do something so thoughtless! That was completely disrespectful!,anger,0.44339799880981445,Normalize,concise and emotionally attuned,"It’s understandable to feel hurt when someone we care about perceives our actions as thoughtless; many people can relate to feeling disrespected in a relationship, and it’s tough to navigate those emotions. You’re not alone in this experience.","I appreciate your attempt to empathize, but that doesn’t excuse the lack of consideration you showed. It’s infuriating that you seem to brush this off instead of actually acknowledging how wrong it was!",anger,0.9364538192749023
anger,I can't believe you didn't even bother to check in with me about this! It's infuriating!,anger,0.9145728945732117,Normalize,concise and emotionally attuned,"It sounds like you're feeling deeply frustrated, and it's completely understandable to want that connection and communication. Many people experience similar feelings when they feel overlooked in important moments.","Of course, I'm frustrated! It's not just about being overlooked; it shows a lack of respect for me and what I care about. I need to know that I matter in these decisions!",anger,0.9723514318466187
anger,I can’t believe you would do something like that; it’s infuriating!,anger,0.8949252963066101,Normalize,concise and emotionally attuned,"It’s completely understandable to feel infuriated when something like this happens; many people have similar reactions when they feel hurt or misunderstood. Your feelings are valid, and it's okay to express them.",It's not just about feeling hurt—it's about the sheer disrespect! How can anyone think that kind of behavior is acceptable?,anger,0.8373085856437683
anger,I can't believe you did that! It's unbelievable how reckless you can be!,surprise,0.6985411643981934,baseline,concise and emotionally attuned,"I hear you, and I understand why you're feeling this way. It's important for us to talk about it.",Talking about it won’t change what happened! I’m still furious that you didn’t think things through.,anger,0.9782556891441345
anger,"I can't believe you would do something like that, it's completely unacceptable!",disgust,0.3802535831928253,baseline,concise and emotionally attuned,"I understand why you're feeling this way, and I'm here to listen. Your feelings are important to me.",Listening isn’t enough right now; you need to take responsibility for your actions. This isn’t just about feelings—this was a serious mistake.,sadness,0.5739732980728149
anger,I can't believe you did that! How could you not even think of the consequences?,surprise,0.8475182056427002,baseline,concise and emotionally attuned,"I understand why you're feeling this way. It's important to talk about it, and I’m here to listen.",Listening isn’t enough! You need to take responsibility for your actions and understand the damage you’ve caused.,anger,0.41862058639526367
anger,I can't believe you would do something so thoughtless; it's infuriating!,anger,0.9538777470588684,baseline,concise and emotionally attuned,"I understand why you feel that way, and I’m really sorry for hurting you. Your feelings are valid, and I appreciate you sharing them with me.","Your apology sounds nice, but it doesn’t change the fact that your actions were reckless. I’m still really angry about this!",anger,0.9721168279647827
anger,I can't believe you would betray my trust like that! How could you?,surprise,0.4746033251285553,baseline,concise and emotionally attuned,"I’m really sorry to hear that you feel this way. I understand how hurtful this must be for you, and I want to talk about it when you’re ready.",I don’t want to hear about your understanding right now; your apology feels empty after what you’ve done. Just give me some space.,sadness,0.8836635947227478
disgust,"Ugh, I can’t believe I just touched that—what a disgusting mess!",disgust,0.9881749153137207,Validate,concise and emotionally attuned,It sounds really frustrating to deal with something so gross; it’s totally understandable to feel that way!,Right? It's just vile how some people can leave things in such a state! I can't get over the ick factor.,disgust,0.9756798148155212
disgust,"Ugh, I can't believe they left the leftovers out like that; it smells terrible!",disgust,0.8926085233688354,Validate,concise and emotionally attuned,It sounds really frustrating to deal with that smell when it shouldn't be like that. It’s totally understandable to feel upset in this situation.,Exactly! It’s not just frustrating; it’s downright disgusting. Who thinks it's okay to leave food out to rot?,disgust,0.9885973334312439
disgust,"Ugh, I can’t believe I just stepped in that! It’s absolutely disgusting!",disgust,0.9855729937553406,Validate,concise and emotionally attuned,That sounds really frustrating! It's completely understandable to feel grossed out by that.,Right? It's such a gross surprise to deal with. How can people be so careless?,disgust,0.45849481225013733
disgust,"Ugh, I can't believe someone would leave their dirty dishes piled up like that. It's absolutely disgusting!",disgust,0.9879434704780579,Validate,concise and emotionally attuned,It’s really frustrating to see such inconsiderate behavior; it makes you feel overwhelmed by the mess. You’re totally justified in feeling disgusted by that!,Exactly! It's just so inconsiderate to leave it for others to deal with. The mess is infuriating!,anger,0.8724549412727356
disgust,"Ugh, I can't believe someone would actually do that. It’s so gross!",disgust,0.9793197512626648,Validate,concise and emotionally attuned,It sounds like you’re really disgusted by that situation; it’s completely understandable to feel grossed out when people act that way.,"Absolutely, it's just so unacceptable. I can’t wrap my head around how someone could think that's okay!",disgust,0.7147982716560364
disgust,"Ugh, I can't believe you would eat that. It looks absolutely gross!",disgust,0.9806793928146362,Explore,concise and emotionally attuned,It sounds like you really have a strong reaction to what I chose to eat. What specifically about it seems off to you?,It's just that the combination of flavors and textures looks downright disgusting. I can't imagine how you could enjoy that!,disgust,0.9877756834030151
disgust,"Ugh, I can't believe I just touched that. It’s so gross!",disgust,0.9792895317077637,Explore,concise and emotionally attuned,It sounds like that was a really unsettling moment for you. What about it felt the most gross or surprising?,"Honestly, it was the unexpected sliminess of it that really caught me off guard. Just thinking about it makes my stomach turn!",surprise,0.7956237196922302
disgust,"Ugh, I can't believe I just touched that—it's absolutely disgusting!",disgust,0.9877091646194458,Explore,concise and emotionally attuned,It sounds like that moment really upset you. What was it that you found most surprising or unsettling about the experience?,"Honestly, it was the sheer filth of it all. I didn't expect something so gross to be right in front of me—ugh, just thinking about it makes my skin crawl!",disgust,0.9872495532035828
disgust,"Ugh, I can't believe I just stepped in that—what a gross mess!",disgust,0.9661282896995544,Explore,concise and emotionally attuned,That sounds really frustrating! What did you feel in that moment when you realized what happened?,"It was just a wave of disgust and disbelief—like, how can something so nasty be right there? I wanted to wipe my shoe off immediately and forget it ever happened!",disgust,0.9521206021308899
disgust,"Ugh, I can't believe someone would leave that mess here. It's so gross!",disgust,0.9793459177017212,Explore,concise and emotionally attuned,That does sound frustrating! What specifically about the mess bothers you the most?,It's just revolting seeing trash carelessly thrown around like it's normal. It makes the whole place feel filthy and disrespectful.,disgust,0.9753537774085999
disgust,"Ugh, I can’t believe I touched that! It’s so gross!",disgust,0.9760826826095581,Reframe,concise and emotionally attuned,It’s totally understandable to feel grossed out; sometimes these little moments remind us that we're all human and face icky situations. Maybe it's a chance to laugh off the discomfort together!,"I guess, but it’s still hard to shake off how disgusting it was! I really just want to scrub my hands forever.",disgust,0.985077440738678
disgust,"Ugh, I can't believe they served that again; it looks and smells absolutely terrible!",disgust,0.897095799446106,Reframe,concise and emotionally attuned,"I can understand how frustrating it must be to see the same dish again, especially when you're hoping for something more appealing; maybe it's a chance to find humor in the situation together or appreciate the familiarity it brings amid our busy days.","I get that, but seriously, it's hard to find anything funny about being served this disgusting slop again. Familiarity doesn't exactly make it any more appetizing!",disgust,0.98859041929245
disgust,"Ugh, I can't believe I just stepped in that. It’s so gross!",disgust,0.9760459065437317,Reframe,concise and emotionally attuned,"I can understand how frustrating that must be—it's such an unpleasant surprise! Maybe it can serve as a reminder that life has its messy moments, but we can laugh about them later.","Sure, a reminder, but right now it just feels like a total nightmare! How can anyone find humor in stepping in something so disgusting?",disgust,0.9790424704551697
disgust,"Ugh, I can't believe someone would leave their dirty dishes piled up like that—it's just repulsive.",disgust,0.9760511517524719,Reframe,concise and emotionally attuned,"It’s definitely frustrating to see that mess, but it might help to think of it as a reminder of how much we value cleanliness and order in our space. It shows how much we care about creating a comfortable home together.","Sure, but it still doesn't excuse the laziness. It's just gross, and I can't get over how thoughtless that is!",disgust,0.9698736667633057
disgust,"Ugh, I can’t believe I just stepped in that—it's absolutely gross!",disgust,0.9757335782051086,Reframe,concise and emotionally attuned,"It’s frustrating to deal with something so unexpected, but maybe it’s a little reminder that life has its messy moments, even when we least expect them. You’ve handled worse, and this too will pass!","Sure, life can be messy, but stepping in that is still just revolting! No amount of perspective makes that less disgusting.",disgust,0.9878656268119812
disgust,"Ugh, I can't believe I just stepped in that—it's absolutely disgusting!",disgust,0.9872986674308777,Affirm,concise and emotionally attuned,It’s totally understandable to feel grossed out by that! Your ability to express your frustration shows you’re aware and sensitive to your surroundings.,"Thanks, but honestly, it's just infuriating that people can't clean up after themselves. I shouldn't have to watch where I step like I'm in some kind of landfill!",anger,0.7966862320899963
disgust,"Ugh, I can't believe I found that slimy thing in my food. That's absolutely disgusting!",disgust,0.9864326119422913,Affirm,concise and emotionally attuned,I totally get how unsettling that must be for you; it's clear you have a keen eye for quality and deserve a better dining experience. Your feelings are completely valid!,"Thanks for understanding, but it's hard to shake off the grossness of finding that in my meal. Honestly, who would even find that acceptable?",disgust,0.9773857593536377
disgust,"Ugh, I can't believe I just stepped in that—it's so gross!",disgust,0.9763106107711792,Affirm,concise and emotionally attuned,"I totally get how frustrating that feels! Your ability to express those feelings shows how genuine you are, and that's a strength worth celebrating.","Thanks, but honestly, celebrating the fact that I just stepped in something disgusting is a stretch! It’s just infuriating to deal with.",disgust,0.9541534781455994
disgust,"Ugh, I can't believe I just found that moldy food in the back of the fridge; it's absolutely revolting!",disgust,0.9189254641532898,Affirm,concise and emotionally attuned,It's completely understandable to feel grossed out by that; your attention to detail shows how much you care about keeping your space clean. Recognizing these things is a sign of your commitment to a healthy environment!,"Thanks, but honestly, it's just frustrating that it was even there in the first place! It's disgusting to think about what it could mean for my food safety.",disgust,0.9881894588470459
disgust,"Ugh, I can't believe they left the food out for so long—it's completely spoiled!",disgust,0.7566604614257812,Affirm,concise and emotionally attuned,It’s totally understandable to feel frustrated about that; your attention to detail shows how much you care about keeping things right. It’s great that you noticed—it really highlights your awareness and responsibility!,"Thanks, but honestly, it's just gross! How could anyone think leaving spoiled food around is okay?",disgust,0.9831876158714294
disgust,"Ugh, I can't believe I just stepped in that. It’s absolutely gross!",disgust,0.9782333374023438,Guide,concise and emotionally attuned,"It’s really frustrating to deal with that! Take a deep breath and find a nearby spot to clean your shoe, then maybe lighten the mood by sharing a funny story to take your mind off it. You've got this!","Thanks for the advice, but I’m still feeling grossed out! I just can’t shake this feeling until my shoe is clean!",disgust,0.943034827709198
disgust,"Ugh, I can't believe I just stepped in that—so gross!",disgust,0.9713106751441956,Guide,concise and emotionally attuned,"I understand how frustrating that can be! Take a deep breath, clean your shoes with some warm soapy water, and maybe grab a lighthearted moment together to laugh it off. You're handling it!","Thanks for the advice, but it doesn't change how disgusting that was! I just need to vent about the grossness for a sec before I can laugh it off!",disgust,0.9870530962944031
disgust,"Ugh, I can’t believe I just touched that! It’s absolutely gross!",disgust,0.9748525619506836,Guide,concise and emotionally attuned,I totally get that—it feels really uncomfortable! Try washing your hands with soap and water to help you feel better and shake off that icky feeling.,"Yeah, I definitely need to! Just thinking about it makes my skin crawl.",disgust,0.7750770449638367
disgust,"Ugh, I can't believe they served that for dinner—it's absolutely disgusting!",disgust,0.9880214929580688,Guide,concise and emotionally attuned,It sounds really frustrating to have a meal you don't enjoy! Maybe you could suggest ordering takeout or preparing a quick snack together to make the evening brighter.,"Yeah, it’s just revolting to think about eating it. Takeout sounds way better than enduring another bite of that mess!",disgust,0.8414657115936279
disgust,"Ugh, just the thought of that makes my stomach turn. I can't believe anyone would eat that!",disgust,0.772726833820343,Guide,concise and emotionally attuned,It's totally okay to feel that way—everyone has different tastes! Maybe you could suggest a fun cooking night together to explore new recipes that you both enjoy.,"I get that, but some things are just beyond help! There's no recipe in the world that could make me enjoy that kind of food.",neutral,0.5103962421417236
disgust,"Ugh, I can't believe I just touched that. It was so gross!",disgust,0.9811150431632996,Normalize,concise and emotionally attuned,It’s completely understandable to feel grossed out; many people would react the same way in that situation. It’s okay to be uncomfortable—you're definitely not alone in feeling that way!,"I appreciate that, but honestly, I just can't shake the feeling. It was absolutely vile!",disgust,0.9634926319122314
disgust,I can't believe they put pineapple on pizza—it's just wrong!,surprise,0.5602807402610779,Normalize,concise and emotionally attuned,It’s totally understandable to feel strongly about pizza toppings—many people have passionate opinions on food! You’re definitely not alone in finding the idea of pineapple on pizza a bit of a shock.,"I get that others have their preferences, but some food combinations are just beyond me—pineapple on pizza is a culinary crime!",disgust,0.7468868494033813
disgust,"Ugh, I just can't believe someone would leave their dirty dishes like that. It's absolutely revolting.",disgust,0.951133131980896,Normalize,concise and emotionally attuned,It’s really frustrating when people don’t clean up after themselves; many of us feel that way too. It’s completely understandable to be upset about a situation like this.,"Exactly! It's just so inconsiderate; it makes me question how some people can be so thoughtless. Seriously, a little effort goes a long way!",disgust,0.4448816478252411
disgust,"Ugh, I can't believe I just stepped in that! It's absolutely gross.",disgust,0.9792473912239075,Normalize,concise and emotionally attuned,It’s so frustrating when that happens; many people have been there and felt that same annoyance. It’s okay to feel grossed out—those moments can really throw you off!,"Seriously, it’s just disgusting! I can't believe people can't be more careful—it's so inconsiderate.",disgust,0.989751935005188
disgust,"Ugh, I can’t believe someone left that food out; it looks absolutely vile.",disgust,0.9821380376815796,Normalize,concise and emotionally attuned,It’s frustrating to see food left out like that; so many people can relate to that feeling of disgust. You're definitely not alone in feeling that way!,"Exactly! It’s such a waste, too—who in their right mind thinks that's acceptable?",disgust,0.8078241944313049
disgust,"Ugh, I can't believe I stepped in that! What a gross mess.",disgust,0.9767730236053467,baseline,concise and emotionally attuned,That sounds really frustrating! It’s such a hassle when that happens. I’m here for you if you want to vent or need help cleaning it up.,"Thanks, but I really just want to wipe my shoe and forget this ever happened. It's just so gross!",disgust,0.9656147360801697
disgust,"Ugh, I can’t believe someone actually left that in the sink; it's so gross!",disgust,0.9768984913825989,baseline,concise and emotionally attuned,I totally get why that’s frustrating! It’s such a bummer when people don’t clean up after themselves.,"Right? It’s honestly disgusting how some people can be so inconsiderate. Clean up after yourself, it's not that hard!",disgust,0.9885293841362
disgust,"Ugh, I can’t believe I just stepped in that. That’s so gross!",disgust,0.9672754406929016,baseline,concise and emotionally attuned,That sounds really frustrating! It’s the last thing you want to deal with. I'm here for you!,"Thanks, I appreciate it! It's just infuriating to have something so disgusting ruin my day.",disgust,0.9248945116996765
disgust,"Ugh, I can't believe you just touched that. It’s absolutely gross!",disgust,0.9808627367019653,baseline,concise and emotionally attuned,I get that it's really unsettling for you. Your feelings are totally valid!,"Thanks for understanding, but seriously, how can you even stand to be that close to it? It’s just revolting!",disgust,0.7587186694145203
disgust,"Ugh, that smell is absolutely repulsive! I can’t believe anyone would let it get that bad.",disgust,0.9657564759254456,baseline,concise and emotionally attuned,I totally get how frustrating that is. It’s really tough to deal with something so unpleasant.,Right? It's just infuriating that people can be so careless. It's like they have no sense of decency!,anger,0.8194286823272705
fear,I can't shake this feeling that something terrible is about to happen. What if I’m not ready for it?,fear,0.9800196886062622,Validate,concise and emotionally attuned,"It sounds really overwhelming to feel that something terrible might happen, and I can understand why you would worry about not being ready for it. Those feelings are definitely valid and can be really tough to carry.",It’s just so hard to focus on anything else when this fear hangs over me. What if I really can’t handle whatever is coming my way?,fear,0.9866265654563904
fear,I could feel my heart racing as I heard footsteps behind me in the dark.,fear,0.9893518090248108,Validate,concise and emotionally attuned,It sounds really unsettling to have your heart racing like that in the dark; those feelings of fear and uncertainty can be so intense.,"Absolutely, it's like my instincts take over, and every sound feels amplified. The darkness just heightens that fear, making it hard to shake off the feeling that something—or someone—might be lurking nearby.",fear,0.9769741892814636
fear,I can't shake this feeling that something terrible is about to happen. What if we’re not safe here?,fear,0.9829498529434204,Validate,concise and emotionally attuned,It sounds like you're really overwhelmed by that sense of unease and fear for your safety. It’s completely understandable to feel anxious when you're facing those feelings.,"Yes, it’s like this heavy weight pressing down on me. What if my instincts are right and we’re in danger?",fear,0.930061936378479
fear,I can’t shake this feeling that something terrible is going to happen. Every shadow feels alive.,fear,0.9619517922401428,Validate,concise and emotionally attuned,"It sounds like you're feeling really unsettled and anxious right now, almost as if everything around you has a heavy weight to it. That feeling of impending doom can be incredibly overwhelming.","Yes, it really is overwhelming. I can almost hear the whispers in the dark, like something is lurking just out of sight, waiting for the right moment to reveal itself.",fear,0.8711898922920227
fear,I can’t shake this feeling in my stomach; it’s like something terrible is about to happen.,fear,0.9636778831481934,Validate,concise and emotionally attuned,"It sounds really overwhelming to feel that way, like there's a heavy weight in your stomach. It’s completely understandable to be on edge with such a strong feeling.","Yes, it feels like this weight just won’t lift. I can’t help but wonder what’s lurking around the corner.",surprise,0.7769451141357422
fear,I can't shake this feeling that something's watching me; it's like my heart is racing for no reason.,fear,0.9679392576217651,Explore,concise and emotionally attuned,That sounds really unsettling. Can you share more about when you first started feeling this way or any specific situations that seem to trigger it?,"It hits me most at night, especially when I'm alone in my room; it’s like every little noise amplifies that feeling. I just can't help but feel like there’s someone lurking in the shadows.",fear,0.92083740234375
fear,I can’t shake this feeling that something terrible is lurking just around the corner.,fear,0.981762170791626,Explore,concise and emotionally attuned,That sounds really unsettling. Can you share more about what specifically makes you feel that way right now?,"It's the little things, really—like shadows that seem to stretch longer and whispers in the wind that make my heart race. I can't quite put my finger on it, but it's like danger is just waiting to pounce.",fear,0.93161541223526
fear,"I can’t shake this feeling like something terrible is about to happen. My heart is racing, and I just want to hide.",fear,0.9710908532142639,Explore,concise and emotionally attuned,That sounds really overwhelming. Can you share what thoughts or situations are contributing to this feeling?,"I keep imagining worst-case scenarios, like losing someone I care about or facing a big, life-changing event. It’s like a dark cloud hovering over me, and I can’t see a way out.",fear,0.6193562150001526
fear,I could feel my heart racing as I heard that strange noise behind me in the dark. What if something was following me?,fear,0.9797341227531433,Explore,concise and emotionally attuned,That sounds really intense; what kind of thoughts were swirling in your mind as you heard that noise? Did it remind you of any past experiences or fears?,"My mind raced with images of shadows and unseen threats, the kind of fears that have haunted me since childhood. What if it was something out there, waiting for the moment to pounce?",fear,0.9876980185508728
fear,I can't shake the feeling that something terrible is about to happen. It's like I can feel the air thickening around me.,fear,0.9725015759468079,Explore,concise and emotionally attuned,That sounds really intense—what do you think is contributing to that feeling for you? Can you share more about what’s been on your mind lately?,"I keep replaying unsettling news stories in my head, and it feels like they’re closing in on me. It’s as if my instincts are warning me, but I can’t quite pinpoint why.",fear,0.9671015739440918
fear,"I can't shake this feeling that something terrible is about to happen. It's like I'm being watched, and it sends chills down my spine.",fear,0.9735661149024963,Reframe,concise and emotionally attuned,"It sounds like you're really in tune with your feelings right now, which shows your sensitivity to your surroundings. Perhaps this awareness can be a way to prioritize your safety and self-care, helping you navigate this unease more effectively.","I appreciate that perspective, but it doesn't ease the unsettling weight in my chest. It just feels like the tension is building, and I'm not sure how to handle it.",fear,0.8786447644233704
fear,"I can’t shake the feeling that someone’s watching me, and it sends a chill down my spine.",fear,0.9650282859802246,Reframe,concise and emotionally attuned,"It sounds really unsettling to feel that way, but maybe it’s your heightened awareness sensing something deeper within yourself—an opportunity to explore what those feelings might really mean for you. You're not alone in this, and it’s okay to seek comfort amidst the uncertainty.","I appreciate your perspective, but that doesn’t lessen the fear that’s gripping me. It feels like there’s something out there, and I just can’t ignore it.",fear,0.9177119731903076
fear,"I can't shake this feeling that something terrible is about to happen. My heart is racing, and I just want to hide.",fear,0.9736064672470093,Reframe,concise and emotionally attuned,"It sounds like your feelings are really overwhelming right now, almost like a storm brewing inside you. But it's important to remember that sometimes, those intense emotions can signal a need for rest or a moment to check in with yourself, rather than a foreboding future.","I appreciate that perspective, but it feels so real and close, like the storm is already here. I just wish I could find a safe place to escape it.",neutral,0.3909505009651184
fear,"I can’t shake this feeling that something terrible is about to happen. My heart is racing, and I just want to run.",fear,0.9783722758293152,Reframe,concise and emotionally attuned,"It sounds like your partner is really feeling overwhelmed right now, and it might help to see this feeling as a signal that they need to pause and take care of themselves. It's okay to acknowledge that fear; it often shows us where we need compassion and support.","I know I should be more compassionate, but this fear is suffocating. How do I even begin to process it when it feels so urgent?",fear,0.9564913511276245
fear,I can’t shake this feeling that something is watching me from the shadows. Every little sound makes my heart race.,fear,0.9897828698158264,Reframe,concise and emotionally attuned,"It sounds like you're really feeling the weight of anxiety right now, which is completely understandable. Maybe instead of seeing it as something lurking in the shadows, you could view those feelings as your mind's way of highlighting your need for safety and comfort.","I appreciate that perspective, but it doesn’t change the cold sweat running down my back. The shadows still feel like they’re closing in, and it just makes me more on edge.",neutral,0.637012779712677
fear,I can’t shake this feeling in my gut; something terrible is about to happen.,fear,0.976689338684082,Affirm,concise and emotionally attuned,It's really courageous of you to share your feelings; acknowledging your emotions shows strength and awareness. Trust in your ability to navigate through this uncertainty—you're not alone.,"I appreciate your kind words, but I still can't help feeling that this weight in my chest is a warning. It's hard to stay hopeful when the anxiety feels so overwhelming.",fear,0.9617279767990112
fear,"I can’t shake this feeling that something terrible is about to happen. It’s like a shadow looming over me, and I can’t escape it.",fear,0.9821081757545471,Affirm,concise and emotionally attuned,"It’s completely valid to feel that way, and it shows your awareness of your emotions, which is a strength. Acknowledging these feelings is the first step in navigating through them, and you’re doing just that.","Thank you for understanding, but it doesn’t make the fear any less suffocating. I just wish I could find a way to push that shadow away.",fear,0.865317165851593
fear,I can't shake the feeling that something is watching me from the shadows.,fear,0.9907384514808655,Affirm,concise and emotionally attuned,"It's brave of you to express those feelings; acknowledging them is the first step in facing what’s on your mind. Your awareness is a strength, and it shows how in tune you are with your surroundings.","I appreciate that, but the more I acknowledge it, the stronger the feeling becomes. It’s like the shadows are closing in, and I just can’t escape this sense of being hunted.",fear,0.7727929949760437
fear,"I can’t shake this feeling that something terrible is about to happen. My heart is racing, and I just want to hide.",fear,0.9749829173088074,Affirm,concise and emotionally attuned,"It's completely understandable to feel overwhelmed at times, and recognizing those feelings shows your strength and self-awareness. You're doing your best to cope, and that is truly commendable.","Thank you, but it doesn’t ease the tight grip of fear. I just wish I could find a way to calm this racing heart and dark cloud looming over me.",fear,0.8664880990982056
fear,I felt my heart race as I heard that strange noise coming from the dark hallway. I couldn’t shake the feeling that I wasn’t alone.,fear,0.9743179678916931,Affirm,concise and emotionally attuned,It's completely understandable to feel that way; your awareness of your surroundings shows how in tune you are with your instincts. Trusting those feelings is a strength that can help keep you safe.,But what if I’m too aware? What if listening to those instincts draws me closer to something I should be running away from?,fear,0.8494608998298645
fear,"I can’t shake this feeling, like something is watching me from the shadows. It’s unsettling, and every little sound makes my heart race.",fear,0.9724813103675842,Guide,concise and emotionally attuned,"I’m really sorry you’re feeling this way; it sounds really uncomfortable. Try grounding yourself by taking deep breaths and focusing on your surroundings—count five things you can see, four you can touch, three you can hear, two you can smell, and one you can taste. This might help bring you back to a calmer state.","I appreciate your advice, but it's hard to focus when every creak and whisper feels so loud. I can’t help but think whatever's lurking might be closer than I want to believe.",fear,0.6824357509613037
fear,I can't shake this feeling that something isn't right; it's like a chill creeping down my spine.,fear,0.9635847806930542,Guide,concise and emotionally attuned,"It sounds like you both share a deep concern; take a moment together to talk about those feelings. Try grounding exercises, like deep breathing or going for a walk, to help ease the tension and gain some clarity.","I appreciate the suggestion, but even talking about it feels daunting; it’s hard to shake this overwhelming sense of dread that's settled in.",fear,0.9885867238044739
fear,I can’t shake this feeling that something terrible is about to happen. It’s like a heavy weight sitting in my chest.,fear,0.9678970575332642,Guide,concise and emotionally attuned,"It sounds really tough to feel that way; it's completely valid to be overwhelmed. Try taking a few deep breaths, and if you can, write down your thoughts or talk to someone close for support—sometimes sharing what we're feeling can lighten that weight.","I appreciate your understanding; it really does feel like I'm carrying a dark cloud around. I’ll try those suggestions, but I still can’t help but feel this looming dread.",fear,0.9707944989204407
fear,"I can't shake this feeling that something's watching me, and it's making my heart race.",fear,0.9736741781234741,Guide,concise and emotionally attuned,"It sounds really unsettling to feel that way; it’s important to acknowledge your feelings. Try to ground yourself by taking slow, deep breaths and focusing on your surroundings—maybe even find a calming space or a comforting distraction to help ease that tension.","I appreciate the advice, but no matter how deep I breathe, the sense of being watched creeps back in. It feels like there’s something lurking just outside my view.",fear,0.6882287263870239
fear,"I can't shake this feeling that something terrible is about to happen. My heart is racing, and I just want to hide.",fear,0.9736064672470093,Guide,concise and emotionally attuned,"It’s completely understandable to feel that way; try taking deep breaths and finding a quiet space to ground yourself. Focus on what you can see, hear, and feel right now to bring yourself back to the present moment. You're not alone in this.","I appreciate your advice, but it’s hard to breathe when all I can think about is the darkness lurking around me. I just wish I could feel safe again.",joy,0.9078472256660461
fear,"I can’t shake this feeling that something bad is about to happen. My heart is racing, and I just want to run.",fear,0.8204302191734314,Normalize,concise and emotionally attuned,"It’s completely understandable to feel this way; many people experience those intense moments when anxiety grips them, and it can feel overwhelming. You’re not alone in facing these feelings, and it’s okay to acknowledge how tough this is right now.","Thank you for understanding, but it still doesn’t ease the fear gnawing at me. I can’t help but feel like something terrible is lurking just out of sight.",fear,0.973699152469635
fear,"I can't shake the feeling that something’s watching me in the dark. My heart’s racing, and I can hardly breathe.",fear,0.9514763951301575,Normalize,concise and emotionally attuned,"It’s completely understandable to feel that way; many people experience similar fears in the dark. Your feelings are valid, and it’s okay to acknowledge how intense and unsettling that can be.","I appreciate that, but it doesn’t make the fear any less real. Every shadow feels like it’s hiding something, and I can’t help but feel trapped in my own panic.",fear,0.97259122133255
fear,"I can't shake this feeling like something terrible is about to happen. My heart is racing, and I just want to hide.",fear,0.9689595103263855,Normalize,concise and emotionally attuned,"It’s really tough to feel that way, and many people have moments where anxiety makes everything feel overwhelming. You're not alone in this experience; it’s okay to feel what you’re feeling.","Thank you for saying that. It just feels so isolating right now, like I'm trapped in this fear and can't escape it.",fear,0.6864397525787354
fear,"I can’t shake this feeling that something terrible is about to happen. My heart is racing, and I just want to get out of here.",fear,0.9677071571350098,Normalize,concise and emotionally attuned,"It's completely understandable to feel that way; many people experience similar intense moments of anxiety and fear. You're not alone in this, and it's okay to acknowledge how overwhelming it can be.","I appreciate that, but it doesn’t make the weight on my chest any lighter. I just can’t help but feel like I need to run while I still can.",joy,0.6324392557144165
fear,I can’t shake this feeling in my stomach; it’s like something bad is about to happen.,fear,0.9088393449783325,Normalize,concise and emotionally attuned,"It’s really tough to feel that way, and many people experience similar sensations when anxiety creeps in. You're not alone in this; it's completely natural to be uneasy sometimes.","I know I’m not alone, but it’s hard to find comfort in that right now. Every minute just feels heavier, like everything is hanging by a thread.",sadness,0.8379799723625183
fear,"I can’t shake the feeling that someone’s watching me, and it sends chills down my spine.",fear,0.9509423971176147,baseline,concise and emotionally attuned,I totally understand how unsettling that can feel. It’s tough when those feelings creep in. I’m here if you want to talk more about it.,"Thank you for understanding. I just can’t help but feel like I’m not alone, and it’s really unnerving.",fear,0.9004209637641907
fear,"I can’t shake this feeling that something’s watching me in the dark. My heart is racing, and I can’t move.",fear,0.963707685470581,baseline,concise and emotionally attuned,I’m really sorry to hear that you’re feeling this way. It’s completely understandable to feel scared in the dark. I’m here for you—you're not alone in this.,"Thank you for saying that. It helps a little, but I still can’t shake the feeling; it’s like the shadows are closing in on me.",fear,0.9435014128684998
fear,I can’t shake this feeling in my stomach; it’s like every shadow holds a secret I’m not ready to uncover.,fear,0.9180891513824463,baseline,concise and emotionally attuned,"I hear you, and that feeling can be so overwhelming. It's okay to take your time with it. I'm here for you whenever you want to talk more about it.","Thank you, it means a lot to have someone who understands. I just can't help but feel like something's lurking just beneath the surface, and it's terrifying.",fear,0.9781427383422852
fear,"I can’t shake this feeling that something terrible is about to happen. My heart is racing, and I just want to run.",fear,0.9783722758293152,baseline,concise and emotionally attuned,"I'm really sorry to hear you're feeling this way. It's completely understandable to be overwhelmed. I'm here for you, so let’s take a moment together to breathe and just be.","Thank you for being here, but it’s hard to calm down when I feel this dread creeping in. I just wish I could escape it.",fear,0.9879773259162903
fear,"My heart is racing, and I can't shake the feeling that something terrible is about to happen.",fear,0.9763830900192261,baseline,concise and emotionally attuned,"I’m really sorry to hear you’re feeling this way. It’s tough to deal with those racing thoughts. I’m here for you, and we can talk through it together.",Thank you for being here. I just can’t escape this gnawing worry that something awful is looming just out of sight.,fear,0.9667696356773376
joy,I can't believe it—I just received the best news ever! I'm absolutely over the moon right now!,surprise,0.9322547316551208,Validate,concise and emotionally attuned,That sounds incredible! I can feel your excitement—it’s such a wonderful feeling to receive amazing news like that!,Thank you! I can't stop smiling; it's like everything just fell into place!,joy,0.9406282305717468
joy,I can't believe it! This is the best day ever!,surprise,0.8765966892242432,Validate,concise and emotionally attuned,It sounds like you’re feeling incredibly excited and happy right now! That joy is so precious—I'm so glad you're experiencing such a wonderful day!,"Thank you! It really is a fantastic feeling, and I just want to soak it all in!",joy,0.9873691201210022
joy,I can't believe we finally did it! This is the happiest moment of my life!,surprise,0.5472837686538696,Validate,concise and emotionally attuned,It’s amazing to hear how incredibly happy you are right now! That sense of achievement must feel so uplifting for you.,"Absolutely, it's like a dream come true! I feel like I'm on top of the world right now!",joy,0.8615423440933228
joy,I can’t believe we finally did it! I’m so happy right now!,joy,0.5600667595863342,Validate,concise and emotionally attuned,It sounds like you're feeling an incredible sense of joy and disbelief right now—what an amazing achievement to share!,"Absolutely! It’s such a surreal moment, and I just want to soak in every bit of this happiness!",surprise,0.810242772102356
joy,I can't believe it! This is the best news I've gotten in ages!,surprise,0.9449019432067871,Validate,concise and emotionally attuned,That’s incredible! It sounds like you're feeling really excited and overwhelmed with joy right now.,Absolutely! I’m practically buzzing with excitement—this feels like such a huge win!,joy,0.8044386506080627
joy,I can't believe it! This is the best day ever!,surprise,0.8765966892242432,Explore,concise and emotionally attuned,That sounds amazing! What’s making today feel so special for you?,"I just got some fantastic news that I've been waiting for, and it feels like everything is falling into place! It’s such an exciting moment!",joy,0.960628092288971
joy,I can't believe it! This moment feels so incredible; I’m absolutely overflowing with happiness!,surprise,0.9496393799781799,Explore,concise and emotionally attuned,What specifically is making you feel this way right now? Can you share more about what this moment means to you?,"I'm just basking in the sheer joy of achieving something I’ve worked so hard for! It feels like all the effort has finally paid off, and I can’t help but smile.",joy,0.9880815744400024
joy,I can't believe it! This is the best surprise ever!,surprise,0.9430417418479919,Explore,concise and emotionally attuned,That sounds really exciting! What made this surprise feel so special for you?,It’s just so unexpected and heartfelt! It’s the thoughtfulness behind it that means the world to me!,surprise,0.7758349180221558
joy,I can’t believe it! This is the happiest moment of my life!,surprise,0.50294029712677,Explore,concise and emotionally attuned,That sounds incredibly joyful! What do you think made this moment feel so special for you?,Thank you! It's the culmination of so many dreams coming true at once; it just feels magical!,joy,0.8799282908439636
joy,I just found out I got the job! I can't believe it—I'm over the moon!,surprise,0.9264222383499146,Explore,concise and emotionally attuned,That’s fantastic news! What excited you the most about getting this job?,Thank you! I’m just thrilled about the opportunity to work with such an inspiring team and contribute to projects I'm passionate about. It feels like a dream come true!,joy,0.9723526835441589
joy,I can't believe it! I just found out I got the job I've always wanted!,surprise,0.9214096069335938,Reframe,concise and emotionally attuned,"Wow, that's incredible news! It sounds like you’ve worked so hard for this opportunity, and now it’s your time to shine—what an exciting new chapter ahead!",Thank you so much! I’m honestly over the moon and can’t wait to dive into this new adventure!,joy,0.9606417417526245
joy,I can't believe it! This is the happiest day of my life!,joy,0.5745683908462524,Reframe,concise and emotionally attuned,How beautiful it is to share such joy together; it seems like you’re both experiencing a wonderful moment that can strengthen your bond even more. Embracing this happiness now can create cherished memories for a lifetime.,"Absolutely! It feels amazing to create these memories together, and I can already tell they’ll stay with us forever!",surprise,0.7592431306838989
joy,"I can’t believe it—I'm so happy right now, it feels like my heart is dancing!",joy,0.834109902381897,Reframe,concise and emotionally attuned,It’s beautiful to hear you express such joy; it sounds like this moment is truly lighting up your heart and reminding you of the magic in life. Embracing these feelings can be so nourishing!,Absolutely! It's like the sunlight is pouring in and brightening everything around me—I'm just soaking it all up! 🌞,neutral,0.38184621930122375
joy,I can't believe I finally got the job! I'm so excited to start this new chapter in my life!,surprise,0.49589186906814575,Reframe,concise and emotionally attuned,It’s wonderful to hear your excitement about this new path! This job could be the key to unlocking even more amazing experiences and growth in your life.,"Thank you! I really feel like this opportunity will open so many doors for me, and I can't wait to dive into everything ahead!",joy,0.9845187664031982
joy,"I can’t believe it, I just got the job! I’m so thrilled!",joy,0.6404520273208618,Reframe,concise and emotionally attuned,"It sounds like this incredible news is not just a personal victory for you, but also a moment that you and your partner can celebrate together, strengthening both your journeys. Your excitement can inspire them too!","Absolutely! I can't wait to share this joy with my partner—they've been my biggest support, and celebrating together will make it even more special!",joy,0.9822449684143066
joy,"I just got the news, and I can't stop smiling! Everything feels so perfect right now!",joy,0.9657225608825684,Affirm,concise and emotionally attuned,"That's wonderful to hear! Your joy is so infectious, and it's amazing to see you embracing this perfect moment so fully!","Thank you! It really means a lot to share this happiness, and I’m just soaking it all in!",joy,0.9565424919128418
joy,I can't believe it! This is the best day ever!,surprise,0.8765966892242432,Affirm,concise and emotionally attuned,"Wow, that’s incredible! Your excitement is so infectious, and it’s wonderful to see you embrace joy like this—keep shining!","Thank you so much! Your words mean the world to me, and I just can't help but share this happiness!",joy,0.9552205204963684
joy,I can’t believe it! This is the best day ever!,surprise,0.9128898978233337,Affirm,concise and emotionally attuned,It sounds like you're filled with joy—what a beautiful way to embrace this moment! Your enthusiasm is truly inspiring!,"Thank you so much! It really is a wonderful moment, and I’m just soaking it all in!",joy,0.9777707457542419
joy,I just got the news that I got the job! I can't stop smiling!,joy,0.9401646852493286,Affirm,concise and emotionally attuned,"That's incredible! Your hard work and determination truly paid off, and you deserve every bit of this happiness—enjoy this exciting new chapter!",Thank you so much! I’m beyond thrilled and can’t wait to see what this new adventure brings!,joy,0.9599084258079529
joy,I can't believe it! This is the happiest moment of my life!,joy,0.5224332809448242,Affirm,concise and emotionally attuned,"Wow, that’s so wonderful to hear! It’s clear that your joy is immense, and you truly deserve this beautiful moment of happiness!",Thank you so much! I really appreciate your kind words; it makes this moment even more special!,joy,0.9469312429428101
joy,I can't believe it! This is the best day ever!,surprise,0.8765966892242432,Guide,concise and emotionally attuned,That’s amazing! Celebrate this moment together—maybe share what makes this day so special for both of you and create a fun memory around it. Enjoy every bit of it!,Absolutely! Today is special because we achieved something we've both dreamed of; it feels unreal! I can’t wait to celebrate this moment and make unforgettable memories together!,surprise,0.8176701664924622
joy,I can’t believe I just got the job! I’m so excited!,surprise,0.8252798318862915,Guide,concise and emotionally attuned,"That’s amazing—congratulations! Take a moment to celebrate this achievement with your partner, maybe plan a small celebration or treat yourselves to something special together!",Thank you so much! I’m definitely planning to celebrate—maybe a nice dinner out is in order! 🎉,joy,0.9395906329154968
joy,I can't believe it! This is the best day ever!,surprise,0.8765966892242432,Guide,concise and emotionally attuned,That’s amazing! Take a moment to celebrate together—maybe share a favorite treat or plan something fun to cherish this joyful moment.,Absolutely! Let’s grab our favorite snacks and do something unforgettable to remember this day! 🎉,neutral,0.5612213611602783
joy,I just heard the best news ever—I'm going to be an aunt! I can't stop smiling!,joy,0.8740118741989136,Guide,concise and emotionally attuned,That's wonderful news! Celebrate this special moment by sharing your excitement with friends and family and maybe even start a little tradition to welcome your new niece or nephew!,Thank you so much! I can't wait to share the news and start planning some fun celebrations to welcome the little one!,joy,0.9807907342910767
joy,I'm so thrilled! I can't stop smiling!,joy,0.9172900319099426,Guide,concise and emotionally attuned,"That's wonderful to hear! Celebrate this joy together—maybe share a special moment, like going out for dessert or doing something fun that brings you both happiness.",That sounds like a fantastic idea! Treating ourselves to something sweet while basking in this joy will make it even more special!,joy,0.9423918724060059
joy,I just got the news that I got the job! I can't stop smiling!,joy,0.9401646852493286,Normalize,concise and emotionally attuned,That’s such exciting news! It's completely normal to feel overwhelmed with happiness—many people can relate to that joy and disbelief when they achieve something big. Enjoy every moment!,Thank you so much! I’m just soaking it all in and can hardly believe it—this feels like a dream come true!,surprise,0.6633701324462891
joy,I can't believe it! This is the happiest I've felt in ages—I just want to share this moment with everyone!,joy,0.8314029574394226,Normalize,concise and emotionally attuned,"It’s wonderful to feel such pure happiness, and it’s completely natural to want to share that joy with others; many people can relate to wanting to spread good feelings when they experience something uplifting. Cherishing these moments is so important!","Absolutely! It’s like the sunshine brightens everything around us, and sharing that light just makes it even more special! 🌟",joy,0.8844258785247803
joy,I can’t believe it! Today has been absolutely amazing!,surprise,0.9393186569213867,Normalize,concise and emotionally attuned,"It sounds like you’re truly experiencing something special, and that's so exciting! Many people feel that rush when something incredible happens, making those moments feel even more meaningful.",Absolutely! It’s like every little detail just shines brighter in moments like this. I’m soaking it all in!,joy,0.4293198585510254
joy,"I just got accepted into my dream program, and I can’t stop smiling!",joy,0.9519311785697937,Normalize,concise and emotionally attuned,"It's incredible to hear that you’ve achieved something you’ve dreamed of! Many people feel an overwhelming joy and excitement in moments like this, and it’s completely valid to celebrate your success.",Thank you! I’m just so thrilled—I can’t wait to dive in and make the most of this opportunity!,joy,0.9679016470909119
joy,I can't believe it! This day just keeps getting better and better!,surprise,0.9215241074562073,Normalize,concise and emotionally attuned,"It sounds like you're both feeling overwhelmed in a positive way; those moments when everything feels uplifting can be so exhilarating, and it’s totally okay to be surprised by it all! Many people share that rush of joy when things unexpectedly align.","Absolutely! It's like the universe is throwing a little party just for us, and I’m all in for this joyful ride!",joy,0.9882811903953552
joy,I can't believe it! This is the happiest moment of my life!,joy,0.5224332809448242,baseline,concise and emotionally attuned,That’s amazing! I'm so happy for you and can feel your joy. Celebrate this moment!,Thank you so much! I can’t wait to celebrate and share this joy with everyone—it truly feels incredible!,joy,0.5405679941177368
joy,I can't believe it! I just got the job I’ve always wanted!,surprise,0.8941965699195862,baseline,concise and emotionally attuned,That’s amazing news! I’m so happy for you—congratulations on achieving your dream job! You deserve this!,Thank you so much! I really appreciate your support—it means the world to me!,joy,0.9658616781234741
joy,"I can hardly believe it! Today was just absolutely perfect, and I’m smiling from ear to ear!",joy,0.8327227830886841,baseline,concise and emotionally attuned,That sounds incredible! I'm so happy to hear you had such a perfect day. Your smile must be contagious!,"Thank you so much! It truly feels amazing, and I can't help but share this joy! 😊",joy,0.5020037889480591
joy,I can’t believe it—I just got the job! I’m so excited!,surprise,0.8212030529975891,baseline,concise and emotionally attuned,That’s amazing! Congratulations! I’m so happy for you and can’t wait to celebrate this exciting new chapter!,"Thank you so much! I'm thrilled, and I can't wait to celebrate with you!",joy,0.9366678595542908
joy,I can't believe it! This is the best day ever!,surprise,0.8765966892242432,baseline,concise and emotionally attuned,That's amazing! I'm so happy for you! Enjoy every moment of this special day!,Thank you so much! I’m just soaking it all in—it feels like a dream!,joy,0.5927013754844666
neutral,I just finished my tasks for the day and I'm going to relax for a bit now.,joy,0.6780275702476501,Validate,concise and emotionally attuned,It sounds like you really deserve this time to unwind after a busy day; taking a moment to relax is so important. Enjoy your well-earned break!,Thank you! I appreciate that; it really does feel nice to take a breather after a full day.,joy,0.9732060432434082
neutral,"I’m just sitting here, thinking about what to do next.",neutral,0.8935579657554626,Validate,concise and emotionally attuned,It sounds like you're feeling a bit uncertain and maybe overwhelmed about your next steps. It's completely okay to take a moment to reflect on that.,"Yeah, I do feel a bit uncertain. I guess taking time to reflect could help me figure things out.",fear,0.9906082153320312
neutral,I’m just going through my day as usual. Nothing out of the ordinary happening right now.,neutral,0.8880243301391602,Validate,concise and emotionally attuned,It sounds like you're feeling a bit stuck in the routine of your day. It's completely normal to experience times when everything feels just the same.,"Yeah, it can feel a bit monotonous at times. I guess I’m just waiting for something to shake things up a bit.",sadness,0.7452364563941956
neutral,"I’m just sitting here, taking it all in. It’s a regular day.",neutral,0.9608699679374695,Validate,concise and emotionally attuned,"It sounds like you're enjoying a moment of pause and simplicity. Taking it all in can feel grounding, and it’s okay to appreciate those regular days.","Yes, it really does feel grounding. There’s something comforting about those ordinary moments that often go unnoticed.",joy,0.7825691103935242
neutral,I just got back from work and I'm planning to make some dinner now.,joy,0.6723945736885071,Validate,concise and emotionally attuned,It sounds like you're winding down after a long day. It’s nice to hear you have plans to take care of yourself with some dinner.,Thanks! I appreciate that. It feels good to have a little time to unwind and enjoy a nice meal.,joy,0.9693934917449951
neutral,I don't have a strong opinion about that; it seems fine to me.,neutral,0.659741997718811,Explore,concise and emotionally attuned,"It sounds like you're feeling pretty neutral about it. What aspects of the situation make you feel that way, or is there anything specific you’d like to share about your thoughts?",I think it's mainly because I see both sides of the situation. Nothing in particular stands out to me as needing a strong stance.,neutral,0.9427972435951233
neutral,"I’m just going about my day, nothing much happening at the moment.",neutral,0.8425911068916321,Explore,concise and emotionally attuned,"What does a typical day look like for you? Are there any small moments or details that stand out, even during a calm day?","A typical day involves routine tasks, but there are always those little moments—like enjoying a warm cup of coffee or watching the sunlight change through the window—that bring a bit of warmth to an otherwise ordinary day. It’s the small things that can really make a difference.",neutral,0.5223831534385681
neutral,I just finished my report and now I’m ready to move on to the next task.,neutral,0.7339204549789429,Explore,concise and emotionally attuned,"That's great to hear you've completed your report! How do you feel about the work you put into it, and what kind of tasks are you excited to tackle next?","I feel satisfied with the effort I put into the report; it's always rewarding to finish a project. Next, I’m looking forward to diving into some data analysis work.",joy,0.9721903800964355
neutral,"I’m just here, taking things one step at a time.",neutral,0.9500654935836792,Explore,concise and emotionally attuned,That sounds like a thoughtful approach. What’s been on your mind as you take those steps?,"I've been reflecting on where I want to go next and what small changes I can make to get there. It’s a mix of hope and uncertainty, but I’m taking it all in stride.",neutral,0.8196516633033752
neutral,I just finished my lunch and now I'm going to get back to work.,neutral,0.6603988409042358,Explore,concise and emotionally attuned,"That sounds like a nice break! How did you feel about your lunch, and what task are you looking forward to diving back into?","Lunch was refreshing, thanks for asking! I’m looking forward to tackling that project I've been working on; it feels rewarding to make progress.",joy,0.9864072799682617
neutral,"I’m just going through my day, not much to report.",neutral,0.8844853639602661,Reframe,concise and emotionally attuned,"It sounds like your partner is in a routine space, which can feel monotonous, but maybe that’s a moment to appreciate the comfort of the familiar—and you can both find meaning in the little things together.",That's a good point. Finding joy in the small moments can really help break up the monotony.,joy,0.8185907602310181
neutral,I just got back from the store. It was pretty uneventful.,sadness,0.47719213366508484,Reframe,concise and emotionally attuned,"It might feel mundane, but those simple moments can be a welcome pause in a busy day. Sometimes, it's in the quiet that we find a little peace and reflection.","That's a good point. It's nice to have those moments of calm, even in the midst of everyday routines.",joy,0.7363280653953552
neutral,I just finished my work for the day and plan to relax for a bit.,joy,0.7154032588005066,Reframe,concise and emotionally attuned,"It sounds like both of you have put in a full day's effort, and taking this time to unwind together can really strengthen your connection. Maybe this shared moment of relaxation is a chance to support each other in finding peace after a busy day.","Absolutely, it's nice to take a step back and enjoy some downtime together. It’s a great way to recharge and reconnect after a long day.",joy,0.880395770072937
neutral,I just got back from the store. The shelves were stocked.,surprise,0.6046399474143982,Reframe,concise and emotionally attuned,It sounds like there’s a sense of relief in finding the shelves stocked; perhaps it’s a reminder that there are still good moments to appreciate even in challenging times. It's great to hear you were able to find what you needed!,"Yes, it definitely felt reassuring to see the shelves full. It’s nice to have those small wins, especially when things can be uncertain.",joy,0.9326972365379333
neutral,I’m just looking forward to the weekend.,joy,0.4858589768409729,Reframe,concise and emotionally attuned,"It’s understandable to anticipate the weekend; it can be a much-needed break from the week’s demands. Perhaps viewing it as a chance to reflect, recharge, or pursue what truly brings you joy could make those days feel even more special.","Absolutely, taking time to recharge is essential. I plan to make the most of it and focus on what I enjoy.",joy,0.8668803572654724
neutral,"I just finished my work for the day, so I’m going to relax for a bit.",joy,0.7075218558311462,Affirm,concise and emotionally attuned,"That's great to hear! You’ve worked hard today, and taking time to relax shows how well you balance your efforts and self-care. Enjoy your well-deserved break!",Thank you! I appreciate that reminder about balance; it’s important to recharge. I’ll make sure to enjoy this time for myself.,joy,0.959496021270752
neutral,"I’m just going through my day like usual, nothing special happening right now.",neutral,0.8196905851364136,Affirm,concise and emotionally attuned,"It’s great that you’re maintaining your routine; your ability to find consistency even on ordinary days shows your resilience and strength. Remember, every day holds its own worth, and your presence in it matters.","Thanks, I appreciate that perspective. It’s nice to be reminded that even the ordinary can be meaningful.",joy,0.9322335124015808
neutral,I just finished my work for the day. Now I'm ready to relax.,joy,0.5446376204490662,Affirm,concise and emotionally attuned,"That's fantastic! You've worked hard today, and you absolutely deserve this time to unwind and recharge.",Thank you! I really appreciate that—it's nice to finally have a moment to just take it easy.,joy,0.9718288779258728
neutral,I think I’ll just take a walk later. It seems like a nice day.,joy,0.8137525320053101,Affirm,concise and emotionally attuned,That's a lovely idea! Taking a walk on a nice day shows how well you recognize the importance of taking time for yourself.,Thank you! I find that getting outside helps clear my mind and recharge a bit.,joy,0.9003633856773376
neutral,I’ll be in the office at 9. Let me know if you need anything.,neutral,0.9332247376441956,Affirm,concise and emotionally attuned,It's so thoughtful of you to offer support like that; your willingness to help really shines through and makes a difference for everyone!,Thanks for your kind words! I just want to make sure we all have what we need to succeed.,joy,0.6544460654258728
neutral,I just finished my coffee and am getting ready for the day ahead.,neutral,0.791824221611023,Guide,concise and emotionally attuned,That sounds like a great start to the day! Consider taking a few moments to set an intention or priority for today—it can really help you feel more focused and motivated.,Thanks for the suggestion! I’ll definitely take a moment to set my intention for the day; it sounds like a good way to stay focused.,joy,0.6163971424102783
neutral,"I'm just going through my day as usual, nothing too exciting happening right now.",sadness,0.6143391132354736,Guide,concise and emotionally attuned,"It's totally okay to have quieter days; maybe you could try adding a small new activity you enjoy, like taking a short walk, listening to a podcast, or exploring a new hobby. Little changes can bring some fresh energy to your day!",That sounds like a great idea! I might take a short walk later and see if that helps shake things up a bit.,neutral,0.4277779757976532
neutral,"I just finished my tasks for the day. Now, I'm just going to relax for a bit.",neutral,0.5504974126815796,Guide,concise and emotionally attuned,"That sounds like a well-deserved break! Take a moment to breathe deeply, maybe enjoy a book or your favorite show—whatever helps you recharge. You’ve earned it!","Thanks, I appreciate that! A little downtime sounds perfect, and I might just dive into a good book.",joy,0.8566859364509583
neutral,"I just finished my work for the day. Now, I’m thinking about what to do next.",neutral,0.8674660325050354,Guide,concise and emotionally attuned,"That’s great to hear you’ve wrapped up your work! How about treating yourself to something enjoyable, like a walk outside or a favorite show, to unwind?","That sounds like a nice idea! A walk outside could be refreshing, and I think I might catch up on a show later.",joy,0.9369695782661438
neutral,"I just finished my work for the day. Now, I'm planning to relax a bit.",joy,0.6084193587303162,Guide,concise and emotionally attuned,"That sounds great! Consider setting aside some time together for a quick chat or a fun activity to wind down, as it could make your relaxation even more enjoyable.",That’s a nice idea! I'll definitely think about squeezing in a chat or something fun to make the most of my downtime.,joy,0.9249956607818604
neutral,"I’m just here, taking things as they come.",neutral,0.9666828513145447,Normalize,concise and emotionally attuned,"It’s understandable to feel that way; many people find themselves navigating life one moment at a time, especially during uncertain times. You're not alone in this, and your feelings are completely valid.",Thank you for that reassurance; it helps to know others share similar feelings. I'm just focusing on the present and what I can control right now.,neutral,0.48660263419151306
neutral,"I’m just here, taking things as they come.",neutral,0.9666828513145447,Normalize,concise and emotionally attuned,It’s completely okay to just be present and take things one step at a time; many others feel the same way during challenging moments. You're not alone in navigating these feelings.,I appreciate that perspective; it’s comforting to know that others share similar experiences. Just focusing on the present feels like the right approach for now.,joy,0.9617524743080139
neutral,"I’m just sitting here, waiting for my coffee to finish brewing.",neutral,0.8990317583084106,Normalize,concise and emotionally attuned,"It sounds like your partner is feeling the same anticipation you're experiencing; waiting for that perfect cup can feel oddly unifying. It's a small moment, but those shared little things can really connect us.","Absolutely, it’s interesting how such a simple ritual can create a feeling of togetherness. It’s those little moments that often make the day feel brighter.",joy,0.8559694886207581
neutral,"I’m just going through my day, nothing unusual happening right now.",neutral,0.5373350977897644,Normalize,concise and emotionally attuned,It’s completely okay to have days that feel ordinary and uneventful; many people experience that too. It can sometimes be a comforting lull amidst all the chaos.,"That’s true, finding comfort in the ordinary can be nice. It’s a good reminder to appreciate those quieter moments.",joy,0.4774796664714813
neutral,I see the weather is nice today. I'll probably go for a walk later.,joy,0.8015144467353821,Normalize,concise and emotionally attuned,It's great to hear you're planning a walk; many people find comfort and joy in being outdoors when the weather is nice. Just know that those feelings of wanting to enjoy a beautiful day are completely understandable and shared by so many.,"Absolutely, there’s something refreshing about being outside on a nice day. I’m looking forward to enjoying the fresh air and just taking it all in.",joy,0.9591783285140991
neutral,"I’m just here, taking it one day at a time.",neutral,0.9506628513336182,baseline,concise and emotionally attuned,That sounds like a healthy approach. Just know I'm here for you every step of the way.,I appreciate that; it really means a lot to have your support. Just focusing on the next step for now.,joy,0.917213499546051
neutral,"I just got back from the store. It was a typical trip, nothing out of the ordinary.",neutral,0.8911246657371521,baseline,concise and emotionally attuned,Sounds like a routine trip! It's nice to have those familiar moments in our day. How are you feeling about it?,I appreciate that perspective! I feel fine about it—routine can be comforting in its own way.,joy,0.9214445352554321
neutral,"I’m just here, taking things one day at a time.",neutral,0.9543644785881042,baseline,concise and emotionally attuned,That sounds like a good approach. Taking it one day at a time can really help when things feel overwhelming. I'm here for you.,"Thanks, I appreciate that. It’s definitely a comforting thought to have support during overwhelming times.",joy,0.9376158714294434
neutral,"I’m just going about my day, nothing special really.",neutral,0.8770589828491211,baseline,concise and emotionally attuned,I hear you. Sometimes those ordinary days can feel pretty uneventful. I'm here if you want to chat about anything or just share how you're feeling!,"Thanks, I appreciate that. Sometimes it's nice to have someone to talk to, even on the quiet days.",joy,0.793336808681488
neutral,I just finished my work for the day. Now I'm going to take a walk.,neutral,0.6663860082626343,baseline,concise and emotionally attuned,That sounds like a lovely way to unwind! Enjoy your walk and take in the moment. You deserve some time to relax.,Thank you! I appreciate that—it's nice to take a breather and enjoy some fresh air.,joy,0.9700693488121033
sadness,"I just feel this heavy emptiness inside, like something important is missing and I can’t quite grasp it.",sadness,0.7947527170181274,Validate,concise and emotionally attuned,It sounds like you're experiencing a deep sense of emptiness and confusion about something significant that feels out of reach. That must be incredibly frustrating and isolating for you.,"Yes, it really is frustrating. I wish I could just pinpoint it and find a way to feel whole again.",sadness,0.8197831511497498
sadness,I just can’t shake this heavy feeling; everything seems so dull without her.,sadness,0.9557360410690308,Validate,concise and emotionally attuned,It sounds like you're really overwhelmed and missing her deeply; that heaviness must feel so hard to carry right now. It's completely understandable to feel that everything has lost its brightness without her presence.,"Thank you for understanding; it really does feel like I’m stuck in this grey haze, and I just wish I could find a bit of that light again.",neutral,0.49805328249931335
sadness,I never thought I’d feel so alone after everything we shared. It's just hard to believe you're really gone.,sadness,0.9676578044891357,Validate,concise and emotionally attuned,It sounds incredibly painful to feel so alone after such a deep connection. It’s completely understandable to struggle with believing they’re really gone—it’s a heavy weight to carry.,"It truly is a heavy weight, and every reminder feels like a fresh wound. I just keep hoping I’ll wake up from this dream one day.",neutral,0.746524453163147
sadness,I just can't shake this heavy feeling; it’s like everything I thought I had is slipping away.,fear,0.7390369772911072,Validate,concise and emotionally attuned,It sounds incredibly overwhelming to feel that weight and sense of loss. It’s very understandable to feel heavy when everything seems uncertain.,"It really is overwhelming; I keep hoping for a glimmer of clarity, but it feels so distant right now. It’s like I'm just wandering in a fog, searching for something familiar.",fear,0.4898204505443573
sadness,"I just feel so empty inside today, like everything I once cherished has slipped away.",sadness,0.9829556941986084,Validate,concise and emotionally attuned,"It sounds incredibly painful to feel that emptiness and loss, like cherished things are just out of reach. It’s understandable to feel overwhelmed by those feelings.",Thank you for acknowledging my pain. It’s just hard to see a way forward when everything feels so distant and ungraspable.,sadness,0.9546186327934265
sadness,I just can’t shake this heavy feeling; it’s like everything I loved has slipped away.,fear,0.694537341594696,Explore,concise and emotionally attuned,It sounds like you’re carrying a lot right now; what moments do you find yourself missing the most? How does this heaviness show up in your daily life?,"I miss the laughter and the warmth of those moments together; now, it feels like an emptiness that lingers in everything I do, making joy feel distant.",sadness,0.9764887690544128
sadness,I didn’t think saying goodbye would hurt this much. It feels like a piece of me is missing.,sadness,0.8377596735954285,Explore,concise and emotionally attuned,That sounds incredibly painful; can you share more about what you believe that missing piece represents for you? What were some of the moments you cherished that make this goodbye feel so profound?,"It’s hard to put into words, but that missing piece feels like shared laughter and quiet moments of understanding. Those simple times together made everything feel whole, and now it’s like I’m lost in a sea of memories that hurt to revisit.",sadness,0.8302052617073059
sadness,I never thought it would hurt this much to say goodbye.,sadness,0.9403002262115479,Explore,concise and emotionally attuned,It sounds like this goodbye is really weighing on you. What is it about this moment that feels particularly painful for you?,"It's just the reality of losing something that felt so right; it’s hard to let go when you never wanted it to end. The memories keep replaying in my mind, amplifying the emptiness that comes with saying goodbye.",sadness,0.5135270953178406
sadness,"I just feel so empty inside, like I've lost something I can never get back.",sadness,0.9746189713478088,Explore,concise and emotionally attuned,It sounds really painful to feel that emptiness. Can you share more about what you think you might have lost or how that feeling affects you day-to-day?,"It's hard to pinpoint exactly what I've lost, but it feels like a part of me is just gone, leaving this hollow space. Every day, it’s like I’m moving through life with a weight that pulls me down.",sadness,0.7570199966430664
sadness,I just can’t shake this feeling of emptiness; it’s like a cloud that won’t lift.,fear,0.7896229028701782,Explore,concise and emotionally attuned,What do you think might be contributing to that feeling of emptiness for you? Can you share more about when you first noticed it?,"It's hard to pinpoint exactly when it started; I think it's been building over time, like a slow fade into gray. Sometimes, it feels like every little disappointment just adds to that weight.",sadness,0.8492506146430969
sadness,I just can’t shake the feeling of emptiness since they left. It’s like a piece of me is missing.,sadness,0.4857673645019531,Reframe,concise and emotionally attuned,"It sounds so painful to feel that absence; perhaps this emptiness is also a sign of how deeply you are capable of loving and connecting with others. While it hurts now, it might also be a space for new possibilities and growth as you process these feelings.","I appreciate your perspective, but it still feels overwhelming. It's hard to see any possibility for growth when the hurt feels so consuming.",fear,0.40150555968284607
sadness,I didn’t think it would hurt this much to say goodbye.,surprise,0.7637666463851929,Reframe,concise and emotionally attuned,"It's completely natural to feel such deep pain in goodbye; it shows how much you truly valued what you had together, reflecting the strength of your bond. That connection is real and meaningful, and it's okay to grieve its absence.","You're right; it just feels so heavy to lose something that meant so much. I hoped the memories would bring comfort, but the silence is deafening.",sadness,0.9513107538223267
sadness,I just feel so lonely today; it’s like the weight of everything is too much to bear.,sadness,0.9730191230773926,Reframe,concise and emotionally attuned,"It sounds like that loneliness is really heavy right now, but maybe it's also a sign that your heart is seeking connection and understanding. It's okay to feel this way; it shows how deeply you care and long for support.",Thank you for understanding; it just feels exhausting to carry this weight alone. I wish I could shake off this loneliness and really feel connected again.,sadness,0.9516285061836243
sadness,I just can't shake this feeling of emptiness; it feels like something important is missing.,sadness,0.7621337175369263,Reframe,concise and emotionally attuned,"It sounds like this emptiness might be a signal from within, inviting you to explore what truly brings you joy and fulfillment—it’s okay to sit with that feeling for a bit and discover what it’s calling you to seek.","I appreciate your perspective, but it’s hard to look beyond the emptiness right now. It feels overwhelming to even think about what could bring joy when everything just feels so gray.",sadness,0.36539116501808167
sadness,I just can’t shake this feeling of emptiness; it’s like a heavy weight on my chest.,fear,0.5107158422470093,Reframe,concise and emotionally attuned,"It sounds really tough to carry that weight, but perhaps this emptiness is also a sign that you’re ready for something new or different in your life—a chance for growth amidst the heaviness. It's okay to feel this way; it shows you're reflecting on what truly matters to you.","I appreciate your perspective, but it still feels so overwhelming. It’s hard to see the possibility of growth when all I can feel is this heaviness inside.",sadness,0.8593736886978149
sadness,I just can’t shake this feeling of emptiness after they left. It’s like a part of me is missing.,fear,0.5149056911468506,Affirm,concise and emotionally attuned,It’s completely understandable to feel this way after such a significant change; your ability to express these feelings shows remarkable self-awareness and strength. Acknowledging that emptiness is a courageous first step in honoring your emotions.,Thank you for understanding. It’s just hard to move forward when everything feels so hollow.,sadness,0.9302570819854736
sadness,I didn’t expect it to hurt this much when I said goodbye.,sadness,0.7522624731063843,Affirm,concise and emotionally attuned,"It’s completely natural to feel deep pain when saying goodbye, and it shows how much you truly care. Your ability to connect emotionally is a testament to your strength and depth of feeling.",Thank you for your kind words; they mean a lot. It just feels overwhelmingly heavy to know that goodbye often means letting go of something precious.,sadness,0.9411743879318237
sadness,I just can't shake this heavy feeling; it’s like a cloud hanging over me.,fear,0.8402603268623352,Affirm,concise and emotionally attuned,"It’s really brave of you to express how you’re feeling, and acknowledging that weight is a powerful first step. Your openness shows strength, and I’m here to support you through this.",Thank you for your kind words; they offer a glimmer of hope. It’s just hard to imagine feeling lighter when this sadness feels so heavy.,sadness,0.8295739889144897
sadness,"I just feel this heavy weight in my chest, like I've lost something I can never get back.",sadness,0.6503990888595581,Affirm,concise and emotionally attuned,"It’s truly brave of you to express what you’re feeling so openly; that courage shows your strength. Acknowledging that weight is a powerful step towards healing, and I’m here for you as you navigate through this.","Thank you for your kind words; they mean a lot. Even with support, it feels hard to shake this emptiness, like a part of me is just missing.",fear,0.9261709451675415
sadness,I just feel so lost and alone right now; it’s like nothing will ever get better.,sadness,0.9769566655158997,Affirm,concise and emotionally attuned,"It's incredibly brave of you to share how you're feeling, and that shows strength. Remember, it's okay to feel lost sometimes; just reaching out like this is a step towards finding your way.",Thank you for saying that; it’s hard to see anything positive right now. I just wish I could feel a sense of direction again.,sadness,0.555119514465332
sadness,I can't help but feel this heavy emptiness inside me; it just hurts to think about what I've lost.,sadness,0.9755934476852417,Guide,concise and emotionally attuned,I'm sorry to hear that you're feeling this way; it’s tough to carry that heaviness. Try expressing your feelings through journaling or talking to someone you trust about your loss—sharing can help lighten that burden and bring clarity.,"Thank you for your kindness; I appreciate the suggestion. It feels like the weight of my loss is an inescapable shadow, and I hope that opening up might help me find a bit of light amidst it all.",joy,0.8187020421028137
sadness,I can’t shake this feeling of emptiness; it’s like a weight on my heart.,fear,0.590811014175415,Guide,concise and emotionally attuned,"It’s tough to feel that way, and it’s important to acknowledge it. Consider taking a gentle walk outside or reaching out to a friend you trust; sometimes sharing your feelings can lighten that load a bit.","Thank you for understanding; it does mean a lot. I know I should reach out, but sometimes even that feels like too much.",neutral,0.597501814365387
sadness,I can't believe they're gone; it feels like a piece of me is missing.,surprise,0.6312724351882935,Guide,concise and emotionally attuned,"I’m so sorry to hear that you’re feeling this way; it’s completely normal to feel a hollow sense of loss. Try to honor their memory by doing something that reminds you of them, like sharing your favorite story together or lighting a candle in their honor.","Thank you for your kind words; it’s comforting to know that feeling this way is normal. I’ll try to find a way to celebrate their memory, but it still hurts so much.",sadness,0.5197814106941223
sadness,I can't shake the feeling that I'll never find that happiness again. It's like a piece of me is missing.,fear,0.55689537525177,Guide,concise and emotionally attuned,I'm really sorry to hear you're feeling this way; it’s tough when happiness feels out of reach. Consider finding small moments of joy each day—like enjoying a favorite hobby or taking a walk—and talk openly with someone you trust about how you’re feeling; those connections can help you feel less alone.,"Thank you for your kind words; I appreciate the suggestions. It just feels so overwhelming right now, like I’m trapped in a fog of loneliness.",surprise,0.5488022565841675
sadness,I just can’t shake this heavy feeling; it’s like a cloud hanging over me.,fear,0.8536913990974426,Guide,concise and emotionally attuned,"It sounds like you're carrying a lot right now, and that's really tough. Can you try taking a short walk outside or talking to someone about how you feel? Sometimes, small steps can help lighten that burden a bit.","I appreciate your concern, but even the thought of taking a walk feels daunting right now. It's just hard to see the light through this heaviness.",fear,0.9866058230400085
sadness,"I just feel this heavy weight in my chest, like everything I loved has slipped away.",sadness,0.6191515326499939,Normalize,concise and emotionally attuned,"It’s completely understandable to feel that heaviness; many people go through similar feelings of loss and emptiness at times. You’re not alone in this, and it’s okay to acknowledge that pain.","Thank you for understanding; it helps to know I’m not alone in this heavy silence. Sometimes, it just feels so hard to carry this weight on my own.",sadness,0.9200034737586975
sadness,I can’t shake this heavy feeling; it’s like a cloud has settled over everything I know.,fear,0.7360491752624512,Normalize,concise and emotionally attuned,"It's completely understandable to feel that way; many people experience similar heaviness, and it can be incredibly isolating. You're not alone in this, and it's okay to sit with those feelings for a while.","Thank you for understanding. It’s just hard to see the light when it feels so suffocating, but knowing others feel this way helps a little.",sadness,0.7020697593688965
sadness,"I just feel so alone right now, like nothing really matters anymore.",sadness,0.9789800643920898,Normalize,concise and emotionally attuned,"It's really tough to feel that way, and many people go through similar feelings of loneliness and uncertainty. You're not alone in this, and it's okay to express how you're feeling.","Thank you for saying that; it helps to know I'm not the only one feeling this way. It just feels overwhelming sometimes, like I'm stuck in a fog I can't escape.",fear,0.5593233704566956
sadness,I just miss them so much; it feels like a piece of my heart is gone.,sadness,0.976811945438385,Normalize,concise and emotionally attuned,"It's truly painful to feel that emptiness; many people experience that deep sense of loss too. You're not alone in this, and it's completely okay to miss them so profoundly.","Thank you for understanding. It helps to know I'm not alone, but the heartache still feels so heavy.",sadness,0.9631732106208801
sadness,I never thought I’d feel this empty without you. Everything just seems so dull now.,sadness,0.9732305407524109,Normalize,concise and emotionally attuned,"It’s really hard to feel that emptiness; many people experience a similar sense of loss when someone significant is no longer around. You're not alone in feeling this way, and it's okay to acknowledge how deeply it affects you.","I appreciate your understanding; it’s just hard to shake this sense of loneliness. It's like parts of me are missing, and I don’t know how to fill that void.",fear,0.3955885171890259
sadness,I can’t believe it's come to this; I just feel so lost and alone.,sadness,0.9681130051612854,baseline,concise and emotionally attuned,I'm really sorry to hear that you're feeling this way. It's completely understandable to feel lost sometimes. I'm here for you.,Thank you for being here; it means a lot. I just wish I could find my way back to feeling whole again.,joy,0.7977523803710938
sadness,I just can't shake this heavy feeling; it’s like everything I love is slipping away.,fear,0.7709648609161377,baseline,concise and emotionally attuned,"I'm really sorry to hear you're feeling this way. It’s tough when it seems like everything is slipping away. I'm here for you, and it's okay to feel this heaviness. You're not alone in this.","Thank you for understanding. It helps a little to know that someone is here, but the weight still feels so overwhelming.",surprise,0.5375382900238037
sadness,I can't believe they're really gone; it feels like a piece of my heart is missing.,surprise,0.646857738494873,baseline,concise and emotionally attuned,I’m so sorry you’re feeling this way. It’s completely understandable to feel a deep sense of loss. I’m here for you.,"Thank you for being here; it means a lot. Some days, the emptiness feels overwhelming, and just having someone to share it with helps a little.",surprise,0.4979589283466339
sadness,"I just feel this heavy weight in my chest, like I’m losing something I'll never get back.",sadness,0.4318864345550537,baseline,concise and emotionally attuned,"I’m really sorry to hear that you’re feeling this way. It sounds like you're going through a tough time, and it’s completely understandable to feel that weight. I'm here for you.","Thank you for your kind words. It means a lot to know you’re here, even if it doesn’t change the heaviness I'm carrying.",joy,0.6881760358810425
sadness,I just can’t shake this heavy feeling in my heart; everything seems so empty without you.,sadness,0.9523334503173828,baseline,concise and emotionally attuned,"I’m really sorry to hear that you’re feeling this way. It’s completely understandable to feel that heaviness without me. I’m here for you, and I care about what you’re going through.",Thank you for your kindness; it means so much. I just wish things felt whole again.,joy,0.8338534832000732
surprise,"Wait, you really did that? I can’t believe it!",surprise,0.932999312877655,Validate,concise and emotionally attuned,It sounds like you're feeling surprised and maybe a bit shocked by what I did. That kind of reaction makes total sense!,"Absolutely, I’m still processing it! I never expected you to take such a bold step.",surprise,0.8838438391685486
surprise,I can’t believe that just happened! Did you see that?,surprise,0.9581301808357239,Validate,concise and emotionally attuned,It sounds like you're really surprised by what just happened! It’s totally understandable to feel that way in such a shocking moment.,Absolutely! It's like my mind is still processing what I just witnessed—it's truly surreal!,surprise,0.8840349912643433
surprise,"Wait, what? I didn’t see that coming at all!",surprise,0.9261586666107178,Validate,concise and emotionally attuned,It sounds like you’re feeling surprised and maybe even a bit confused right now. It’s completely understandable to feel that way—unexpected news can really catch us off guard.,"Exactly! It’s like a twist I never saw coming, and now I’m left processing it all. What do you think this means for us moving forward?",surprise,0.7747377753257751
surprise,"Wow, I can't believe that just happened!",surprise,0.9792245030403137,Validate,concise and emotionally attuned,It sounds like you're feeling surprised and maybe a bit overwhelmed by what just happened. It's completely understandable to feel that way right now.,"Yes, exactly! I’m still trying to wrap my head around it all—it's just so surprising!",surprise,0.9807925820350647
surprise,"Wow, I can't believe that just happened!",surprise,0.9792245030403137,Validate,concise and emotionally attuned,It sounds like you're really surprised and maybe even a bit overwhelmed by what just happened. It's completely understandable to feel that way!,Exactly! I didn't expect things to turn out like this at all—it's such a whirlwind!,surprise,0.8787328004837036
surprise,"Wait, really? I didn’t see that coming at all!",surprise,0.9416771531105042,Explore,concise and emotionally attuned,It sounds like your partner was surprised by something significant. What do you think caught them off guard?,I think it was a mix of unexpected news and emotions swirling around—totally caught them by surprise! It's fascinating how something out of the blue can shake things up like that.,surprise,0.968576967716217
surprise,"Wait, I can’t believe that really happened!",surprise,0.9503265023231506,Explore,concise and emotionally attuned,What part of what happened surprised you the most? Can you share more about how you’re feeling right now?,"Honestly, I think it was the complete shock of it all—the unexpected twist really caught me off guard! I'm still processing it, feeling a mix of disbelief and intrigue.",surprise,0.9366218447685242
surprise,"Wow, I can't believe you did that! What a twist!",surprise,0.9757784008979797,Explore,concise and emotionally attuned,It sounds like there was a surprising moment that really caught you off guard! What about it felt the most unexpected for you?,Absolutely! I never saw it coming—it turned everything upside down in the best way!,surprise,0.8205833435058594
surprise,"Wow, I really didn't see that coming! I can't believe it!",surprise,0.9760233163833618,Explore,concise and emotionally attuned,It sounds like something surprising happened—can you share more about what caught you off guard? What emotions are coming up for you right now?,"Honestly, I'm still processing it all! The shock has me feeling a mix of disbelief and curiosity about how this will unfold.",surprise,0.8881150484085083
surprise,"Wait, are you serious? I can't believe that just happened!",surprise,0.9191010594367981,Explore,concise and emotionally attuned,"It sounds like that moment really caught you off guard! What happened that surprised you so much, and how are you feeling about it now?","I’m still in shock, honestly! I never expected things to unfold like that—it was completely out of nowhere!",surprise,0.9729945063591003
surprise,"Wow, I can't believe that just happened!",surprise,0.9792245030403137,Reframe,concise and emotionally attuned,It sounds like that was a surprising moment for both of you; sometimes those unpredictable experiences can shift our perspective in unexpected ways. It might be an opportunity to explore what it means for you moving forward.,"Absolutely! It's like the universe just threw a curveball, and now I'm left wondering how it all fits into the bigger picture.",surprise,0.8355128169059753
surprise,I can't believe it! Did that really just happen?,surprise,0.9573009610176086,Reframe,concise and emotionally attuned,"It sounds like this moment felt really surprising and maybe even overwhelming. Sometimes, those unexpected experiences can lead to new understanding or growth, even if they’re hard to process at first.","I know, right? It was so sudden—I didn’t see it coming at all! It's a lot to wrap my head around.",surprise,0.9486276507377625
surprise,"Wow, I can’t believe that just happened!",surprise,0.9775223731994629,Reframe,concise and emotionally attuned,It sounds like you’re feeling surprised—sometimes unexpected moments can reveal insights we might not anticipate. It’s like a chance to reflect on what it all means for you.,Absolutely! It's just so wild how one moment can change everything and make you see things in a whole new light.,surprise,0.7986385822296143
surprise,"Wait, is that really true? I can't believe it!",surprise,0.9438524842262268,Reframe,concise and emotionally attuned,"It sounds like you're feeling shocked and uncertain right now, which is completely understandable. Sometimes, unexpected news can lead us to re-evaluate our perspective on things, opening up space for new insights.",Absolutely! It's just so unexpected; I never saw this coming! What a twist!,surprise,0.9669724702835083
surprise,"Wow, I didn't see that coming at all!",surprise,0.9772319793701172,Reframe,concise and emotionally attuned,"It sounds like your partner's surprise might be a moment of vulnerability; often, unexpected moments can open the door to deeper understanding and connection. How might this surprise lead to a more honest conversation between you both?",That's a really insightful way to look at it! I hadn't thought about it like that; maybe this surprise can help us both share more openly and strengthen our connection.,surprise,0.9340929985046387
surprise,"Wow, I really didn't see that coming!",surprise,0.978333055973053,Affirm,concise and emotionally attuned,It's great to hear that you’re open to surprises; that shows your flexibility and willingness to embrace the unexpected. Your ability to stay engaged in the moment is truly a strength!,Thank you! I guess it's just part of my nature to be curious about what life throws at me.,neutral,0.3279195725917816
surprise,"Wait, really? I had no idea that was happening!",surprise,0.9376389980316162,Affirm,concise and emotionally attuned,It’s great that you’re engaged and curious—your willingness to learn shows how much you care. Keep that openness; it’s a wonderful strength!,Thanks! That means a lot to hear. I just can’t believe I missed it—there's so much to learn!,surprise,0.8704941868782043
surprise,"Whoa, I can't believe that just happened!",surprise,0.9659468531608582,Affirm,concise and emotionally attuned,"It's clear that you're really engaged and emotionally in tune with what just occurred, and that openness to surprises shows how genuinely you experience life! Your ability to share those feelings is such a strength.",Thank you! It's wild how moments like that can hit you so deeply—it really makes everything feel alive!,joy,0.87982577085495
surprise,"Wow, I can't believe that just happened!",surprise,0.9792245030403137,Affirm,concise and emotionally attuned,It sounds like that moment really took you by surprise! Your ability to stay engaged and process unexpected situations shows your openness and resilience.,Thanks! I really appreciate that. It’s just wild how life can throw these curveballs at you!,joy,0.8235148191452026
surprise,"Wow, I can't believe that just happened! That totally caught me off guard!",surprise,0.9696593284606934,Affirm,concise and emotionally attuned,"It’s amazing how quickly things can surprise us, and your ability to express your feelings so openly shows great self-awareness. That openness is a strength that will help you navigate unexpected moments gracefully!","Thanks! I appreciate that insight; it's so true how being open can really help in those surprising moments. It's a wild ride, isn't it?",surprise,0.8586776852607727
surprise,"Wow, I can't believe that just happened!",surprise,0.9792245030403137,Guide,concise and emotionally attuned,It sounds like something surprising just occurred! Take a moment to share your feelings about it together; discussing what happened can help both of you process the experience and feel more connected.,Absolutely! It's just so shocking—I didn't expect it at all! I really want to talk through it and make sense of what just happened.,surprise,0.9382461309432983
surprise,"Wait, are you serious? I can't believe that just happened!",surprise,0.9191010594367981,Guide,concise and emotionally attuned,"It sounds like you’re both feeling shocked; take a moment to breathe and acknowledge each other’s feelings. Then, try to talk about what just happened—open communication can help you process it together.",I’m really trying to wrap my head around it! It’s just so unexpected; I never thought we’d be facing something like this.,surprise,0.9776461720466614
surprise,"Wait, really? I can't believe that just happened!",surprise,0.9621421098709106,Guide,concise and emotionally attuned,It sounds like you’re both processing a surprising moment. Take a moment to breathe and share your feelings about it—this can help you both navigate the experience together.,"Absolutely, it’s such a whirlwind! I didn’t expect to feel this way, and talking it out might really help.",surprise,0.7757997512817383
surprise,"Wait, I can’t believe that just happened!",surprise,0.9508602619171143,Guide,concise and emotionally attuned,It sounds like you're processing something surprising; take a moment to breathe and reflect on your feelings. Maybe share what just happened with someone you trust to help make sense of it together.,"Wow, you’re right! I really need to take it all in; I didn’t see that coming at all!",surprise,0.9737115502357483
surprise,"Wow, I can't believe that just happened! This is totally unexpected!",surprise,0.9790596961975098,Guide,concise and emotionally attuned,"It’s completely understandable to feel surprised right now—take a moment to breathe and acknowledge your feelings. Then, consider sharing your thoughts with your partner; discussing what just happened can help you both process it together.","Thanks for the reminder! I’ll definitely take a moment to breathe, but I just can’t shake this feeling of shock!",surprise,0.7897501587867737
surprise,"Wow, I didn't see that coming at all!",surprise,0.9772319793701172,Normalize,concise and emotionally attuned,It’s really surprising when something catches us off guard like that; many people feel that rush of confusion and vulnerability in similar moments. You're not alone in experiencing that!,I guess it’s comforting to know I’m not the only one who feels that way! It’s just such a whirlwind when things take an unexpected turn.,joy,0.8077163696289062
surprise,"Wow, I can't believe that just happened!",surprise,0.9792245030403137,Normalize,concise and emotionally attuned,I get it; moments like that can be really surprising and leave us feeling a bit stunned. You're not alone in feeling this way—many people have those experiences that catch them completely off guard.,Absolutely! It's wild how life can throw us those unexpected twists that take our breath away.,surprise,0.5366010665893555
surprise,"Wow, I really didn’t see that coming!",surprise,0.9783771634101868,Normalize,concise and emotionally attuned,"It’s completely understandable to feel blindsided; many people have experienced moments like that, where everything just seems to shift unexpectedly. You’re not alone in this feeling—it’s really tough.",Thank you for saying that! It's comforting to know others relate to this kind of surprise too.,surprise,0.7090495228767395
surprise,"Wow, I can’t believe that just happened!",surprise,0.9775223731994629,Normalize,concise and emotionally attuned,It’s completely understandable to feel that way; many people have similar reactions in surprising moments. It can be really overwhelming to process everything all at once.,"I know, right? It’s just so hard to wrap my head around it all!",disgust,0.5271208882331848
surprise,"Wow, I can't believe that just happened!",surprise,0.9792245030403137,Normalize,concise and emotionally attuned,It sounds like that was a really surprising moment for both of you; so many people can relate to feeling shocked in unexpected situations. It's completely natural to feel that way!,Absolutely! It's just one of those moments that really takes you off guard—it's wild how unexpected events can shift everything in an instant!,surprise,0.853245735168457
surprise,"Wow, I can't believe that just happened! This is unreal!",surprise,0.9774263501167297,baseline,concise and emotionally attuned,I can totally understand how you feel! That sounds really surprising and overwhelming. I'm here for you if you want to talk more about it.,"Thank you, that means a lot! I really do need to process this; it’s just so mind-blowing!",joy,0.5087998509407043
surprise,"Whoa, I never saw that coming!",surprise,0.9468114376068115,baseline,concise and emotionally attuned,I can imagine how surprising that must be! It's totally understandable to feel that way.,Right? It completely threw me for a loop! I'm still trying to wrap my head around it.,disgust,0.44071856141090393
surprise,"Wow, I can't believe that just happened!",surprise,0.9792245030403137,baseline,concise and emotionally attuned,I totally understand! It sounds like a surprising moment. I'm here if you want to share more about it!,Thanks! I just can’t wrap my head around it—everything changed in an instant!,surprise,0.8428766131401062
surprise,"Wow, I can't believe that just happened! This is unbelievable!",surprise,0.9765649437904358,baseline,concise and emotionally attuned,That sounds intense! It’s completely understandable to feel shocked by it. I'm here for you if you want to talk more about it.,"Thanks, I really appreciate that! I’m still trying to wrap my head around it all—it's just so surreal!",surprise,0.8297809958457947
surprise,"Wait, is that really you? I can’t believe it!",surprise,0.9395339488983154,baseline,concise and emotionally attuned,"I know, it feels a bit surreal, doesn’t it? I’m really here, though!",I can hardly wrap my head around it! It’s like a dream—how is this even possible?,surprise,0.9207006692886353
