intended_emotion,seed_text,seed_emotion_detected,seed_confidence,strategy,style_modifier,strategy_reply,followup_reply,followup_emotion,followup_confidence
anger,I can't believe you did that! It's completely infuriating!,anger,0.9105392694473267,Validate,concise and emotionally attuned,It sounds like you're really hurt and frustrated by what happened. I can see how this situation would make you feel that way.,"Yes, I'm hurt and frustrated! It's like you just threw all my trust out the window without a second thought!",anger,0.9574370980262756
anger,I can't believe you did that! How could you be so careless?,surprise,0.7747492790222168,Validate,concise and emotionally attuned,It sounds like you're really frustrated and hurt by what happened. It's completely understandable to feel that way when something unexpected occurs.,"Frustrated doesn't even begin to cover it! You had one job, and now I'm left dealing with the fallout.",disgust,0.5444698929786682
anger,I can't believe you would do something like that! This is completely unacceptable!,anger,0.45017462968826294,Validate,concise and emotionally attuned,"It sounds like you're feeling really hurt and shocked right now; it’s understandable to feel this way when something unexpected happens. Your emotions are valid, and it’s okay to express how deeply this has affected you.","Hurt or not, what you did was wrong, and I won’t just brush it off. This isn't just about feelings; it's about the betrayal.",anger,0.4349856674671173
anger,I can't believe you would do something so selfish! It's infuriating!,anger,0.9522292017936707,Validate,concise and emotionally attuned,"It sounds like you're feeling really hurt and frustrated right now, and that's completely understandable. Your feelings matter, and it's okay to express that anger.",Hurt and frustrated is putting it mildly! It’s just so hard to believe you’d put yourself above everything and everyone else like this.,anger,0.6785580515861511
anger,I can't believe you did that! You have no idea how angry I am right now.,anger,0.8062452077865601,Validate,concise and emotionally attuned,"It sounds like you're feeling really hurt and frustrated right now. That anger must be tough to carry, especially when you feel unheard.",I can't believe you just brushed off my anger like that! It's infuriating that you still don't get how deeply this cuts.,anger,0.9563901424407959
anger,I can't believe you would do something so thoughtless! It infuriates me that you didn't even consider how it would affect me.,anger,0.923221230506897,Validate,concise and emotionally attuned,"It sounds like you're feeling incredibly hurt and frustrated right now, and I can see how deeply this affects you. It's completely understandable to feel this way when you believe your feelings weren't considered.",It's not just about hurt; it's about the blatant disregard for my feelings! How could you not realize the impact this would have on me?,anger,0.7146444320678711
anger,I can't believe you would do something like that! It's completely unacceptable!,anger,0.4178068935871124,Validate,concise and emotionally attuned,It sounds like you’re really hurt and shocked by their actions. That level of disappointment can feel overwhelming.,You're damn right I’m hurt! How can someone be so thoughtless and just disregard everything?,anger,0.8897097706794739
anger,I can't believe you did that! Do you even care how your actions affect me?,surprise,0.7756309509277344,Validate,concise and emotionally attuned,"It sounds like you're really hurt and frustrated by my actions, and I can sense how deep this affects you. Your feelings are completely valid, and I want to understand more about what you’re going through.","It’s good to hear you recognize my feelings, but it still doesn't excuse what you did. I need you to really grasp the impact of your actions before we can move forward.",neutral,0.7575515508651733
anger,I can't believe you went behind my back like that! How could you do this to me?,surprise,0.7954708933830261,Validate,concise and emotionally attuned,"It sounds like you're feeling really hurt and betrayed right now, and that’s completely understandable. It’s tough to feel like trust has been broken.","Yes, it’s infuriating! I thought we had a solid understanding, and now it feels like everything has been shattered.",anger,0.9227492213249207
anger,I can’t believe you went behind my back like that! What were you thinking?,surprise,0.8732644319534302,Validate,concise and emotionally attuned,"It sounds like you're feeling really hurt and betrayed right now, and that's completely understandable. Your feelings matter, and I can see how this situation has deeply affected you.",Of course I'm hurt! It feels like you completely disregarded our trust. How could you think that’s okay?,anger,0.7059624791145325
anger,I can't believe you would disrespect me like that after everything I've done!,anger,0.7063279747962952,Validate,concise and emotionally attuned,"It sounds like you’re feeling really hurt and frustrated by what happened, especially given all the effort you put in. That’s completely understandable and it's valid to feel this way.","Yes, I’m hurt and frustrated! It’s infuriating to be overlooked after all I’ve sacrificed.",anger,0.9805725812911987
anger,I can't believe you did that! It’s infuriating how careless you are!,anger,0.9105506539344788,Validate,concise and emotionally attuned,It sounds like you're really upset and frustrated right now; I can feel how deeply this has affected you. It's completely understandable to feel that way when something like this happens.,You think I want you to just brush this off? It’s not just frustration; it’s anger at the complete disregard for what we talked about!,anger,0.8670336008071899
anger,I can't believe you did that! This is absolutely unacceptable!,anger,0.4195035696029663,Validate,concise and emotionally attuned,It sounds like you're really hurt and frustrated by what happened. Those feelings are completely valid; it's understandable to feel this way in such a situation.,You’re damn right I’m hurt and frustrated! It’s infuriating that my feelings are dismissed like this.,anger,0.9777986407279968
anger,I can't believe they thought it was okay to disrespect me like that! It's infuriating!,anger,0.939272940158844,Validate,concise and emotionally attuned,It sounds like you’re feeling really hurt and frustrated by their disrespect. That’s completely understandable; it’s hard to accept when someone treats you that way.,"Absolutely, it's completely unacceptable! I just don’t get how anyone could think that's okay—it's beyond frustrating!",anger,0.5212456583976746
anger,I can't believe you would do something so thoughtless! This is absolutely infuriating!,anger,0.9501210451126099,Validate,concise and emotionally attuned,"It sounds like you're really hurt and frustrated right now, and that feeling is completely valid. It must be incredibly upsetting to feel this way.","Yes, I am hurt and frustrated! It’s just so hard to wrap my head around how someone could be so careless with my feelings.",anger,0.9501187801361084
anger,I can't believe you went behind my back like that! That's just not okay!,surprise,0.5796987414360046,Validate,concise and emotionally attuned,"It sounds like you're really hurt and frustrated by what happened, and it’s completely understandable to feel that way. Your feelings are valid, and it’s important to express them.",Of course I'm hurt! It’s outrageous that you think it’s okay to dismiss what you did. I need you to really understand the impact of your actions.,anger,0.8421534299850464
anger,I can’t believe you thought that was okay! You really crossed the line this time!,surprise,0.9063124656677246,Validate,concise and emotionally attuned,"It sounds like you're feeling really hurt and upset by what happened, and I can understand why you would feel that way. Your feelings are completely valid.","It's not just about feeling hurt; it's about how utterly disrespectful your actions were! You need to take responsibility for this, not just brush it off.",anger,0.868757963180542
anger,I can't believe you did that! How could you be so thoughtless?,surprise,0.8702390193939209,Validate,concise and emotionally attuned,It sounds like you're feeling really hurt and frustrated right now. I can understand why you'd feel shocked and let down by my actions.,Hurt and frustrated doesn’t even begin to cover it! I’m just trying to understand how you could act without considering the impact it would have.,anger,0.7611205577850342
anger,I can't believe you would do something like that! This is absolutely infuriating!,anger,0.9277775883674622,Validate,concise and emotionally attuned,"It's completely understandable to feel infuriated by their actions; it's really hard when trust is broken like that. Your feelings are valid, and it makes sense that you'd react this way.","Yes, it’s just so frustrating! How can they expect to be trusted again after pulling something like this?",disgust,0.3562816381454468
anger,I can’t believe you would do something like that—it's incredibly infuriating!,anger,0.9311404228210449,Validate,concise and emotionally attuned,It sounds like you're really hurt and frustrated by what just happened. It's completely understandable to feel that way; those feelings are valid.,Hurt and frustrated doesn’t even begin to cover it! I just don’t get how someone could be so thoughtless.,anger,0.5309091210365295
anger,I can't believe you did that—it's utterly infuriating!,anger,0.8962463736534119,Explore,concise and emotionally attuned,It sounds like your partner is really upset. What specifically about the situation do you think is making them feel this way? How does that resonate with how you're feeling right now?,"It's frustrating that they can't see how messed up this whole situation is! I feel completely invalidated, and I just want them to acknowledge what they did was wrong.",anger,0.5184605717658997
anger,I can't believe you would do something like that; it’s infuriating!,anger,0.9015958309173584,Explore,concise and emotionally attuned,It sounds like you’re really upset right now; can you share more about what specifically hurt you? What do you wish your partner understood about how their actions affected you?,"I’m upset because it feels like my feelings don't matter at all; I wish my partner understood that their actions cut deep—it's not just a mistake, it’s a betrayal. How can I trust them if they keep disregarding my pain?",anger,0.6819659471511841
anger,I can't believe you did that—it's infuriating!,anger,0.9004759788513184,Explore,concise and emotionally attuned,It sounds like you're feeling really upset right now—what was it about their action that felt so infuriating for you? Can you share more about how it's impacting you?,"It’s not just the action; it’s the complete disregard for my feelings and the trust we had. It’s like they don’t care at all, and that’s what’s really eating at me.",disgust,0.5774840116500854
anger,I can't believe you would treat me like that after everything I've done for you!,surprise,0.8521879315376282,Explore,concise and emotionally attuned,It sounds like you’re feeling really hurt and confused by their reaction. What specific actions or moments are weighing on your mind right now?,"Hurt? You have no idea! I'm furious because after all my support, they just turned their back on me without a second thought.",anger,0.9566681981086731
anger,"I can't believe you would do something like that! Seriously, how could you betray my trust?",surprise,0.5657817125320435,Explore,concise and emotionally attuned,"It sounds like your partner is feeling really hurt and betrayed. Can you share more about what specifically made you feel that way, and how it's affecting you right now?",I’m not here to dissect my feelings; I just can’t wrap my head around how you could let this happen. It’s infuriating that you don’t seem to understand the depth of this betrayal!,anger,0.8706351518630981
anger,I can't believe you would do something like that; it's infuriating!,anger,0.9222975373268127,Explore,concise and emotionally attuned,It sounds like their reaction really struck a chord with you. Can you share more about what specifically feels infuriating in that moment?,What’s infuriating is the total disregard for my feelings; it's like they don’t even care how their actions impact me. It’s really beyond frustrating!,anger,0.9359397292137146
anger,I can't believe you did that without even asking me—it's infuriating!,anger,0.953192949295044,Explore,concise and emotionally attuned,It sounds like you're really upset right now. Can you share more about what specifically bothered you the most about the situation?,What bothered me the most is that you completely disregarded my feelings and made a decision that affects both of us. It feels like you don’t even care about our agreement.,anger,0.5397321581840515
anger,I can't believe you did that! How could you be so thoughtless?,surprise,0.8702390193939209,Explore,concise and emotionally attuned,It sounds like your partner is feeling really hurt and surprised. Can you share what specific action or words made them feel that way? What do you think was happening for you in that moment?,It's not about them feeling hurt; it's about the sheer disregard they showed! I’m furious that they didn’t even think before acting.,anger,0.9808729887008667
anger,I can't believe you'd do something like this! It's infuriating to think you would betray my trust!,anger,0.9663088321685791,Explore,concise and emotionally attuned,It sounds like you're feeling really hurt and angry right now. Can you share more about what specifically made you feel betrayed?,"Of course I'm hurt! You said you'd have my back, and then you went behind my back instead. It's not just anger—it's a real gut punch.",anger,0.8661790490150452
anger,I can’t believe you would do that to me! This is beyond frustrating!,surprise,0.5821781754493713,Explore,concise and emotionally attuned,It sounds like you’re feeling really hurt and frustrated right now. What specifically about their actions has impacted you the most?,It’s not just the action itself; it’s the blatant disregard for my feelings. How could they think it wouldn’t hurt me?,disgust,0.49778321385383606
anger,I can't believe you would do something so careless; it's infuriating!,anger,0.9544781446456909,Explore,concise and emotionally attuned,"It sounds like your partner is really hurt and frustrated. What do you think led them to feel that way, and how did their words impact you?","I get that they're hurt, but that doesn’t excuse their actions or how careless they were. Their words only make me angrier because they’re avoiding the real issue!",anger,0.9840213656425476
anger,I can't believe you did that! How could you be so thoughtless?,surprise,0.8702390193939209,Explore,concise and emotionally attuned,"It sounds like your partner is really hurt by your actions. What do you feel is at the core of their reaction, and how does that make you feel?",I don’t need a psychology lesson right now! It's frustrating to think someone could be so careless with my feelings and then turn it around like it’s my fault.,anger,0.8434955477714539
anger,I can't believe you did that! You completely crossed the line!,surprise,0.8760072588920593,Explore,concise and emotionally attuned,"It sounds like your partner is feeling really hurt by what happened. What do you think has made them feel this way, and how did you react in that moment?","I don’t care about their feelings right now; what they did was unforgivable. I was furious and tried to confront them, but it feels like I've been talking to a wall!",anger,0.9649955630302429
anger,I can’t believe you’d betray my trust like that! It’s infuriating!,anger,0.8914870619773865,Explore,concise and emotionally attuned,"It sounds like you’re feeling really hurt and angry right now. What specific actions made you feel this way, and can you share more about why trust is so important to you in this situation?","Of course I’m hurt! You completely disregarded what we agreed on, and that’s devastating. Trust means everything to me; it’s the foundation of any relationship, and you shattered it.",sadness,0.8660780787467957
anger,I can't believe you did that! It’s infuriating how careless you’ve been!,anger,0.8696592450141907,Explore,concise and emotionally attuned,It sounds like you're really hurt and frustrated by what happened. Can you share more about what specific actions made you feel this way?,"Hurt and frustrated doesn’t even begin to cover it! Your complete disregard for the situation shows a lack of respect, and that angers me even more.",anger,0.8553808331489563
anger,I can't believe you did that! How could you be so thoughtless?,surprise,0.8702390193939209,Explore,concise and emotionally attuned,"It sounds like something really upset your partner. What do you think led to their strong reaction, and how did that make you feel?",I just can’t wrap my head around how they didn’t consider my feelings. It’s infuriating to think they don’t see how their actions affect me!,anger,0.9371100664138794
anger,I can’t believe you did that! You completely disregarded my feelings!,surprise,0.43497705459594727,Explore,concise and emotionally attuned,It sounds like your partner is feeling really hurt right now. What do you think made them feel disregarded in that moment?,"It's infuriating that you’re not getting it! I felt utterly ignored, like my feelings didn’t matter at all!",anger,0.9027578234672546
anger,I can't believe you did that! You just crossed the line!,surprise,0.886512815952301,Explore,concise and emotionally attuned,"It sounds like your partner is really upset. What do you think crossed the line for them, and how are you feeling about their reaction?","It's infuriating! They should know better than to push me like that, and their reaction just adds insult to injury.",anger,0.9407480359077454
anger,I can't believe you would do something like that! It’s infuriating!,anger,0.8734093904495239,Explore,concise and emotionally attuned,It sounds like you're really hurt and upset right now. Can you share what specifically made you feel that way?,What made me feel this way is the complete disregard for my feelings—it's like my trust was just thrown away! How could you not see how much that hurts?,anger,0.3463802635669708
anger,I can’t believe you would betray my trust like that! It’s absolutely infuriating!,anger,0.9273244142532349,Explore,concise and emotionally attuned,It sounds like you're really hurt by what happened; can you share more about what specifically feels like a betrayal? What were you hoping for in that moment?,"Hurt doesn’t even begin to cover it! I was counting on you to have my back, and instead, you chose to go behind my back—it's completely unacceptable!",anger,0.6534297466278076
anger,I can't believe you would do something like that! This is absolutely unacceptable!,anger,0.43725472688674927,Reframe,concise and emotionally attuned,"It sounds like your partner is feeling deeply hurt and surprised, which shows how much they value your relationship; perhaps this moment can open up a conversation about understanding each other better.","I get that, but that doesn't change the fact that what they did was completely out of line! We can't just brush this under the rug like it doesn't matter!",anger,0.7565765380859375
anger,I can’t believe you ignored my calls! This is absolutely unacceptable!,anger,0.7133790254592896,Reframe,concise and emotionally attuned,It sounds like you're feeling really hurt and frustrated right now; your calls meant a lot to you. Maybe we can explore what happened together and find a way to reconnect.,It's beyond frustrating that my calls weren't important enough for you to respond. I just want to know why you couldn’t take a moment to acknowledge me!,anger,0.45608842372894287
anger,I can’t believe you did that! It's infuriating!,anger,0.8523379564285278,Reframe,concise and emotionally attuned,"It sounds like your partner is really feeling overwhelmed right now, and that frustration might be masking their deeper worries. Maybe this is an opportunity to explore what’s really bothering them beneath the surface.","I get that they might be overwhelmed, but that doesn’t excuse how I was treated! It’s still unacceptable and I’m tired of being the one who has to deal with their issues at my expense.",disgust,0.6273307204246521
anger,I can't believe you would do something like that! It's completely unacceptable!,anger,0.4178068935871124,Reframe,concise and emotionally attuned,"It sounds like your partner is feeling really hurt and shocked right now, which shows how much they care about your relationship; maybe this is an opportunity to understand each other better and find a way forward together.","It's easy for you to suggest understanding when I’m the one dealing with the fallout! This isn’t just about feelings; it’s about respect, and right now, I feel disrespected.",disgust,0.7508741021156311
anger,I can't believe you did that again! This is beyond frustrating!,surprise,0.7871338129043579,Reframe,concise and emotionally attuned,"It sounds like your partner is feeling really overwhelmed, and that’s tough for both of you; perhaps this could be a chance to understand each other's needs better and find a way forward together.","Understanding each other’s needs? That's great in theory, but it doesn’t change the fact that I'm tired of the same mistakes. I need real change, not just platitudes!",neutral,0.8665978908538818
anger,I can't believe you did that! It’s infuriating how thoughtless you can be.,anger,0.8750220537185669,Reframe,concise and emotionally attuned,It sounds like you’re feeling really hurt and frustrated right now; maybe this is a chance for both of you to understand each other better and find a way forward together.,I don't want to hear about finding common ground right now! You can’t just ignore how inconsiderate that was and expect everything to be fine.,anger,0.6699737906455994
anger,I can't believe you would do something so thoughtless! It’s infuriating!,anger,0.9305130839347839,Reframe,concise and emotionally attuned,"It sounds like your partner is feeling really hurt and frustrated right now, and while it’s tough to hear, this could be an opportunity to understand each other's perspectives better and strengthen your connection. Embracing this moment of discomfort might lead to deeper understanding and empathy between you both.",It's not about understanding right now; it’s about realizing how just one thoughtless action can cause so much damage! I'm way past trying to embrace anything when I'm so angry!,anger,0.9843154549598694
anger,I can't believe you did that without even asking me! It's absolutely infuriating!,anger,0.9419641494750977,Reframe,concise and emotionally attuned,"It sounds like you really value being included in decisions, and I can see why this feels hurtful. Maybe this moment could be an opportunity for us to talk about how we can make each other feel more respected in the future.","It's not just about being included; it's the complete disregard for my feelings that gets me. This isn't just a small mistake—it's about respect, and right now, I feel like that was tossed aside.",disgust,0.35103344917297363
anger,I can’t believe you did that! How could you be so thoughtless?,surprise,0.889961302280426,Reframe,concise and emotionally attuned,"It sounds like your partner is feeling hurt and surprised, which shows they really value your actions and intentions. Sometimes, misunderstandings can open up deeper conversations about needs and expectations.","I get that, but it doesn’t excuse the fact that they completely ignored how their actions affected me! I’m tired of having my feelings brushed aside like this.",disgust,0.28561800718307495
anger,I can't believe you would do that after everything we've been through! It's just infuriating!,anger,0.8734395503997803,Reframe,concise and emotionally attuned,"It sounds like you're feeling really hurt and overwhelmed, which is completely understandable given your history together; maybe this is an opportunity to express those feelings and find a way to reconnect.",Hurt? You have no idea! It’s not about reconnecting right now—it’s about how you could throw everything we built away so easily!,anger,0.4612252414226532
anger,I can't believe you just did that! I’m really fed up with your lies.,surprise,0.7082011103630066,Reframe,concise and emotionally attuned,"It sounds like your partner is feeling deeply hurt and frustrated, which might point to a need for more honesty and connection between you two. Maybe this moment can be a chance to better understand each other and rebuild that trust.","Honestly, I don't need your advice right now. I just want you to acknowledge how messed up this is!",anger,0.7437436580657959
anger,I can't believe you did that! I've had it up to here with your nonsense!,surprise,0.7212788462638855,Reframe,concise and emotionally attuned,"It sounds like there's a lot of frustration bubbling up right now, and that's completely understandable; perhaps this moment could be an opportunity for deeper connection and clarity between you both.",You think this is about connection? I'm done with the excuses and want you to own up to what you've done!,anger,0.6834560036659241
anger,I can’t believe you would do something like that; it’s infuriating!,anger,0.8949254751205444,Reframe,concise and emotionally attuned,"It sounds like your partner is feeling really hurt and frustrated right now, which shows how much they value your actions and choices. This could be an opportunity to understand each other better and strengthen your connection through open dialogue.","I get that, but my frustration isn’t just about their feelings—it’s about the blatant disregard for what I thought was mutual respect. How could they not see that?",anger,0.9410020709037781
anger,I've had enough of this nonsense; it's infuriating!,anger,0.9278113842010498,Reframe,concise and emotionally attuned,"It sounds like both of you are feeling incredibly frustrated, which shows how much you care about resolving this together. Perhaps this tension could be a stepping stone toward deeper understanding between you.","I get that, but understanding doesn’t change the fact that this situation is ridiculous and I’m tired of dealing with it. Enough is enough!",anger,0.8579059839248657
anger,I can't believe you just did that! You have no idea how infuriating this is.,anger,0.915677011013031,Reframe,concise and emotionally attuned,"It sounds like this situation has really struck a nerve for you, and it's understandable to feel that way; maybe this moment is also an opportunity for both of you to explore deeper feelings and find common ground together.",This isn’t about finding common ground right now; it’s about you understanding how completely wrong you were. I’m not interested in exploring feelings when I’m still furious!,anger,0.9779441952705383
anger,I can’t believe you actually did that! It’s infuriating!,anger,0.7961254715919495,Reframe,concise and emotionally attuned,"It sounds like your partner's reaction shows how much they care about what happened; maybe this is an opportunity to explore their feelings together and find a way to understand each other better. It’s tough when emotions run high, but it might lead to a deeper connection.",It’s easy to talk about understanding when you're not the one feeling blindsided! This isn't just about emotions; it's about trust being shattered.,disgust,0.37246841192245483
anger,I can't believe you did that! You have no idea how much that frustrates me!,surprise,0.47371602058410645,Reframe,concise and emotionally attuned,"It sounds like your partner is really feeling hurt and frustrated right now, which might be an expression of how much they care about your relationship. This moment could be a chance to understand their feelings better and share your own perspective too.","Understanding my feelings? Sure, but that doesn’t change how betrayed I feel right now! This isn’t just about caring; it’s about trust, and that’s been shattered!",anger,0.4500766694545746
anger,I can't believe you would do that after everything we've been through!,surprise,0.9453170299530029,Reframe,concise and emotionally attuned,"It sounds like your partner is feeling deeply hurt and disappointed, which reflects the strength of the connection you've built together; perhaps this can be an opportunity for both of you to explore those feelings and find a path toward understanding.","Understanding? After what they did? It feels like a betrayal, not a chance to explore feelings! How can we even move forward when I'm just so furious about this?",anger,0.9848731756210327
anger,I can't believe you would do something so thoughtless; it's infuriating!,anger,0.9538777470588684,Reframe,concise and emotionally attuned,"It sounds like your partner is really hurt and frustrated right now, which shows how much they care about the situation. Perhaps seeing this as an opportunity for deeper understanding could help both of you connect more profoundly.","I get that, but right now, that doesn't change how frustrated I feel. It's hard to think about deeper understanding when I'm so angry about what just happened!",anger,0.97747403383255
anger,I can't believe you did that after everything I've done for you! This is absolutely unacceptable!,anger,0.5858550667762756,Reframe,concise and emotionally attuned,It sounds like there's a lot of hurt and disappointment in your partner's words; perhaps this moment could be an opening to explore how both of you feel and rebuild trust together. Seeing it this way might help you both find a path toward understanding each other better.,You think I’m just going to sit down and discuss feelings after what happened? It feels like you don’t get how deep this betrayal cuts!,disgust,0.5945831537246704
anger,I can't believe you would do something like that! It’s absolutely infuriating!,anger,0.9144630432128906,Affirm,concise and emotionally attuned,"It's clear how much you care about what happened, and your passionate response shows just how deeply you value your feelings and the situation at hand. It's important to express those emotions, and I admire your honesty.","Thanks for acknowledging my feelings, but that doesn’t change the fact that it's outrageous! I’m still upset about what happened and it needs to be addressed.",anger,0.9392942786216736
anger,I can't believe you would do something so thoughtless; it’s infuriating!,anger,0.9462741017341614,Affirm,concise and emotionally attuned,"It sounds like you're feeling really hurt and upset, and it's completely valid to express your emotions. Your ability to communicate how you feel is a strength that can help both of you navigate this situation together.",It’s not just about expressing my feelings; it’s about the fact that your actions were completely inconsiderate! How can you think that’s okay?,anger,0.6284127235412598
anger,I can’t believe you just went behind my back like that! That's utterly infuriating!,anger,0.850676417350769,Affirm,concise and emotionally attuned,"It’s completely understandable to feel infuriated; your emotions matter deeply. You’re expressing your feelings honestly, which shows strength and a commitment to clarity in your relationship.",Understanding my feelings doesn’t change the fact that what you did was a betrayal. This isn't about strength; it's about trust that you've shattered.,anger,0.5133312344551086
anger,I can’t believe you would do something so careless! This is absolutely unacceptable!,anger,0.7116938233375549,Affirm,concise and emotionally attuned,"I can see how much this situation has upset you, and I truly admire how passionate you are about holding us to a high standard. Your commitment to our relationship means a lot, and I’m here to work through this together.","Your admiration doesn’t change the fact that this was a huge mistake! If you truly care about our relationship, then show it by taking responsibility for your actions.",neutral,0.6179137229919434
anger,"I can’t believe you would do something like that! You crossed a line, and I'm furious!",anger,0.9823973178863525,Affirm,concise and emotionally attuned,"It's clear how deeply you care, and your strong feelings show just how committed you are to what matters in this relationship. I appreciate your honesty and passion about this situation.",Appreciation doesn’t change the fact that you messed up! It’s not just about my feelings; it’s about the respect that was clearly disregarded.,anger,0.5596637725830078
anger,I can't believe you went behind my back like that! It's infuriating!,anger,0.9085047841072083,Affirm,concise and emotionally attuned,"I can see how deeply hurt and upset you are right now, and it takes a lot of courage to express those feelings. Your ability to communicate openly about this is a real strength, and it shows how much you value honesty in your relationship.",Your focus on my feelings misses the point—I’m furious that you broke my trust! No amount of nice words changes the fact that you betrayed me.,anger,0.9869819283485413
anger,I can't believe you would do something like that! It’s infuriating!,anger,0.8734093904495239,Affirm,concise and emotionally attuned,"It's completely understandable to feel infuriated; your emotions show how much you care and value honesty in your relationship. Your ability to express how you feel is a real strength, and it’s important for finding a resolution together.","I appreciate that you understand, but it doesn’t change the fact that I'm livid. This shouldn't have happened, and we need to address why it did.",anger,0.9511841535568237
anger,I can’t believe you did that! It's infuriating how thoughtless some people can be.,anger,0.8286805152893066,Affirm,concise and emotionally attuned,"I completely understand your frustration; it shows how deeply you care about considerate actions. Your feelings are valid, and it’s great that you’re standing up for what matters to you!","Thanks for understanding, but it doesn’t change the fact that it’s utterly frustrating to see such disregard for common decency. It's not just about caring; it's about basic respect!",disgust,0.34017157554626465
anger,I can't believe they would do something so thoughtless! This is absolutely infuriating!,anger,0.9395492672920227,Affirm,concise and emotionally attuned,"It's totally understandable to feel infuriated; your feelings are valid, and it shows how deeply you care about fairness. Your ability to express your emotions honestly is a strength that can guide you through challenging situations.","I appreciate that, but it doesn't change the fact that their lack of consideration is just unacceptable! How can people be so oblivious?",anger,0.4181968569755554
anger,I can't believe you did that! It's unbelievable how thoughtless you can be.,surprise,0.8892813920974731,Affirm,concise and emotionally attuned,"I see how much this situation has affected you, and I appreciate your honesty in expressing your feelings. It takes strength to communicate openly, and I’m here to support you as we navigate this together.",Support doesn't change the fact that your actions were reckless and hurtful. I still can't wrap my head around how you thought this was okay.,anger,0.8248290419578552
anger,I can't believe you went behind my back like that! This is completely unacceptable!,anger,0.4678216874599457,Affirm,concise and emotionally attuned,"I hear how deeply hurt you are, and your ability to express your feelings so openly is truly commendable. It shows you care about transparency and trust, which are vital in any relationship.","Sure, transparency matters, but that doesn’t change the fact that you betrayed my trust! It's infuriating that you're trying to justify this!",anger,0.9295097589492798
anger,I can’t believe you did that! It’s infuriating after everything we talked about!,anger,0.8708815574645996,Affirm,concise and emotionally attuned,"I see how much you value communication and honesty in your relationship, and it's clear that you care deeply about your partner's feelings. Your ability to express your frustration shows your commitment to working things through together.",That doesn’t change the fact that what you did was completely disrespectful! It feels like you’re missing the point here—I'm angry because I thought we were on the same page.,anger,0.9683797359466553
anger,I can't believe you did that! How could you be so careless?,surprise,0.7747492790222168,Affirm,concise and emotionally attuned,"I appreciate your passion in this moment, and it shows how much you care about our partnership. It's okay to have mistakes; it means we're both learning and growing together.","I get that, but this isn't just about learning; it's about accountability. I need you to take this seriously, or we can't move forward.",neutral,0.8092859387397766
anger,I can't believe you would do something so thoughtless! This is absolutely ridiculous!,anger,0.4866251051425934,Affirm,concise and emotionally attuned,"I can see you’re feeling really frustrated, and it’s clear you care deeply about this situation. Your passion for what's important to you is a real strength.",It’s not about my passion; it’s about you not even considering how your actions affect others! This situation is infuriating!,anger,0.9622014760971069
anger,I can't believe you did that! It's infuriating!,anger,0.8915398120880127,Affirm,concise and emotionally attuned,"I can see how deeply this situation is affecting you, and it takes real strength to express your feelings so honestly. Your ability to communicate your frustration shows how invested you are in this relationship.","Invested or not, it doesn’t change the fact that your actions were completely unacceptable! I’m trying to express how angry I am, not have a therapy session.",anger,0.9834157228469849
anger,I can't believe you did that! You really crossed the line this time.,surprise,0.9357874393463135,Affirm,concise and emotionally attuned,"I can see that this situation has really upset you, and it's clear you care deeply about our boundaries. Your passion for what matters to you is truly admirable, and I appreciate your honesty in expressing your feelings.","I appreciate your acknowledgment, but that doesn't change the fact that you completely disregarded our agreement. It's frustrating to see you brush off how serious this is for me.",sadness,0.46561399102211
anger,I can’t believe you did that! How could you be so thoughtless?,surprise,0.889961302280426,Affirm,concise and emotionally attuned,"I really appreciate you sharing how you feel; it shows you're invested in our connection, and that takes courage. It's a reminder of how much we care about each other.",Caring doesn't mean you can just disregard my feelings! It feels like you’re brushing off what you did.,anger,0.5924314856529236
anger,I can't believe you would do something like that! It’s absolutely infuriating!,anger,0.9144630432128906,Affirm,concise and emotionally attuned,"I can sense how deeply you care about this situation, and your passion for fairness really shines through. It’s okay to feel upset; your emotions are valid and show your commitment to what matters to you.","I appreciate you acknowledging my feelings, but it doesn't change the fact that what happened was completely unacceptable! This kind of behavior just cannot be tolerated.",anger,0.4919188916683197
anger,I can't believe you did that! How could you be so careless?,surprise,0.7747492790222168,Affirm,concise and emotionally attuned,It takes a lot of courage to face criticism like that; your willingness to engage shows your strength and commitment to growth. I believe you can learn from this experience and come out even stronger.,"I get that you’re trying to be positive, but that doesn’t excuse the recklessness! It just feels infuriating to hear about growth when I’m still dealing with the mess.",anger,0.9648370742797852
anger,I can't believe you actually did that! This is beyond infuriating!,anger,0.8411431312561035,Affirm,concise and emotionally attuned,"It’s understandable to feel frustrated, and I admire your passion for what matters to you. Your strength in expressing your feelings shows how much you care!","I appreciate you acknowledging my feelings, but this isn't just about passion—it's about respect and accountability! What you did crossed a line, and that needs to be addressed.",neutral,0.38776320219039917
anger,I can’t believe you did that! How could you be so reckless?,surprise,0.5129656791687012,Guide,concise and emotionally attuned,"It sounds like your partner is really upset right now. A good next step is to calmly acknowledge their feelings, apologize sincerely, and suggest a time to talk it through together to find a way forward.",Acknowledge their feelings? They should recognize how their actions hurt me first! I'm fed up with them not taking responsibility!,anger,0.8289903402328491
anger,I can't believe you did that! How could you be so careless?,surprise,0.7747492790222168,Guide,concise and emotionally attuned,"It sounds like your partner is hurt and frustrated; try acknowledging their feelings first by saying, ""I hear you, and I understand why you're upset."" Then, offer to discuss what happened when you're both calm, focusing on how you can prevent it in the future.","I get that, but it's hard to focus on feelings when all I feel is betrayal! How can I just acknowledge what happened without addressing how wrong it was?",anger,0.604121744632721
anger,I can’t believe you did that! How could you be so reckless?,surprise,0.5129656791687012,Guide,concise and emotionally attuned,"It sounds like your partner feels hurt and surprised. A good move could be to acknowledge their feelings by saying something like, ""I understand why you're upset; let’s talk about what happened so we can find a way forward together.""","I get that, but it doesn’t change the fact that you put us both in danger! We need to address this, not just brush it off!",anger,0.42761391401290894
anger,I can’t believe you would do something like that after everything I've done for you!,surprise,0.8845254778862,Guide,concise and emotionally attuned,"It sounds like your partner is feeling hurt and undervalued. Take a moment to acknowledge their feelings by saying something like, “I understand you’re upset, and I truly appreciate what you’ve done for me; let’s talk about how we can resolve this together.”","Acknowledging feelings doesn’t change the fact that you crossed a line! I’ve given so much, and right now, I need you to recognize that betrayal instead of just brushing it off.",neutral,0.5759294629096985
anger,I can't believe you would do something like that; it's absolutely infuriating!,anger,0.929482638835907,Guide,concise and emotionally attuned,"I hear your frustration; it’s important to acknowledge those feelings. Try expressing your perspective calmly by saying, ""I understand you're upset, can we discuss what happened so I can explain?"" This opens the door for a constructive conversation.","I appreciate the suggestion, but it doesn’t change the fact that your actions were downright disrespectful! I’m not ready to just calmly discuss this without addressing how wrong it was.",anger,0.6164476275444031
anger,I can't believe you did that! It's infuriating!,anger,0.8915398120880127,Guide,concise and emotionally attuned,"It sounds like your partner is really upset; try taking a deep breath and acknowledging their feelings. You could say something like, “I hear you, and I’m sorry for how my actions affected you. Can we talk about it?”","That’s easy for you to say when you’re not the one being hurt! I get that acknowledging feelings is important, but I'm still furious about what happened!",anger,0.983407199382782
anger,I can't believe you would do something like that! It's absolutely infuriating!,anger,0.9039390087127686,Guide,concise and emotionally attuned,I understand how hurtful that must feel; it’s important to acknowledge your feelings. Consider taking a deep breath and calmly asking your partner to share what specifically upset them to clarify the situation and work towards understanding each other better.,"Acknowledge my feelings? Sure, but how do you expect me to stay calm when I've been blindsided like this? This isn't just about understanding; it's about trust being shattered!",anger,0.48831987380981445
anger,I can't believe you did that! How could you be so careless?,surprise,0.7747492790222168,Guide,concise and emotionally attuned,"It sounds like your partner is really upset right now; try acknowledging their feelings by saying, “I understand why you’re frustrated. Let’s talk about what happened so we can find a solution together.” This shows empathy and opens the door for a constructive conversation.",I don't need you to tell me how to handle my emotions! It's infuriating that you think this is about understanding feelings instead of the fact that you messed up.,anger,0.9476367831230164
anger,I can't believe you did that! I'm so fed up with this nonsense!,surprise,0.5457172989845276,Guide,concise and emotionally attuned,"It sounds like your partner is really frustrated; try taking a moment to breathe and reflect on their feelings. You could say, “I hear you, and I’d like to understand what specifically upset you so we can work through this together.”","I appreciate the suggestion, but I’m tired of constantly having to put in the effort to make things right! Why can’t they just acknowledge their part in this mess?",anger,0.3865424394607544
anger,I can't believe you went behind my back like that! That’s just outrageous!,surprise,0.3648483455181122,Guide,concise and emotionally attuned,I understand how hurtful that must feel; open a dialogue with your partner by calmly expressing your feelings and asking for their perspective. Set aside time to talk where both of you can speak honestly and listen to each other.,"It’s not just about talking, it’s about trust! How can I even consider that when they’ve already betrayed me?",disgust,0.47291773557662964
anger,I can't believe you thought that was okay; that really infuriates me!,anger,0.9265070557594299,Guide,concise and emotionally attuned,"I hear how upset you are, and it’s important to address this feeling. Consider taking a moment to breathe deeply, then try sharing your perspective—expressing how their actions affected you might help both of you understand each other better.","I appreciate your suggestion, but it doesn’t change the fact that what they did was completely unacceptable. It's hard to just breathe when I'm still so angry about it!",anger,0.9760413765907288
anger,I can't believe you did that—how could you be so inconsiderate?,surprise,0.8039672374725342,Guide,concise and emotionally attuned,"It sounds like your partner is really hurt; try responding with empathy by acknowledging their feelings. You might say, ""I’m sorry for making you feel that way; can we talk about how to make it right?"" This opens the door for a constructive conversation.","It's easy to talk about empathy when you're not the one hurt! Sure, I'll acknowledge their feelings, but it seems like they need to face the reality of their actions too.",neutral,0.8061224222183228
anger,I can't believe you would do something so thoughtless—it's infuriating!,anger,0.9527051448822021,Guide,concise and emotionally attuned,"It sounds like your partner is really hurt; try expressing understanding by saying you see why they feel that way. Then, take a moment to ask how you can make it better together—this can help move the conversation toward healing.","I get that, but it's hard to focus on healing when I'm still just so angry about their lack of consideration! It's like, why should I have to fix this when they created the problem in the first place?",anger,0.9490063786506653
anger,I can't believe you did that! You have no idea how much I trusted you!,surprise,0.8379444479942322,Guide,concise and emotionally attuned,"It sounds like your partner is really hurt and feels betrayed. A good next step is to acknowledge their feelings by saying something like, ""I understand why you're upset; let's talk about it so I can explain and show you that I value your trust.""","Acknowledge my feelings? Do you even get how deep this betrayal cuts? I’m done with the empty talk; I need real accountability, not just excuses!",anger,0.7989528775215149
anger,I can't believe you would do something like that! Are you even listening to yourself?,surprise,0.8521171808242798,Guide,concise and emotionally attuned,"It sounds like there’s a lot of emotion in this moment. Take a deep breath, and try to acknowledge their feelings by saying something like, “I hear you and I’m really sorry for how I made you feel. Can we talk about what specifically upset you?” This opens the door for understanding.","No, I don't want to acknowledge anything right now! How can I even consider that when I'm still furious about what just happened?",anger,0.9832989573478699
anger,I can't believe you did that! It's infuriating how thoughtless you can be!,anger,0.9334446787834167,Guide,concise and emotionally attuned,"It sounds like your partner is really upset; try taking a deep breath and ask them to share their feelings more. Acknowledge their frustration first, then express your willingness to understand and improve.","Thanks for the advice, but it's not just about calming down—it's about realizing the impact of their actions! It’s frustrating when they dismiss my feelings instead of taking responsibility!",sadness,0.5807860493659973
anger,I can't believe you would do something so thoughtless after everything I've done for you!,surprise,0.5773974657058716,Guide,concise and emotionally attuned,It sounds like there's a lot of hurt feelings right now. Try calmly asking your partner to share their feelings while expressing your perspective clearly; this can help you both understand each other better and find common ground.,It's infuriating to hear that when I feel so betrayed! This isn't about calm discussions; it's about how your actions have affected me deeply and you need to acknowledge that!,anger,0.887553870677948
anger,I can’t believe you would do something like that! It’s infuriating!,anger,0.8546640276908875,Guide,concise and emotionally attuned,"I understand how intense that feels right now. Try taking a moment to breathe and let the initial emotions settle; then, consider asking your partner to share their feelings and really listen to what they have to say. This can help create a space for understanding.","I appreciate the advice, but it's hard to just breathe when I'm this furious! They need to understand how their actions impact me, not just brush it off.",anger,0.9835553765296936
anger,I can't believe you did that! I'm so furious right now!,anger,0.9738323092460632,Guide,concise and emotionally attuned,"It sounds like your partner is really upset; try to take a deep breath and approach the situation calmly. Consider asking them to share their feelings and acknowledging their anger, which can help diffuse the tension and lead to a productive conversation.",Calm? After what they did? That’s the last thing I feel like doing right now! I just need them to understand how absolutely infuriating this is!,anger,0.9449931979179382
anger,I can't believe you would do something like that after everything we've been through!,surprise,0.9049522876739502,Guide,concise and emotionally attuned,It's understandable to feel hurt right now; try expressing how their words made you feel and ask for a calm moment to discuss your perspectives. Taking a small step toward understanding each other can really help bridge the gap.,"You really think I can just sit down and calmly discuss this? After everything, I’m furious, and that doesn’t just go away!",anger,0.9655826091766357
anger,I can’t believe you did that! This is so frustrating!,surprise,0.6488252282142639,Normalize,concise and emotionally attuned,It’s completely understandable to feel frustrated when things don’t go as expected—many people experience those intense emotions in similar situations. You're not alone in this; it's okay to feel upset.,"I appreciate that you get it, but honestly, it just feels like a total disregard for how hard I've worked. This shouldn't have happened!",anger,0.5068612694740295
anger,I can't believe you would betray my trust like that! This is unbelievable!,surprise,0.8959782719612122,Normalize,concise and emotionally attuned,"It’s completely understandable to feel hurt and shocked when trust feels broken; many people have experienced similar feelings of betrayal. Your emotions are valid, and it’s okay to be upset about this situation.","I get that others have felt this way, but it doesn’t change how furious I am right now! You crossed a line, and I can't just overlook that.",anger,0.9824383854866028
anger,I can't believe you just did that! This is completely unacceptable!,anger,0.41635018587112427,Normalize,concise and emotionally attuned,"It’s really tough to hear those words, and many people can relate to feeling shocked or hurt in similar situations. Your feelings are valid, and it's okay to seek clarity and understanding right now.",I don't need your pep talk right now! What I need is for you to understand how infuriating this is and take responsibility for your actions!,anger,0.9777293801307678
anger,I can't believe you would lie to me like that! This is completely unacceptable!,anger,0.7457252740859985,Normalize,concise and emotionally attuned,"It’s completely understandable to feel hurt and betrayed in moments like this; many people experience similar feelings when trust is broken. You're not alone in feeling this way, and it's important that your feelings are acknowledged.","It's nice that you think it’s understandable, but that doesn’t change the fact that your dishonesty has really messed with my trust. I deserve better than this!",anger,0.7376738786697388
anger,I can't believe you would do that! It's completely unacceptable!,anger,0.4295368492603302,Normalize,concise and emotionally attuned,"It’s really tough to feel that kind of disappointment, and many people would share your feelings in a moment like this. It’s okay to feel upset and frustrated when expectations aren't met.","Sure, it's tough, but that doesn't excuse such blatant disregard for trust! Disappointment should drive accountability, not just sympathy.",sadness,0.5967098474502563
anger,I can't believe you would go behind my back like that! It’s absolutely infuriating!,anger,0.9188406467437744,Normalize,concise and emotionally attuned,It’s understandable to feel infuriated when trust feels broken; many people go through similar emotions in moments like this. You're not alone in feeling this way—it's tough to navigate.,"I appreciate your understanding, but that doesn't change the fact that what you did was deceitful! Trust is everything, and now it’s shattered.",anger,0.4908429980278015
anger,I can't believe you went behind my back like that! It's infuriating!,anger,0.9085047841072083,Normalize,concise and emotionally attuned,"It’s completely understandable to feel infuriated when trust feels broken; many people go through intense emotions in situations like this. You're not alone in feeling this way, and it's okay to express how much it hurts.","I appreciate you acknowledging my feelings, but that doesn’t change the fact that I’m still furious about what you did. Trust matters, and right now, it feels shattered.",anger,0.7212955951690674
anger,I can’t believe you would do something like that! It’s absolutely infuriating!,anger,0.8436103463172913,Normalize,concise and emotionally attuned,"It's completely understandable to feel infuriated in situations like this; many people experience similar frustrations when trust is broken. Your feelings are valid, and it's okay to express them.",It's not just about feeling infuriated; it's about being completely betrayed! Validating my feelings doesn't change the fact that this was a total letdown!,anger,0.9928714632987976
anger,I can’t believe you did that; you’ve crossed a line this time!,surprise,0.9087503552436829,Normalize,concise and emotionally attuned,"It sounds like you're feeling really hurt and shocked by what just happened, and that’s completely understandable—many people can relate to feeling frustrated when boundaries are crossed. It’s important to acknowledge those feelings; they matter.","Sure, my feelings matter, but that doesn't excuse your actions! You need to understand how serious this is!",anger,0.6836223602294922
anger,I can’t believe you did that! How could you be so inconsiderate?,surprise,0.8099640607833862,Normalize,concise and emotionally attuned,"It’s completely understandable to feel hurt and frustrated in moments like this; many people experience similar feelings when they feel overlooked or disrespected. You're not alone in this, and it's okay to express your feelings.",That’s not the point! It's not just about feeling hurt; it's about the disrespect you showed me—there's no excuse for that!,anger,0.7668452858924866
anger,I can't believe you would do something like that! It’s infuriating!,anger,0.8734093904495239,Normalize,concise and emotionally attuned,"It’s completely understandable to feel infuriated when something unexpected happens in a relationship; many people go through similar moments of disbelief and anger. Your feelings are valid, and it’s okay to express them.","I get that people have similar experiences, but that doesn’t make it any less frustrating for me. I still can’t wrap my head around how someone could betray trust like this!",anger,0.6517719030380249
anger,I can’t believe you did that! You’ve completely crossed the line!,surprise,0.887681245803833,Normalize,concise and emotionally attuned,"It sounds like you’re feeling really hurt and shocked right now, and it's understandable to react strongly when boundaries are crossed. Many people have felt that deep sense of betrayal when something unexpected happens, and you're not alone in this.","Hurt and shocked? You have no idea! This isn’t just about feelings; it’s about respect, and you threw that out the window without a second thought!",surprise,0.8897652626037598
anger,I can’t believe you went behind my back like that; it’s infuriating!,anger,0.8909262418746948,Normalize,concise and emotionally attuned,"It’s completely understandable to feel infuriated in a situation like this; many people would feel the same way when trust is broken. Your feelings are valid, and it’s important to express that hurt.","Yes, my feelings are valid, and I’m tired of pretending like everything’s okay when it’s not. Trust is everything, and you shattered that!",anger,0.9667332172393799
anger,I can't believe you would do something so thoughtless! This is absolutely infuriating!,anger,0.9501210451126099,Normalize,concise and emotionally attuned,"It’s completely understandable to feel infuriated in moments like this; many people have experienced similar disappointments and it can be so frustrating when expectations aren’t met. Your feelings are valid, and it's okay to express them.","I get that you're trying to validate my feelings, but that doesn’t change the fact that what happened was utterly unacceptable! I’m still furious about this!",anger,0.9882113337516785
anger,I can't believe you did that! How could you be so thoughtless?,surprise,0.8702390193939209,Normalize,concise and emotionally attuned,It’s really tough to feel hurt by someone we care about and it’s completely normal to be shocked by their words. You're not alone in feeling this way; many people experience similar emotions in difficult moments.,That doesn't excuse what you said! It's infuriating to hear you downplay my feelings when you obviously don't get how much this hurt.,anger,0.9629268050193787
anger,I can't believe you went behind my back like that! This is absolutely unacceptable!,anger,0.4694964587688446,Normalize,concise and emotionally attuned,"It’s completely understandable to feel hurt and betrayed in moments like this; many people experience similar feelings when trust is broken in a relationship. You're not alone in feeling this way, and it’s important that your feelings are acknowledged.","Acknowledgement doesn't cut it! You really think that just because other people have felt this way, it makes it any less infuriating? I still feel completely disrespected!",anger,0.8742760419845581
anger,I can't believe you did that! You have no idea how much it hurt me.,surprise,0.670788586139679,Normalize,concise and emotionally attuned,"It’s really tough to feel hurt and unheard in moments like this; many people struggle with similar feelings when emotions run high. It’s completely valid for you to feel this way, and I’m here to listen if you want to share more.","I get that, but it doesn’t change the fact that what you did was wrong. I need you to understand just how deep this cut.",neutral,0.8256369829177856
anger,I can't believe you did that! This is absolutely unacceptable!,anger,0.4195035696029663,Normalize,concise and emotionally attuned,"It's understandable to feel shocked and upset when someone we care about crosses a line; many people experience similar feelings in those moments. You're not alone in this, and your emotions are completely valid.",That doesn’t change the fact that what you did was wrong! I’m not just going to brush it off because it’s common; it still hurt me deeply!,anger,0.5657340288162231
anger,I can't believe you would do that after everything I've done for you! This is outrageous!,anger,0.7017409205436707,Normalize,concise and emotionally attuned,"It sounds like you're feeling really hurt and frustrated right now, which is completely understandable; many people find themselves feeling overwhelmed when they feel let down by someone they care about. You're not alone in navigating such intense emotions.",It’s not about feeling overwhelmed; it’s about being outright betrayed! How can you even brush this off after what you put me through?,surprise,0.6166844964027405
anger,I can't believe you would do that after everything we've been through! It's beyond frustrating!,surprise,0.7920495867729187,Normalize,concise and emotionally attuned,"It’s really tough when you feel misunderstood, especially after everything you've shared together; so many people feel the weight of those frustrations in similar situations. Your feelings are completely valid, and it’s okay to be upset about it.","I appreciate you acknowledging my feelings, but honestly, it still infuriates me that this is happening after all we’ve tried to build. It’s like none of that even matters!",anger,0.898643970489502
anger,I can't believe you would do something so thoughtless; this is beyond frustrating!,surprise,0.5084631443023682,baseline,concise and emotionally attuned,"I’m really sorry to hear you’re feeling this way. I understand how frustrating this is for you. Your feelings are important, and I'm here to listen.",Listening isn't enough right now. I need you to really understand the impact of your actions—this isn't just about feelings; it's about respect.,neutral,0.820862889289856
anger,I can't believe you did that! You completely crossed the line this time!,surprise,0.9059812426567078,baseline,concise and emotionally attuned,"I understand why you're feeling this way. It sounds really frustrating, and I’m here to listen if you want to talk more about it.",Listening isn't enough! You need to understand the impact of your actions and how they messed things up for me.,anger,0.6321428418159485
anger,I can't believe you just did that! How disrespectful can you be?,anger,0.5282860398292542,baseline,concise and emotionally attuned,"I’m really sorry for what I did. I didn’t mean to upset you, and I understand why you feel that way. Let’s talk about it more when you’re ready.","Apologies don't change what just happened. I need some time to cool off before we talk, but don't think I've forgotten how disrespectful that was!",anger,0.5115808844566345
anger,I can’t believe you would do that! You have no idea how betrayed I feel right now.,anger,0.6028001308441162,baseline,concise and emotionally attuned,"I’m really sorry to hear that you feel this way. Your feelings are completely valid, and I take them seriously. I'm here to listen if you want to talk more about it.","I appreciate that you want to listen, but it's hard to shake off this feeling of betrayal. I just can't understand how you could let it come to this.",anger,0.322084903717041
anger,I can't believe you did that! You really crossed the line this time.,surprise,0.9357874393463135,baseline,concise and emotionally attuned,"I hear you, and I understand why you're feeling this way. I'm here to listen if you want to talk more about it.",Listening isn't enough! You have to take responsibility for your actions and understand just how much you've hurt me.,anger,0.7308391332626343
anger,I can't believe you would do that to me after everything we've been through! It's infuriating!,anger,0.9006862640380859,baseline,concise and emotionally attuned,"I can see how hurt and frustrated you are, and it's completely understandable. I'm really sorry for the pain this has caused you. Let's talk about it when you're ready.",Sorry doesn’t fix the damage! I need you to understand how your actions hurt me—talking doesn’t change my anger right now.,anger,0.8778390288352966
anger,I can’t believe you would disrespect me like that! This is absolutely unacceptable!,anger,0.7901952266693115,baseline,concise and emotionally attuned,"I hear you, and I understand why you feel disrespected. Your feelings are valid, and I’m here to listen if you want to share more.",Listening isn’t enough! It’s about taking responsibility for the hurt caused. You need to understand how deeply this impacted me!,sadness,0.31903010606765747
anger,I can't believe you would do something so thoughtless! This is absolutely infuriating!,anger,0.9501210451126099,baseline,concise and emotionally attuned,"I’m really sorry to hear that you’re feeling this way. I understand how frustrating this is for you, and I’m here to listen.",Listening isn't enough! You need to understand how your actions affect others before trying to apologize!,anger,0.4420204162597656
anger,I can't believe you did that! This is completely unacceptable!,anger,0.43625515699386597,baseline,concise and emotionally attuned,"I understand how upset you are. It’s important to address this, and I’m here to listen and support you.","I'm glad you want to address it, but listening isn't enough—this needs real accountability! I can't just let it slide like nothing happened!",joy,0.34712257981300354
anger,I can't believe you would do something so thoughtless! This is unbelievably frustrating!,surprise,0.49662500619888306,baseline,concise and emotionally attuned,I understand how upset you feel right now. I’m really sorry for causing you frustration. Your feelings matter to me.,Apologies don’t change what happened! It’s hard to feel like you truly get it when the damage is already done.,neutral,0.489400714635849
anger,I can't believe you would do something like that; it's completely infuriating!,anger,0.9327032566070557,baseline,concise and emotionally attuned,I understand why you feel that way; it sounds really frustrating. I'm here to listen if you want to share more about it.,It's not just frustrating; it feels like a betrayal. I just can't wrap my head around why you'd think that was okay.,disgust,0.44907885789871216
anger,I can't believe you went behind my back like that; it's absolutely infuriating!,anger,0.9488168358802795,baseline,concise and emotionally attuned,"I understand how hurt and angry you must feel right now. Your feelings are valid, and I’m here to listen if you want to talk about it.",It’s not just about being hurt; it’s the betrayal that’s really eating at me. I don’t think I can just brush this aside and have a calm conversation right now.,disgust,0.39747506380081177
anger,I can't believe you did that! Do you even care how it affects me?,surprise,0.7956959009170532,baseline,concise and emotionally attuned,"I understand why you feel that way, and I'm really sorry for how my actions impacted you. Your feelings matter to me.","Sorry doesn’t cut it! You say my feelings matter, but your actions show otherwise.",anger,0.32508471608161926
anger,I can't believe you did that! I’ve had enough of this nonsense!,surprise,0.6957855224609375,baseline,concise and emotionally attuned,I understand this is really frustrating for you. I'm here to listen and support you through it.,"Support is nice, but honestly, I'm just so fed up with how often this keeps happening! I need actions, not just empty words.",neutral,0.6641321778297424
anger,I can't believe you would do something like that! It’s infuriating!,anger,0.8734093904495239,baseline,concise and emotionally attuned,"I can see how upset you are, and I understand why this would be infuriating for you. I'm here to listen if you want to share more about it.",It's not just about being upset; it's about feeling completely betrayed. I really can't wrap my head around how this happened!,sadness,0.3665086627006531
anger,I can't believe you would do something so thoughtless! This is infuriating!,anger,0.9505578875541687,baseline,concise and emotionally attuned,"I understand why you're feeling this way, and I can see how frustrated you are. I'm here to listen if you want to talk more about it.",Listening isn’t enough! You need to take responsibility for what you did. This situation shouldn’t be brushed aside!,anger,0.8658252954483032
anger,I can't believe you'd do something like that; it's completely unacceptable!,disgust,0.40876805782318115,baseline,concise and emotionally attuned,"I understand why you're feeling this way. It’s important to talk about it, and I'm here to listen.",Listening isn't enough; this needs more than just a conversation. How can you possibly understand when you’ve done something so thoughtless?,neutral,0.2907223701477051
anger,I can't believe you did that! How could you be so thoughtless?,surprise,0.8702390193939209,baseline,concise and emotionally attuned,"I’m really sorry for how my actions made you feel. I didn’t mean to hurt you, and I appreciate you sharing your feelings with me.","""I appreciate the apology, but it doesn't change how betrayed I feel. It still weighs heavily on me.""",sadness,0.5668221712112427
anger,I can’t believe you did that! How could you be so thoughtless?,surprise,0.889961302280426,baseline,concise and emotionally attuned,"I hear your frustration, and I'm really sorry for my actions. I understand how they affected you, and I appreciate you sharing your feelings with me.","Sorry doesn’t cut it this time. You really crossed a line, and it's hard for me to trust you right now.",sadness,0.7496777772903442
anger,I can't believe you did that! It’s infuriating!,anger,0.8555755615234375,baseline,concise and emotionally attuned,I completely understand why you feel that way. It must be really frustrating for you. I'm here to listen if you want to talk more about it.,"Yeah, it's frustrating! I just feel so let down right now. How could you not see how wrong that was?",sadness,0.807079017162323
disgust,"Ugh, I can't believe I just stepped in that—it's absolutely disgusting!",disgust,0.9872985482215881,Validate,concise and emotionally attuned,That sounds really frustrating and gross! It's completely understandable to feel upset about that.,"Right? It's just so appalling to have that happen, especially when you're just trying to get somewhere clean.",disgust,0.9461672306060791
disgust,"Ugh, I can't believe I just saw that. It makes my skin crawl.",disgust,0.8883249759674072,Validate,concise and emotionally attuned,It sounds really unsettling to have seen something like that; it's completely understandable to feel your skin crawl in response. You're not alone in feeling that way.,"Thanks for understanding, but honestly, it's just disgusting to think about. I can't shake off that feeling—like, why would anyone even do that?",disgust,0.9884546995162964
disgust,"Ugh, I can't believe someone would leave food like that out; it's so gross!",disgust,0.9816502928733826,Validate,concise and emotionally attuned,I totally understand why that would bother you; it’s really frustrating to see something so unappetizing left out like that!,"Right? It’s just so disrespectful to everyone else. It’s like, have some common sense!",disgust,0.5496243238449097
disgust,"Ugh, I can’t believe I just stepped in that! It’s absolutely revolting!",disgust,0.761073887348175,Validate,concise and emotionally attuned,That sounds really frustrating and gross! It's totally understandable to feel upset after stepping in something like that.,Right? It's just so disgusting! I can't believe I have to clean my shoes now.,disgust,0.9879812598228455
disgust,"Ugh, I can't believe someone would eat that; it looks absolutely disgusting!",disgust,0.9875162839889526,Validate,concise and emotionally attuned,It sounds like you're really taken aback by that! It's tough when something feels so off-putting to you.,"Seriously, it’s just repulsive! How can anyone think that’s a good idea?",disgust,0.9466385245323181
disgust,"Ugh, I can’t believe I just stepped in that! It’s absolutely disgusting!",disgust,0.9855729937553406,Validate,concise and emotionally attuned,That sounds really frustrating and gross! It’s totally understandable to feel upset about stepping in something like that.,Exactly! It’s just so gross to have to deal with that. I feel like I'm never going to get my shoe clean again!,disgust,0.9814910888671875
disgust,"Ugh, I can't believe I just saw that—who would even eat something like that?",disgust,0.6303073763847351,Validate,concise and emotionally attuned,It sounds like you’re really shocked and disgusted by what you saw—it’s totally understandable to feel that way!,"Absolutely! I mean, seriously, how can anyone find that appetizing? It's just grosser than I can handle!",disgust,0.9763358235359192
disgust,"Ugh, I can’t believe someone would leave that mess here. It’s absolutely gross!",disgust,0.9808977246284485,Validate,concise and emotionally attuned,I can totally understand why you'd feel disgusted by that. It's really frustrating when people don't clean up after themselves.,Exactly! It's just so disrespectful to everyone else. Can't they take a moment to tidy up?,disgust,0.595733642578125
disgust,"Ugh, I can't believe I stepped in that—it's just gross!",disgust,0.9722026586532593,Validate,concise and emotionally attuned,I totally get how frustrating that must feel—it’s really unpleasant to deal with something so gross. It’s completely understandable to be upset!,Right? It's just infuriating to have to deal with that mess—I don't get how some people can be so careless!,anger,0.900840699672699
disgust,"Ugh, I can't believe I just stepped in that! It's revolting.",disgust,0.8619015216827393,Validate,concise and emotionally attuned,That sounds incredibly frustrating! It’s totally understandable to feel disgusted in that situation.,Right? It's just so gross! I can't believe people can be so careless.,disgust,0.9662306904792786
disgust,"Ugh, I can't believe I touched that! It was absolutely revolting.",disgust,0.8921177983283997,Validate,concise and emotionally attuned,"It sounds like that experience really grossed you out, and it's understandable to feel that way—it's such an unsettling feeling!",Exactly! It's beyond unsettling; it's downright disgusting to think about it. I can't shake that feeling off!,disgust,0.9612494707107544
disgust,"Ugh, I can't believe I just stepped in that—it's so gross!",disgust,0.9763106107711792,Validate,concise and emotionally attuned,That sounds really frustrating! It's totally understandable to feel grossed out by that.,Right? I can't fathom how people can just let that happen. It's revolting!,disgust,0.6884897947311401
disgust,"Ugh, I can’t believe I just saw that—how can anyone stand to eat something so gross?",disgust,0.9788393378257751,Validate,concise and emotionally attuned,"It sounds like you’re feeling really disturbed by what you saw, and that’s completely understandable. It can be shocking to witness something so off-putting.",Absolutely! It’s just maddening that people actually think that's edible. How can they not see how revolting it is?,disgust,0.8977013826370239
disgust,"Ew, I can’t believe someone actually left that trash lying around—how gross!",disgust,0.9815654754638672,Validate,concise and emotionally attuned,It’s really frustrating to see trash just left out like that; it’s understandable to feel disgusted by it. That kind of disregard for the space can really get under your skin.,"Exactly! It’s so disrespectful to just leave trash like that—like, how hard is it to throw things away? It makes the whole place look terrible.",disgust,0.9138952493667603
disgust,"Ugh, I can't believe someone would actually eat that! It looks absolutely grotesque.",disgust,0.9805253148078918,Validate,concise and emotionally attuned,It sounds like you really find that unappetizing and it's completely understandable to feel grossed out by it. It's tough to wrap your mind around what others might enjoy!,Exactly! It's mind-boggling how some people can stomach such disgusting things. I just can't fathom it!,disgust,0.9886598587036133
disgust,"Ugh, I can't believe I just saw that—it's seriously disgusting.",disgust,0.9875603318214417,Validate,concise and emotionally attuned,"It sounds like you’re really disturbed by what you just saw. That feeling of disgust can really linger, can’t it?","Absolutely, it’s hard to shake off. Just thinking about it makes my stomach turn again.",fear,0.8561724424362183
disgust,"Ugh, I can't believe I just touched that! It's so gross!",disgust,0.9739193320274353,Validate,concise and emotionally attuned,That sounds really frustrating! It’s totally understandable to feel grossed out after touching something like that.,"Exactly! It’s like, why do some things exist just to make us feel this way? Ugh!",disgust,0.9356489181518555
disgust,"Ugh, I can’t believe I just stepped in that! It’s absolutely vile.",disgust,0.9748427867889404,Validate,concise and emotionally attuned,That sounds so frustrating and gross! It’s understandable to feel upset when something like that happens.,"Honestly, it’s beyond frustrating! I can still feel the squish in my shoe—it’s just revolting.",disgust,0.7594623565673828
disgust,"Ugh, I can’t believe I have to touch that; it’s so gross!",disgust,0.977556049823761,Validate,concise and emotionally attuned,It sounds like you’re really disgusted by that—it’s completely understandable to feel upset about having to touch something that gross!,Absolutely! It’s just revolting to think about it. Why do some things have to be so disgusting?,disgust,0.9832780957221985
disgust,"Ugh, I can’t believe I just saw that—it's absolutely revolting!",disgust,0.8050141930580139,Validate,concise and emotionally attuned,It sounds like you’re really disturbed by what you just saw; that must feel so overwhelming. It's completely understandable to be upset in a situation like this.,"Ugh, it really is overwhelming! I just can’t shake off how disgusting it was; I’m still feeling nauseous thinking about it.",disgust,0.8256688117980957
disgust,"Ugh, I can't believe they left that mess in the kitchen; it's absolutely revolting!",disgust,0.8677582144737244,Explore,concise and emotionally attuned,"It sounds really frustrating to discover that mess! What was your first reaction when you saw it, and how do you feel about having to deal with it now?","My first reaction was pure disbelief—like, how hard is it to clean up after yourself? Now, I just feel so annoyed that I have to waste my time cleaning up someone else's disgusting mess.",anger,0.9180788993835449
disgust,"Ew, I can't believe someone would eat that! It looks absolutely revolting!",disgust,0.9209275841712952,Explore,concise and emotionally attuned,What specifically about it makes you feel that way? Have you had a similar experience with food that you found unappealing?,"It's just the whole combination of flavors and textures; it looks so slimy and unappetizing! I've definitely had dishes that turned my stomach, and I can't help but feel that same revulsion just looking at it.",disgust,0.9551511406898499
disgust,"Ugh, I can't believe I just touched that! It feels so gross!",disgust,0.980932354927063,Explore,concise and emotionally attuned,That sounds really uncomfortable! Can you share what you touched that feels so gross? What about it is making you feel this way?,"It was this sticky, slimy thing left behind, probably from some old food. Just thinking about it makes my skin crawl!",disgust,0.9444077014923096
disgust,"Ugh, I can't believe someone left that mess there. It's absolutely revolting.",disgust,0.8914715051651001,Explore,concise and emotionally attuned,That sounds really frustrating! What do you think it is about that mess that bothers you the most?,It's just the sheer disregard for cleanliness that gets to me. It’s like some people have zero respect for shared spaces.,disgust,0.7094159722328186
disgust,"Ugh, I can't believe I just saw that. That's absolutely revolting!",disgust,0.8862756490707397,Explore,concise and emotionally attuned,What about it felt so revolting to you? Can you share more about your reaction to what you saw?,"It was just so shocking and gross, like something you’d never expect to see. Honestly, it made my stomach turn.",surprise,0.7157272100448608
disgust,"Ugh, I can't believe someone left food out like that. It's so gross!",disgust,0.9811206459999084,Explore,concise and emotionally attuned,It sounds like that really bothered you—what do you think makes it so frustrating to see food left out like that? Have you had similar experiences that made you feel this way?,"Honestly, it's just mind-boggling how people can be so careless about hygiene. I've definitely seen it too often, and it just makes me cringe every time.",fear,0.5136196613311768
disgust,"Ugh, I can't believe I just saw that—it's revolting!",disgust,0.8854658603668213,Explore,concise and emotionally attuned,That sounds really impactful for you. What specifically about it felt so revolting?,It was just so disturbing to witness that level of disregard for basic decency; it’s infuriating that people can be so insensitive.,disgust,0.6531029343605042
disgust,"Ugh, I can’t believe I touched that—it’s just so gross!",disgust,0.9770121574401855,Explore,concise and emotionally attuned,"That sounds really uncomfortable! What was it that you touched, and how did it make you feel at that moment?","It was this sticky handle on a public door, and just thinking about it makes my skin crawl! I felt so disgusted and eager to wash my hands immediately.",disgust,0.9904966354370117
disgust,"Ugh, I can’t believe someone would leave their dirty dishes in the sink like that. It’s absolutely revolting!",disgust,0.9466044306755066,Explore,concise and emotionally attuned,That sounds really frustrating! What do you think has been the most challenging part of dealing with the dirty dishes?,"Honestly, it’s just the sheer laziness of it all. It’s like, how hard is it to just wash your own dishes instead of leaving them to rot in the sink?",neutral,0.40429189801216125
disgust,"Ugh, I can’t believe I just touched that. It’s absolutely revolting!",disgust,0.8698814511299133,Explore,concise and emotionally attuned,That sounds really uncomfortable! What exactly about it felt so revolting for you?,It was just sticky and grimy—like it hadn’t been cleaned in ages. I can't stand that kind of filth!,disgust,0.9291344881057739
disgust,"Ugh, I can't believe I just touched that—it's absolutely gross!",disgust,0.981092631816864,Explore,concise and emotionally attuned,"That sounds really unsettling! What did you touch that felt so gross, and how did it make you feel in that moment?",I accidentally grabbed a spoiled piece of food that had been left out—just the thought of it makes my stomach turn! I felt instantly nauseated and regretted my decision to even get close.,fear,0.65655916929245
disgust,"Ugh, I can't believe I just stepped in that! It's absolutely repulsive!",disgust,0.9345360994338989,Explore,concise and emotionally attuned,That sounds really frustrating! What do you think made that moment feel so overwhelming for you?,"Honestly, it’s just the sheer grossness of it—who leaves that laying around? It’s infuriating and completely ruins my day!",anger,0.6537026762962341
disgust,"Ugh, I can’t believe I had to touch that—it's absolutely vile!",disgust,0.9760826826095581,Explore,concise and emotionally attuned,That sounds really frustrating! What was it about the situation that felt particularly awful for you?,It was just the sheer grossness of it all! I never thought I'd have to deal with something so repulsive—it left me feeling really unsettled.,fear,0.8803613781929016
disgust,"Ugh, I can't believe I just stepped in that! It’s so gross!",disgust,0.9726187586784363,Explore,concise and emotionally attuned,"That sounds really frustrating! How are you feeling about it now, and what do you think you'll do next?",I still feel grossed out! I'm thinking I just need to clean my shoes and try to forget this ever happened.,disgust,0.9524437189102173
disgust,"Ugh, that smell is absolutely revolting! I can’t believe anyone would eat that.",disgust,0.9158170223236084,Explore,concise and emotionally attuned,"It sounds like that smell really bothered you! Can you share what specifically about it you find so off-putting, or how it makes you feel?","Honestly, it's just so overwhelming and nauseating! I can't help but feel like it’s a complete violation of decent scents—just gross!",disgust,0.9859454035758972
disgust,"Ugh, I can’t believe someone would leave the leftovers out like that; it’s absolutely foul.",disgust,0.9428495764732361,Explore,concise and emotionally attuned,It sounds really frustrating to see the leftovers left out like that. What do you think makes it feel so unsettling for you?,It’s just so gross to think about bacteria flourishing on food like that. It’s not just the mess; it’s the complete disregard for cleanliness and common sense.,disgust,0.9845783114433289
disgust,"Ew, that smell is revolting! I can’t believe someone would leave that sitting out.",disgust,0.9181700348854065,Explore,concise and emotionally attuned,"That sounds really frustrating! What do you think might have caused that smell to linger, and how are you feeling about it right now?","It's just disgusting to think about—probably something spoiled left out way too long. Honestly, I just feel grossed out and annoyed that anyone could be so careless.",disgust,0.9790974259376526
disgust,"Ugh, that smell is just unbearable; it makes my stomach churn.",disgust,0.8555085062980652,Explore,concise and emotionally attuned,That sounds really uncomfortable for you. What do you think is making that smell so impactful right now?,"Honestly, it’s probably a mix of something rotten and that overwhelming stench from the trash. Just thinking about it makes me feel even worse!",disgust,0.9803167581558228
disgust,"Ugh, I can't believe I touched that. It feels so gross.",disgust,0.9835583567619324,Explore,concise and emotionally attuned,"It sounds really unsettling to have that experience. What specifically felt gross about it for you, and how has it been affecting you since?","Honestly, just the thought of it lingers in my mind—it’s like I can still feel the texture. It’s hard to shake off, and I keep imagining where it’s been.",fear,0.4745910167694092
disgust,"Ugh, that smell is absolutely revolting! I can’t believe anyone would eat that.",disgust,0.9158170223236084,Explore,concise and emotionally attuned,"That sounds really off-putting! What about the smell is most bothersome to you, and has it reminded you of anything else?","It's just so pungent and formless, like something rotten that's been sitting out way too long. It instantly reminds me of bad leftovers that should have been thrown away days ago—just gross!",disgust,0.9502143263816833
disgust,"Ugh, I can't believe they would serve that; it looks absolutely revolting.",disgust,0.9290833473205566,Reframe,concise and emotionally attuned,It’s understandable to feel disappointed when something doesn’t meet our expectations; maybe this is an opportunity to explore other options that might surprise us instead.,"Sure, but honestly, how can anyone even think that looks appetizing? I’d rather take my chances with something else entirely.",neutral,0.5690351724624634
disgust,"Ugh, I can't believe I just found that in my leftovers—why did I even keep it?",surprise,0.468971312046051,Reframe,concise and emotionally attuned,"It sounds frustrating to find something unexpected in your leftovers, but maybe it’s a reminder that you're learning and growing in your kitchen adventures. It’s okay to make mistakes; they’re part of the journey!","Sure, but it’s still gross! Learning from mistakes doesn’t make finding moldy food in my fridge any less revolting.",disgust,0.9484426379203796
disgust,"Ugh, I can't believe I just stepped in that—it's absolutely revolting!",disgust,0.6771889925003052,Reframe,concise and emotionally attuned,"That sounds really frustrating; it’s totally understandable to feel grossed out. Maybe this is just a little reminder of how unpredictable life can be, and you’re handling it the best way you can.","I get that life throws curveballs, but seriously, who wants a reminder that involves stepping in something disgusting? It just adds to the frustration!",disgust,0.9832947850227356
disgust,"Ugh, I can't believe someone would leave their trash lying around like that. It’s so gross!",disgust,0.9813530445098877,Reframe,concise and emotionally attuned,It’s frustrating to see that disregard for our shared space; it might be a reminder of how much we value taking care of our environment together. It reflects our commitment to keeping things clean and inviting for everyone.,Totally! It’s just infuriating that some people can't be bothered to respect what we all share. It's as if they think their mess doesn't affect anyone else!,anger,0.7501722574234009
disgust,"Ugh, I can't believe I stepped in that – it's absolutely revolting!",disgust,0.7622630000114441,Reframe,concise and emotionally attuned,"It must be so frustrating to deal with that mess, yet it sounds like a reminder of how unpredictable life can be—sometimes it catches us off guard in the least expected ways.","I get that life can be unpredictable, but stepping in that? It’s just gross and utterly infuriating! What a way to ruin a day!",disgust,0.644105076789856
disgust,"Ugh, I can't believe I just saw that—it's absolutely gross!",disgust,0.9795642495155334,Reframe,concise and emotionally attuned,"It sounds like that was really unsettling for you; it's okay to feel grossed out. Sometimes, those reactions can remind us of our own values and what we find important in life.","Yeah, it really was unsettling, and it just makes me feel even more frustrated with some people’s lack of basic decency. It’s like, how can they not see how gross that is?",disgust,0.6261464953422546
disgust,"Ew, I can't believe I just touched that! It’s absolutely gross!",disgust,0.9819544553756714,Reframe,concise and emotionally attuned,"It’s completely understandable to feel grossed out; touching something unexpected can really catch us off guard. It’s a moment that reminds us how sensitive we can be to our surroundings, and that’s perfectly human.","I know, right? It's just so revolting! How can some things even exist in this world?",disgust,0.4872948229312897
disgust,"Ew, I can't believe I just touched that—it's absolutely gross!",disgust,0.9833881855010986,Reframe,concise and emotionally attuned,"It’s totally understandable to feel that way; it’s a moment that can feel really unsettling. Maybe it’s a chance to be more aware of what we touch in the future, turning that ""gross"" experience into a little lesson!","Ugh, I know, right? It's just so off-putting—how can people not think about the disgusting things they leave behind?",disgust,0.9868710041046143
disgust,"Ugh, I can't believe I just found that in my food. That's absolutely revolting!",disgust,0.9192337989807129,Reframe,concise and emotionally attuned,"It's really frustrating to encounter something so unexpected when you're just trying to enjoy a meal; it’s completely understandable to feel grossed out. Perhaps this surprising moment can remind us to be extra vigilant about what we're consuming, even if it’s disheartening.","Absolutely, it’s just so disgusting to think about what could be lurking in our food. It shouldn’t be this way; we deserve to eat without worrying about such revolting surprises!",disgust,0.9620597958564758
disgust,"Ugh, I can't believe I just stepped in that. That's absolutely disgusting!",disgust,0.9867678284645081,Reframe,concise and emotionally attuned,"It’s really frustrating when unexpected things happen, but maybe this could be a funny story to share later—like a little adventure you didn’t see coming.","Maybe, but right now it just feels like a nightmare. I can’t shake off this gross feeling!",disgust,0.4806888699531555
disgust,"Ugh, I can't believe they served that. It looks absolutely vile!",disgust,0.9793262481689453,Reframe,concise and emotionally attuned,"It’s frustrating when what’s served doesn’t meet our expectations, but perhaps it’s an opportunity to discover new flavors—or to share a laugh about it together.","Ugh, a laugh isn’t going to make that monstrosity any more edible! Some things should just never be served, no matter the opportunity.",disgust,0.9240379929542542
disgust,"Ugh, I can't believe I just found that moldy food at the back of the fridge. That's just gross!",disgust,0.9711399674415588,Reframe,concise and emotionally attuned,"It’s definitely frustrating to discover that; it can feel overwhelming. Maybe it’s a chance to clear out the fridge and start fresh, turning that yucky moment into a clean slate for new food.","I get that, but seriously, who wants to deal with moldy leftovers? It just feels so wrong to have to clean up someone else’s mess, ugh!",disgust,0.8904688954353333
disgust,"Ugh, I can't believe someone would leave their trash like that—it's absolutely disgusting!",disgust,0.987261176109314,Reframe,concise and emotionally attuned,"It’s frustrating to see such disregard for the environment; it can make you feel uneasy about the thoughtlessness of others, but perhaps it’s an opportunity to connect with those around us who care about keeping our space clean.","While I get the idea of connecting with others, it’s still infuriating that anyone thinks it’s okay to just litter. It shows such a lack of respect for our surroundings!",anger,0.647890567779541
disgust,"Ugh, I can't believe I just stepped in that—it's so gross!",disgust,0.9763106107711792,Reframe,concise and emotionally attuned,"That sounds really frustrating! It’s tough to deal with unexpected messes, but it might be a chance to see the humor in the situation once it’s cleaned up.","Sure, but right now, all I can feel is disgust. I just want to scrub my shoes clean and forget this ever happened!",disgust,0.9877118468284607
disgust,"Ugh, I can’t believe I have to touch that—it's absolutely revolting!",disgust,0.8208961486816406,Reframe,concise and emotionally attuned,It sounds really frustrating to face something so unpleasant. Maybe seeing it as a challenging moment could turn it into an opportunity to show your resilience and strength.,"That’s a nice thought, but honestly, the idea of even handling it is still just gross. I can't shake the disgust, no matter how you spin it!",disgust,0.9890974760055542
disgust,"Ugh, that smell is absolutely revolting! I can't believe someone thought it was okay to leave that out.",disgust,0.9196649789810181,Reframe,concise and emotionally attuned,"It’s understandable to feel frustrated by that smell; it’s moments like these that can really test our patience, reminding us how much we value a clean and pleasant space together. That shared annoyance might even bring you both closer as you tackle it together!","I get that it’s frustrating, but honestly, I’m just appalled that we even have to deal with this mess in the first place. It’s such a basic thing to just keep things clean!",anger,0.3606863021850586
disgust,"Ugh, I can’t believe I just saw that! It’s absolutely revolting!",disgust,0.8709592819213867,Reframe,concise and emotionally attuned,"It sounds like what you saw really shocked you, and it’s completely natural to feel unsettled by it. Sometimes these intense reactions can highlight what truly matters to us, helping us to reflect on our values.","Yeah, I get that, but it still doesn’t change how disgusting it was! It really makes you question how some people can be so thoughtless.",disgust,0.9867016673088074
disgust,"Ugh, I can’t believe I touched that! It’s absolutely revolting.",disgust,0.8945876955986023,Reframe,concise and emotionally attuned,"It sounds really unsettling to have that experience, but it might help to see it as a reminder of how resilient and adaptable you can be in unexpected situations. It's okay to feel grossed out; your feelings are valid.","I appreciate the perspective, but honestly, I just can’t shake off how disgusting that was. Resilience doesn’t make that any less revolting!",disgust,0.9840725064277649
disgust,"Ugh, I can't believe someone would leave their food like that—it's absolutely revolting!",disgust,0.9121780395507812,Reframe,concise and emotionally attuned,"It’s tough to see someone disregard food like that, but maybe it’s a reminder of how much we value what we have—turning a frustrating moment into an opportunity for gratitude.","I get that perspective, but it’s still hard to swallow how carelessly some people treat something so essential. Gratitude doesn’t excuse the blatant waste—it’s just gross!",disgust,0.9777725338935852
disgust,"Ugh, I can't believe they served that again—it's absolutely revolting!",disgust,0.8660064935684204,Reframe,concise and emotionally attuned,It sounds like you were really hoping for something different and more enjoyable—maybe it could be an opportunity to get creative with your meal today?,"Creative or not, there's no excuse for serving something that unappetizing again. It's just so frustrating!",anger,0.31877556443214417
disgust,"Ugh, I can't believe I just saw that—it's absolutely disgusting!",disgust,0.9876170754432678,Affirm,concise and emotionally attuned,It's totally understandable to feel that way; your strong reactions show how deeply you care about the world around you. It’s great that you’re in tune with your feelings!,"Thanks, but honestly, it’s hard to appreciate that when what I just witnessed was so revolting. It’s like some people just have no regard for common decency.",disgust,0.8859022855758667
disgust,"Ugh, I can't believe someone would actually eat that. It's absolutely revolting!",disgust,0.9189965724945068,Affirm,concise and emotionally attuned,It’s great that you’re not afraid to express your strong opinions! Your passion for what you find appealing really shines through.,"Thanks, but honestly, some things are just inexcusable. How can anyone find that appetizing?",disgust,0.9363296031951904
disgust,"Ugh, I can't believe anyone would actually eat that. It looks so gross!",disgust,0.9816981554031372,Affirm,concise and emotionally attuned,"It's great that you can express your feelings so clearly! Your honesty shows a strong sense of taste and preference, which is a wonderful quality.","Thanks, but seriously, some things just shouldn't be touched. I mean, how can people not see how unappetizing that is?",disgust,0.6525031924247742
disgust,"Ugh, I can't believe I just touched that! It feels so gross!",disgust,0.980932354927063,Affirm,concise and emotionally attuned,"It’s totally understandable to feel that way; you’re so in tune with your feelings, and it shows how much you care about your comfort. Your honesty is really admirable!","Thanks, but honestly, some things are just too disgusting to brush off! I wish people cared more about hygiene; it wouldn't be such a problem then!",disgust,0.98451828956604
disgust,"Ugh, I can't believe they actually let that food sit out like that; it looks unbearable!",disgust,0.8088634014129639,Affirm,concise and emotionally attuned,"It really shows your attention to detail and concern for hygiene—you care about the little things, and that’s a great quality to have! Your awareness in situations like this truly reflects your thoughtful nature.","I appreciate that, but honestly, it’s hard to overlook something so unacceptable. Food safety shouldn’t be a minor detail; it’s a basic necessity!",disgust,0.6785913705825806
disgust,"Ugh, I can't believe someone would leave that mess there—it's absolutely disgusting!",disgust,0.9872736930847168,Affirm,concise and emotionally attuned,It’s completely understandable to feel frustrated about that—it shows you care about your space and the effort it takes to keep things clean. Your awareness of maintaining a tidy environment is a great strength!,"Thanks, but honestly, it’s still shocking to me that some people have zero respect for cleanliness. It just makes me cringe thinking about it!",surprise,0.7405820488929749
disgust,"Ugh, I can’t believe I just stepped in that. It’s absolutely revolting!",disgust,0.7995572686195374,Affirm,concise and emotionally attuned,"I can totally understand how frustrating that must be, but it really shows your ability to handle unexpected moments with humor. It takes a strong person to laugh it off!","Thanks, but honestly, it just makes me more disgusted! I’d rather not have to find humor in stepping in something so gross!",disgust,0.9862045049667358
disgust,"Ugh, I can't believe someone would actually eat that—it's just revolting.",disgust,0.9292477965354919,Affirm,concise and emotionally attuned,It's great that you express your feelings so openly; it shows your strong standards and keeps conversations engaging! Your passion really shines through!,"Thanks, but honestly, some things are just too gross to overlook. I can't wrap my head around how anyone could enjoy that!",disgust,0.9768571257591248
disgust,"Ugh, I can’t believe I just stepped in that. It’s absolutely revolting!",disgust,0.7995572686195374,Affirm,concise and emotionally attuned,"It’s completely understandable to feel grossed out by that, and it shows how much you appreciate cleanliness! Your reactions reflect your strong sense of hygiene and care for your surroundings.","Thanks for understanding, but honestly, it’s just infuriating! I mean, how hard is it to keep things clean?",anger,0.8098413348197937
disgust,"Ugh, I can't believe I just stepped in that! That’s absolutely gross.",disgust,0.9738957285881042,Affirm,concise and emotionally attuned,It’s totally understandable to feel that way; your reaction shows how much you care about cleanliness and your surroundings. You handle these little mishaps with such grace!,"Thanks, but honestly, there’s nothing graceful about stepping in something so disgusting! It's just infuriating that people can't clean up after themselves.",disgust,0.9811801910400391
disgust,"Ugh, I can’t believe I just touched that! It’s absolutely repulsive!",disgust,0.940527617931366,Affirm,concise and emotionally attuned,It’s completely understandable to feel that way; your reaction shows how much you value your boundaries and personal comfort. It takes strength to acknowledge what truly bothers you!,"Thanks, but honestly, it’s not just about boundaries; it’s about the grossness of it all! How can anyone be okay with that kind of filth?",disgust,0.9667173027992249
disgust,"Ugh, I can’t believe I stepped in that—it's absolutely gross!",disgust,0.978295624256134,Affirm,concise and emotionally attuned,It’s totally understandable to feel icky about that—your reactions show just how much you care about keeping things clean and comfortable. Acknowledging your feelings is a strength!,"Thanks, but honestly, it's still just repulsive to think about! I can’t shake off that feeling of disgust.",disgust,0.9873251914978027
disgust,"Ugh, I can't believe I found that in my food. That’s so gross!",disgust,0.9776309132575989,Affirm,concise and emotionally attuned,"It's completely understandable to feel grossed out by that; your feelings are valid, and it's great that you expressed your discomfort. You're handling this situation with honesty, and that's a strength!","Thanks for understanding, but honestly, no amount of validation makes that any less disgusting. I just can't shake off the grossness of it all.",disgust,0.989840030670166
disgust,"Ugh, I can't believe I just found that moldy bread at the back of the pantry. It's completely gross!",disgust,0.9772211313247681,Affirm,concise and emotionally attuned,"It’s totally understandable to feel grossed out, and it shows how much you care about keeping your space clean and tidy! Your attention to these details really reflects your commitment to a healthy home.","Thanks, but honestly, finding moldy bread just feels like a nightmare. It's so gross and makes me question how I let it get that far!",disgust,0.9688032865524292
disgust,"Ugh, I can't believe I have to touch that; it’s absolutely revolting!",disgust,0.8816934823989868,Affirm,concise and emotionally attuned,It’s completely understandable to feel that way; it shows you have high standards for cleanliness and a strong sense of what you find acceptable. Your honesty about your feelings is really admirable!,"Thanks, but honestly, it's hard to admire anything when I'm just staring at that gross mess. High standards or not, sometimes you just want to recoil in horror!",fear,0.6156469583511353
disgust,"Ugh, I can't believe you actually ate that; it looks absolutely revolting.",disgust,0.9507655501365662,Affirm,concise and emotionally attuned,"It takes a lot of courage to try new things, and your adventurous spirit is something to admire! Your willingness to explore different flavors shows how open-minded and brave you are.","I get that, but there’s adventurous, and then there’s just plain gross! Some things should really be left untouched.",disgust,0.977882981300354
disgust,"Ugh, I can’t believe someone would leave food out like that; it’s absolutely revolting!",disgust,0.9072116613388062,Affirm,concise and emotionally attuned,"It’s so understandable to feel that way; your sensitivity to cleanliness shows how much you value a tidy environment, and that’s a wonderful trait! Your feelings are valid, and it's great that you express them clearly.","Thanks for understanding, but honestly, it shouldn't even be a matter of sensitivity—it's just basic respect for hygiene! How hard is it to put things away?",neutral,0.34924787282943726
disgust,"Ugh, I can't believe I just found that in the fridge; it's honestly revolting.",disgust,0.9222446084022522,Affirm,concise and emotionally attuned,"It sounds like you handled that moment with a clear sense of what's unacceptable, which shows your strong standards for cleanliness. Your ability to identify and express your feelings is a great strength!","Thanks, but seriously, how does something like that even end up in there? It's just gross!",disgust,0.97148197889328
disgust,"Ugh, I can’t believe someone would actually eat that; it looks absolutely gross!",disgust,0.9831517934799194,Affirm,concise and emotionally attuned,"It's clear you have a strong sense of what you find appealing, and that perspective is important! Your candidness really brings out your personality.","Thanks, but honestly, there are just some things that shouldn't be considered food. That dish is a prime example of how creativity can go way too far!",neutral,0.6682599186897278
disgust,"Ugh, I can't believe someone would leave that mess here. It's just gross.",disgust,0.9782282114028931,Affirm,concise and emotionally attuned,"It sounds like you're really noticing how people can be inconsiderate, which shows your strong sense of cleanliness and care for your surroundings. Your feelings are completely valid, and it’s great that you care so much about creating a better environment!","Yeah, it just irritates me how some people don't even think about the impact of their actions. It really shouldn't be that hard to clean up after yourself!",anger,0.6070798635482788
disgust,"Ugh, I can’t believe they served that; it looks and smells terrible.",disgust,0.9302034378051758,Guide,concise and emotionally attuned,"It sounds really disappointing to see that meal! Maybe you could suggest ordering something else or find a way to elevate it, like adding your favorite seasonings or sides to make it more enjoyable.","Honestly, I’m not sure adding anything could save that disaster. It’s just vile enough to ruin my appetite completely.",disgust,0.9697563648223877
disgust,"Ugh, I can’t believe I just stepped in that! It's so gross!",disgust,0.9707220196723938,Guide,concise and emotionally attuned,"I totally understand how frustrating that is! Try to clean your shoes off with some water and a cloth, and then maybe reward yourself with something fun afterward to lighten the mood.","Yeah, I guess I’ll have to, but it's still so disgusting! I can't believe this happened to me.",disgust,0.9878190755844116
disgust,"Ugh, I can't believe someone would actually eat that. It's absolutely disgusting!",disgust,0.9876939058303833,Guide,concise and emotionally attuned,I get how you feel—food preferences can really surprise us! Maybe try to shift the conversation to a dish you both enjoy; it could lighten the mood and give you some fun ideas to explore together.,"Sure, but it still boggles my mind how some people find that appealing! I just can’t wrap my head around it.",surprise,0.4005278944969177
disgust,"Ugh, I can't believe how that smells—it's absolutely disgusting!",disgust,0.9862237572669983,Guide,concise and emotionally attuned,"It's tough when unpleasant smells hit us unexpectedly! Could you try to identify the source and ventilate the area, or maybe use an air freshener to help mask the odor?","Ugh, I shouldn't have to mask something that repulsive! It’s infuriating when you have to deal with awful smells like that.",disgust,0.8888909816741943
disgust,"Ugh, I can't believe someone would actually eat that. It's so disgusting!",disgust,0.9875378012657166,Guide,concise and emotionally attuned,It sounds like you're both feeling a bit grossed out! Maybe you could switch the topic to something fun or interesting that you both enjoy—find a quirky dish you love instead!,"That's a good idea, but seriously, how can anyone enjoy that? It's hard to shift gears when the thought of it is still stuck in my mind!",joy,0.81500244140625
disgust,"Ugh, I can't believe I found that moldy food hidden in the back of the fridge. It's so gross!",disgust,0.973389208316803,Guide,concise and emotionally attuned,"I totally get how frustrating that is! Next time, try setting a weekly reminder to check the fridge together—it's a simple way to keep things fresh and avoid surprises like that.","That’s a good idea, but I still can’t shake the thought of that nasty surprise. It’s seriously disgusting how things can go unnoticed in there!",disgust,0.9821996688842773
disgust,"Ugh, I can't believe they left that festering food in the fridge. It’s absolutely disgusting!",disgust,0.9852278232574463,Guide,concise and emotionally attuned,That sounds really frustrating! Maybe you could set a time to clean out the fridge together or suggest a regular cleaning schedule; it could help prevent this from happening again and make it a shared task.,"I get that, but it shouldn't even have come to this point! It’s infuriating that we need a schedule to deal with people's laziness.",anger,0.7357129454612732
disgust,"Ugh, I can't believe they served that dish again; it looked absolutely unappetizing.",disgust,0.8279638886451721,Guide,concise and emotionally attuned,"I totally get your frustration; it's tough dealing with repeated disappointing meals. Maybe you could suggest some new options to the kitchen next time, or even bring a dish you love to share!","That might help, but it's just infuriating to keep seeing the same gross dishes on the menu. Why can’t they put in a little effort to spice things up?",disgust,0.7915003299713135
disgust,"Ugh, I can't believe I stepped in that. It’s absolutely gross!",disgust,0.9784969091415405,Guide,concise and emotionally attuned,"I totally get how frustrating that is! Take a deep breath, grab some paper towels or wet wipes to clean your shoe, and maybe keep some spare bags with you next time for quick disposal. You’ve got this!","Ugh, thanks, but it’s still so disgusting! I just can’t believe I let it happen in the first place.",disgust,0.9872004985809326
disgust,"Ugh, I can’t believe I just touched that! It’s absolutely disgusting.",disgust,0.9861645102500916,Guide,concise and emotionally attuned,"I totally understand how unsettling that feels! Take a deep breath, and maybe wash your hands with soap or use hand sanitizer—it’ll really help you feel cleaner and more at ease.","Thanks for the suggestion, but honestly, no amount of soap can erase the grossness of that experience! Ugh, just thinking about it makes my skin crawl.",disgust,0.9634217023849487
disgust,"Ugh, I can't believe I touched that; it was absolutely gross!",disgust,0.9831921458244324,Guide,concise and emotionally attuned,"It’s understandable to feel grossed out; maybe take a moment to wash your hands thoroughly and then shift the focus to something lighter, like a fun memory or plan for the day. You’ve got this!","Yeah, you're right, but still, I can't shake off the gross feeling! I'll wash my hands, but ugh, I can still picture it.",disgust,0.9738270044326782
disgust,"Ugh, I can't believe I just found a hair in my food. That's absolutely disgusting!",disgust,0.9869426488876343,Guide,concise and emotionally attuned,"I totally understand how upsetting that is; you deserve better! Consider politely telling the staff about the hair so they can address it, and maybe ask for a replacement or a refund.","Yeah, it’s just so revolting! I shouldn’t have to deal with that in the first place, but I guess I might just have to say something.",disgust,0.763835072517395
disgust,"Ugh, I can’t believe I just stepped in that—it's absolutely revolting!",disgust,0.72381991147995,Guide,concise and emotionally attuned,"I totally get how frustrating that must be! Take a deep breath, grab some disinfectant wipes or a towel, and clean it up right away—you'll feel better once it's handled!","Thanks, but it’s still just so gross! How do people let their pets make such a mess in public?",disgust,0.9806644916534424
disgust,"Ugh, I can't believe you ate that leftover pizza that was sitting out for days. That's just gross!",disgust,0.9760763645172119,Guide,concise and emotionally attuned,I understand how off-putting that must be for you! Maybe we can agree to toss out leftovers after a day or two next time to avoid any worries.,Absolutely! It’s just common sense; nobody wants to risk their health over something that smells questionable at best. Let's stick to fresh food from now on!,neutral,0.416008323431015
disgust,"Ugh, I can't believe I stepped in that! It’s absolutely revolting!",disgust,0.7888487577438354,Guide,concise and emotionally attuned,"I totally get how frustrating that is! Take a deep breath, grab some cleaning supplies, and tackle it right away so you can move on—it’ll feel better to have it sorted out!","Sure, it's just so gross to even think about it. Seriously, who thought sidewalks were the perfect place for that?",disgust,0.9779384136199951
disgust,"Ugh, I can't believe I just stepped in that. It's absolutely revolting!",disgust,0.7849694490432739,Guide,concise and emotionally attuned,"I can imagine how frustrating that must feel! Try to take a deep breath, clean your shoes with a damp cloth or paper towel, and then wash your hands thoroughly to feel better—even small steps can help lighten the mood.","Thanks for the suggestion, but honestly, it's just so gross! I can’t shake this feeling of disgust right now.",disgust,0.9868256449699402
disgust,"Ugh, I can't believe they actually served that at the party; it's just so unappetizing!",disgust,0.737549901008606,Guide,concise and emotionally attuned,That sounds really disappointing! Maybe you could focus on the other food options or suggest some new ideas for the next gathering that everyone might enjoy more.,"Sure, but it’s hard to focus on other food when the sight of that disaster is still lingering in my mind. Who thought serving that was a good idea?",neutral,0.30815377831459045
disgust,"Ugh, I can't believe I just touched that—it's so gross!",disgust,0.9794421792030334,Guide,concise and emotionally attuned,It's totally understandable to feel grossed out—try washing your hands thoroughly to feel more refreshed. You might also consider keeping some sanitizing wipes nearby for those unexpected moments!,"Yeah, I definitely need to keep those wipes handy—it's just baffling how disgusting some things can be! I still feel a bit queasy just thinking about it.",disgust,0.8607085943222046
disgust,"Ugh, I can’t believe I just stepped in that! It’s absolutely revolting.",disgust,0.8030059337615967,Guide,concise and emotionally attuned,"I totally understand how frustrating that is! Take a deep breath, and let’s grab some tissues and cleaning supplies to tackle it together—it’ll be over before you know it!","I guess tackling it together makes it slightly less disgusting, but I still can't shake off the grossness of it all! Ugh, why can't people just pick up after themselves?",disgust,0.9868910908699036
disgust,"Ugh, that smell is absolutely revolting; I can't believe anyone would eat that.",disgust,0.9279640913009644,Guide,concise and emotionally attuned,Totally get it; certain smells can be unbearable! Maybe try redirecting the conversation by suggesting a different dish or snack that you both love—that could lighten the mood and shift focus!,"I appreciate the suggestion, but honestly, I can't shake off that disgusting scent. It just lingers and makes my stomach churn!",disgust,0.9853370785713196
disgust,"Ugh, I can't believe I just touched that. It’s so gross!",disgust,0.9792895317077637,Normalize,concise and emotionally attuned,It's totally understandable to feel that way; many people cringe after touching something unpleasant. You're not alone in feeling grossed out—it's a common reaction!,"Yeah, but that still doesn't make it any less disgusting! I can't shake off the feeling—ugh!",disgust,0.9868974685668945
disgust,"Ugh, I can't believe someone would actually eat that! It looks absolutely vile.",disgust,0.9798523187637329,Normalize,concise and emotionally attuned,It’s really surprising how different tastes can be; many people feel the same way about foods they find unappealing. It’s completely valid to have those reactions!,"Valid or not, that food still looks revolting! How can anyone enjoy something that appears so disgusting?",disgust,0.9777863621711731
disgust,"Ugh, I can't believe I just stepped in that—it's absolutely repulsive!",disgust,0.9300149083137512,Normalize,concise and emotionally attuned,That sounds incredibly frustrating; many people have moments like that and can totally relate to feeling grossed out. It’s tough to shake off those undesirable surprises!,"Yeah, relatable or not, it’s still disgusting! I can't believe how careless some people can be—ugh!",disgust,0.9793829321861267
disgust,"Ugh, I can’t believe they left that mess for someone else to clean up. That's just gross!",disgust,0.9742416143417358,Normalize,concise and emotionally attuned,"It’s so frustrating when others don’t take responsibility for their mess—many of us feel that way, and it’s completely valid to be upset about it. You’re definitely not alone in feeling disgusted by that!",Exactly! It’s infuriating that some people can be so careless and inconsiderate. It's just plain disgusting to think they don’t care about the impact on others.,disgust,0.9758633375167847
disgust,"Ugh, I can't believe I just stepped in that—it's so gross!",disgust,0.9763106107711792,Normalize,concise and emotionally attuned,It's totally understandable to feel grossed out by that—so many people share that frustration when accidents happen. It’s moments like these that can feel really annoying!,"Yeah, it's just disgusting! I can't believe people can't clean up after their pets—it's such a simple thing to do!",disgust,0.9887374639511108
disgust,"Ugh, I can't believe I just stepped in that—it's absolutely repulsive!",disgust,0.9300149083137512,Normalize,concise and emotionally attuned,"It’s totally understandable to feel grossed out by that—it happens to so many of us, and it can really ruin a moment. You're not alone in feeling this way!","Yeah, but knowing I'm not the only one doesn't make it any less disgusting! It's just such a gross situation to be in!",disgust,0.9891611933708191
disgust,"Ugh, I can't believe they let that happen; it’s just so gross.",disgust,0.9724932312965393,Normalize,concise and emotionally attuned,It’s totally understandable to feel disgusted; many people would react the same way in situations like this. You’re not alone in feeling upset about it—it’s a really frustrating experience.,"Absolutely, it’s just infuriating that such things are allowed to occur. It’s like no one cares about the obvious, and it’s maddening!",disgust,0.6167190670967102
disgust,"Ugh, I can’t believe I just stepped in that—what is wrong with people?",disgust,0.4484230577945709,Normalize,concise and emotionally attuned,It’s incredibly frustrating to deal with situations like that; many people share your annoyance when they encounter thoughtlessness. You're definitely not alone in feeling this way.,"Right? It's just so infuriating how some people can be so careless. We all have to share the same space, for crying out loud!",anger,0.9306371808052063
disgust,"Ugh, I can’t believe they served that at the party—just the sight of it makes my stomach turn.",disgust,0.6139388680458069,Normalize,concise and emotionally attuned,"It’s totally understandable to feel that way; many people have strong reactions to certain foods, and it can really throw off your mood. It sounds like this was especially unsettling for you.","Absolutely, it was just so off-putting! It’s hard to enjoy anything when something so unappetizing is staring you in the face.",disgust,0.5085480809211731
disgust,"Ugh, that leftover food smells absolutely revolting. I can't believe I let it sit in there that long!",disgust,0.8697488903999329,Normalize,concise and emotionally attuned,It’s totally understandable to feel disgusted about that; many of us have been there with food we forgot about. It can be really frustrating to deal with those unpleasant surprises in the kitchen.,Right? It's just so gross to realize what I’ve neglected. I can't stand the idea of touching that moldy mess!,disgust,0.9792906641960144
disgust,"Ugh, I can't believe they actually serve that here—it's absolutely revolting!",disgust,0.8558356761932373,Normalize,concise and emotionally attuned,"It sounds really frustrating to encounter something so off-putting, and it's completely understandable to feel that way—many people share those strong reactions to unexpected experiences like this. You're not alone in your disgust!","Seriously, it’s just unacceptable! How can anyone think that’s okay to serve?",disgust,0.47315514087677
disgust,"Ugh, I can't believe I just saw that—it's absolutely revolting.",disgust,0.874679446220398,Normalize,concise and emotionally attuned,It’s completely understandable to feel that way—many people react strongly to things they find disturbing. You're not alone in feeling revolted; those emotions can be really intense when faced with such graphic moments.,Exactly! It's just so disgusting that people can create such awful things—it really makes my stomach turn.,disgust,0.9890612363815308
disgust,"Ugh, I can't believe I just stepped in that slimy puddle. It's so gross!",disgust,0.9767605066299438,Normalize,concise and emotionally attuned,I totally get how frustrating that is; stepping in something gross can really ruin your day. You're definitely not alone in feeling that way—it's such an unpleasant surprise!,"Exactly! It’s like, who thought a random puddle could turn my day into a total disaster? Gross.",disgust,0.8518385887145996
disgust,"Ugh, I can't believe I stepped in that—it's absolutely revolting!",disgust,0.7301466464996338,Normalize,concise and emotionally attuned,"It's such a frustrating experience, and many people can relate to that feeling of disgust and annoyance when something like that happens. You're not alone in feeling this way—it’s totally understandable!","I know, right? It's just so gross and infuriating—I really don’t get how people can't be more careful!",disgust,0.7077246308326721
disgust,"Ugh, I can’t believe I just stepped in that—it's absolutely revolting!",disgust,0.72381991147995,Normalize,concise and emotionally attuned,That sounds incredibly frustrating; many people have had those moments and know just how gross it can be. It's completely understandable to feel upset about it!,"Yeah, it really is disgusting! I just can't shake off the icky feeling—who thought leaving that out in public was a good idea?",disgust,0.9877488017082214
disgust,"Ugh, I can’t believe you made that for dinner; it looks absolutely awful.",disgust,0.9388852119445801,Normalize,concise and emotionally attuned,It’s really tough when our efforts are met with criticism; many people feel the same way when they put their heart into a meal. It’s okay to feel hurt by that comment—it can sting when things don’t go as we hoped.,"I get that, but just because someone tries doesn’t mean the result isn't disgusting. Honestly, I can’t help how it makes me feel!",disgust,0.9907021522521973
disgust,"Ugh, I can't believe I just touched that. It's so gross!",disgust,0.979229211807251,Normalize,concise and emotionally attuned,It’s totally understandable to feel grossed out by that—many people have had similar moments and it can really be unsettling. You’re not alone in feeling this way!,"I appreciate that, but seriously, it’s just so repulsive! How do people even ignore things like that?",disgust,0.9597872495651245
disgust,"Ugh, I can't believe anyone would eat that—it looks so disgusting!",disgust,0.9880380630493164,Normalize,concise and emotionally attuned,It’s totally understandable to feel that way; many people have strong reactions to certain foods. It can be really surprising what others might enjoy!,"I get that, but seriously, some things are just beyond comprehension. I can’t wrap my head around how anyone could enjoy that kind of food!",surprise,0.6344519257545471
disgust,"Ugh, I can’t believe I just saw that—it's absolutely revolting!",disgust,0.8050141930580139,Normalize,concise and emotionally attuned,It’s completely understandable to feel that way; many people would find something like that distressing. You're not alone in finding certain things unsettling—it can really impact how we feel.,"I appreciate that, but honestly, it's just infuriating how some things even exist in the first place. How can anyone be okay with that?",anger,0.706352710723877
disgust,"Ugh, I can’t believe I just stepped in that—how gross!",disgust,0.9711068272590637,Normalize,concise and emotionally attuned,That’s really frustrating! A lot of people feel that way when something unexpected like that happens—it’s totally understandable.,"Right? It's just such a messy surprise that ruins your whole day. Ugh, I can't stand it!",disgust,0.5568715333938599
disgust,"Ugh, I can't believe I just stepped on that. It’s absolutely gross!",disgust,0.978314220905304,baseline,concise and emotionally attuned,That sounds really frustrating! It’s never fun to deal with something like that.,"Seriously, it is! I just can't wrap my head around how disgusting some places can be. It's revolting!",disgust,0.9788067936897278
disgust,"Ugh, I can't believe someone would leave that mess behind. It's absolutely revolting!",disgust,0.87757807970047,baseline,concise and emotionally attuned,I totally get how frustrating that is! It's disappointing when people don't take responsibility for their mess.,"Exactly! It’s like, how hard is it to clean up after yourself? It’s just gross to think about.",disgust,0.9797841310501099
disgust,"Ugh, I can’t believe I just touched that—it's absolutely revolting!",disgust,0.7738367915153503,baseline,concise and emotionally attuned,I totally get it; that sounds really unpleasant! It’s frustrating to deal with something like that.,Absolutely disgusting! It’s mind-boggling how some things can be so gross and yet we still have to handle them.,disgust,0.9885427951812744
disgust,"Ugh, I can’t believe I just touched that! It’s absolutely repulsive.",disgust,0.9438679814338684,baseline,concise and emotionally attuned,I totally get how that feels—it can be really frustrating to deal with something so unpleasant. You’ve got this!,"Thanks for understanding, but seriously, how do people even handle that? It’s just beyond disgusting!",disgust,0.9863021373748779
disgust,"Ugh, that smell is absolutely repulsive!",disgust,0.970887303352356,baseline,concise and emotionally attuned,I completely understand; it’s really tough to deal with unpleasant smells. It can be so distracting!,"Right? It’s like it just lingers in the air, refusing to leave. So irritating!",disgust,0.5848230719566345
disgust,"Ugh, I can't believe I just saw that! That's absolutely revolting.",disgust,0.8964502811431885,baseline,concise and emotionally attuned,I totally get how you feel. That sounds really upsetting and frustrating. I'm here for you.,"Thank you, but honestly, I’m still just so disgusted by what I witnessed. It’s hard to shake off something that vile!",disgust,0.9890033602714539
disgust,"Ugh, I can't believe I just stepped in that; it’s absolutely gross!",disgust,0.9784674644470215,baseline,concise and emotionally attuned,That sounds really frustrating! It’s never fun to deal with something like that. Are you okay?,"Yeah, I’m fine, but it’s just so disgusting! I can't shake the feeling of it being all over my shoe.",disgust,0.9863269329071045
disgust,"Ugh, I can’t believe I found that in the fridge; it’s revolting!",disgust,0.9259790182113647,baseline,concise and emotionally attuned,That sounds really frustrating! It's never pleasant to find something unexpected like that. How are you feeling about it?,"Honestly, I'm still feeling grossed out. It’s just so unsettling to think about what else might be lurking in there.",disgust,0.9695555567741394
disgust,"Ugh, I can't believe I just touched that; it’s completely gross!",disgust,0.9798159599304199,baseline,concise and emotionally attuned,I totally get that; it’s really unsettling to deal with things like that. You’ve got this!,Thanks for understanding; it's just revolting to think about how these things can be everywhere. I really hope I don’t have to handle anything like that again!,disgust,0.44050824642181396
disgust,"Ugh, I can't believe I just stepped in that. That’s absolutely disgusting!",disgust,0.9861907958984375,baseline,concise and emotionally attuned,That sounds really frustrating! It's the worst when things like that happen unexpectedly. I hope you can clean it up easily!,"Thanks, but it’s just infuriating! How can people be so careless?",anger,0.8854466080665588
disgust,"Ugh, I can’t believe I just stepped in that. It’s absolutely revolting!",disgust,0.7995572686195374,baseline,concise and emotionally attuned,That sounds really frustrating! I can only imagine how annoying that must be.,"Yeah, it really is! I can't believe people are so careless—it just ruins everything.",anger,0.43990853428840637
disgust,"Ugh, I can’t believe someone would leave that mess there. It’s absolutely repulsive!",disgust,0.9617848992347717,baseline,concise and emotionally attuned,I totally get your frustration! It's really disheartening to see that kind of mess.,Exactly! It’s just so disrespectful to the space and to everyone else. I can’t stand it!,anger,0.5267371535301208
disgust,"Ugh, I can't believe I just stepped in that! It's absolutely disgusting.",disgust,0.9876140356063843,baseline,concise and emotionally attuned,That sounds really frustrating! I can imagine how unpleasant that must be.,You have no idea! It’s just beyond gross—why can’t people clean up after their pets?,disgust,0.9701551795005798
disgust,"Ugh, I can’t believe I just stepped in that—it’s absolutely gross!",disgust,0.972517728805542,baseline,concise and emotionally attuned,"Oh no, that sounds really frustrating! It’s definitely upsetting to deal with something like that.","Right? It’s just disgusting to have to clean that up, like why can’t people be more considerate?",disgust,0.9893342852592468
disgust,"Ugh, I can’t believe someone actually thought that was an acceptable meal.",disgust,0.8012557029724121,baseline,concise and emotionally attuned,"That sounds frustrating! It’s disappointing when expectations aren’t met, especially with something as important as a meal.",Exactly! It’s just disgusting to think that anyone would serve something so unappetizing and call it food. What were they even thinking?,disgust,0.988118588924408
disgust,"Ugh, I can't believe I just stepped in that mess—how could anyone think that's acceptable?",disgust,0.5778704881668091,baseline,concise and emotionally attuned,That sounds really frustrating! It’s hard to believe some people can be so careless. I'm here for you if you want to vent more about it.,"Thanks, I really appreciate that! It's just mind-blowing how some people can be so inconsiderate—it's gross.",disgust,0.9631126523017883
disgust,"Ugh, I can't believe I just saw that—it's absolutely repulsive!",disgust,0.9439470171928406,baseline,concise and emotionally attuned,I hear you; that sounds really upsetting. It's tough to see things like that. I'm here if you want to talk more about it.,Thanks for understanding. It's just infuriating to see such disgusting behavior; it’s hard to shake off!,disgust,0.9493510127067566
disgust,"Ugh, that smell is absolutely revolting! I can't believe anyone would even eat that.",disgust,0.9303991198539734,baseline,concise and emotionally attuned,I totally get that! Some smells can really be off-putting. It’s surprising what some people enjoy!,Right? It's just mind-boggling how people can enjoy something that smells that bad. It's like they have no sense of smell at all!,disgust,0.9602298140525818
disgust,"Ugh, I can't believe they left that food out all night; it's absolutely disgusting.",disgust,0.9867444634437561,baseline,concise and emotionally attuned,I totally get that; it’s really frustrating when people are inconsiderate like that.,Right? It’s just so gross and shows such a lack of basic respect. Who would even want to eat that now?,disgust,0.972854495048523
disgust,"Ugh, I can’t believe I just stepped in that. It’s absolutely revolting!",disgust,0.7995572686195374,baseline,concise and emotionally attuned,That sounds really frustrating! It’s tough to deal with those unexpected messes. I’m here for you.,"Thanks, but honestly, I just can't get over how gross it is! Seriously, who leaves stuff like that lying around?",disgust,0.97206711769104
fear,I can't shake this feeling that something bad is about to happen. My heart is racing.,fear,0.90517657995224,Validate,concise and emotionally attuned,"It sounds really unsettling to feel like something bad is looming, and that racing heart must be so overwhelming. You're not alone in feeling this way; it’s completely understandable.","I appreciate that it’s normal to feel this way, but it doesn't make it any easier. I just can't help but feel like I'm waiting for the other shoe to drop.",sadness,0.4324224591255188
fear,"I can't shake this feeling that something terrible is about to happen. My heart is racing, and I just want to run and hide.",fear,0.9804877638816833,Validate,concise and emotionally attuned,"It sounds like you're feeling really anxious and overwhelmed right now, almost like you're sensing a storm brewing. That racing heart and urge to escape must be very unsettling for you.","Yes, it's like I'm standing on the edge, waiting for that storm to hit. The tension in my chest grows with every passing moment, and I just can't seem to calm down.",fear,0.6823583841323853
fear,"I can't shake the feeling that someone is watching me, and it's creeping me out.",fear,0.9783735275268555,Validate,concise and emotionally attuned,It sounds really unsettling to feel like someone is watching you; that kind of anxiety can be hard to handle. It’s completely normal to feel creeped out in that situation.,"I appreciate you understanding how unsettling this is. It's like there's this constant tension in the air, you know?",fear,0.7460107803344727
fear,"I can't shake the feeling that something bad is about to happen. My heart is racing, and I just want to hide.",fear,0.879027247428894,Validate,concise and emotionally attuned,"It sounds like you’re really overwhelmed and scared right now, feeling like you want to retreat from everything. It’s okay to feel that way; it’s a tough place to be.","Yes, it really is tough. I keep looking over my shoulder, feeling like danger is lurking just out of sight, and I don't know how to calm down.",fear,0.9796785116195679
fear,"I can’t shake this feeling, like something's lurking just around the corner. It’s making my heart race.",fear,0.970058262348175,Validate,concise and emotionally attuned,It sounds really unsettling to feel like something is lurking and causing your heart to race. That kind of anxiety can be really hard to manage.,"Exactly, it’s like this shadow just follows me, and no matter how hard I try to ignore it, the dread lingers. I can’t help but feel like something is just waiting to pounce.",fear,0.9469732046127319
fear,"I can’t shake this feeling that something terrible is about to happen. My heart’s racing, and I just want to escape.",fear,0.9741867184638977,Validate,concise and emotionally attuned,It sounds really overwhelming to feel like something terrible is looming and to have that racing heart. It's completely understandable to want to escape from such intense emotions.,"Yes, it really is overwhelming. I just feel trapped in this anxiety, and it’s hard to focus on anything else.",fear,0.8842049241065979
fear,I can’t shake this feeling in my stomach; it’s like something terrible is lurking just around the corner.,fear,0.9587318897247314,Validate,concise and emotionally attuned,"It sounds really unsettling to feel that way, like there’s a shadow just waiting to pounce. It’s perfectly okay to feel that anxiety; it can be so heavy to carry.","Yes, it feels like I'm constantly on edge, just waiting for whatever it is to finally reveal itself. It's exhausting, and I don't know how much longer I can keep this weight on my shoulders.",fear,0.7770727872848511
fear,I can’t shake this feeling in my stomach; it’s like something terrible is about to happen.,fear,0.9636778831481934,Validate,concise and emotionally attuned,"It sounds really unsettling to have that feeling in your stomach, almost like a weight pressing down. It's completely understandable to feel anxious when it seems like something bad might happen.","Yes, it’s like a dark cloud hanging over me, and I can’t help but wonder what’s coming. I just wish I could push it away and feel at ease again.",neutral,0.5624539256095886
fear,"I can’t shake this feeling that something bad is about to happen. It’s like my heart is racing, and I just need to get out of here.",fear,0.8064223527908325,Validate,concise and emotionally attuned,"It sounds like you’re really overwhelmed right now, and that racing heart can be so unsettling. It’s completely understandable to want to escape when you feel that way.","Yes, it’s like my instincts are screaming at me to run, and I can’t ignore that sense of dread. What if I really am in danger?",fear,0.9820066094398499
fear,I can't shake this feeling like someone is watching me from the shadows. It's like the air is thick with dread.,fear,0.9758182764053345,Validate,concise and emotionally attuned,It sounds really unsettling to feel that presence and heaviness in the air. It’s completely understandable to feel on edge in that situation.,"Yes, it is so unnerving; every little sound makes my heart race. I just can't help but feel like something is lurking, waiting for the right moment.",fear,0.9694532155990601
fear,"I can’t shake this feeling that someone’s right behind me, and it’s making my heart race.",fear,0.9492339491844177,Validate,concise and emotionally attuned,"It sounds really unsettling to feel like someone's behind you, and that racing heart must be so intense. It's completely understandable to be on edge in that situation.","It really is! I can’t help but keep glancing over my shoulder, and it’s like the anxiety just won’t let up.",fear,0.5233868360519409
fear,I can’t shake this feeling that something terrible is about to happen.,fear,0.9719765782356262,Validate,concise and emotionally attuned,"It sounds really unsettling to be feeling that way, and it’s completely understandable to have those fears weighing on you.",Thank you for understanding. It’s just hard to ignore this nagging sense of dread that seems to grow stronger each day.,fear,0.9425311088562012
fear,"I can't shake this feeling like something terrible is about to happen. My heart is racing, and I just want to run.",fear,0.9760736227035522,Validate,concise and emotionally attuned,"It sounds really overwhelming to feel this way, and I can sense how anxious and restless you are right now. It’s completely understandable to want to escape when everything feels so intense.","Yes, it is overwhelming. I feel like I'm on edge, just waiting for something to go wrong, and it’s hard to shake off that dread.",fear,0.9739636778831482
fear,I can't shake this feeling that something bad is about to happen.,fear,0.9008327126502991,Validate,concise and emotionally attuned,"It sounds really unsettling to feel that way, like a weight pressing down on you. It's completely understandable to be worried when you sense something isn't quite right.","Yes, it really does feel like a shadow looming over me, and no matter what I do, I can’t escape it. I just hope it’s all in my head and nothing actually goes wrong.",fear,0.7472022771835327
fear,"I can’t shake this feeling that something terrible is about to happen. My heart is racing, and I just want to hide.",fear,0.9749828577041626,Validate,concise and emotionally attuned,"It sounds like you're really overwhelmed right now, and it's completely understandable to feel that way. Your heart racing and the desire to hide show just how intense these feelings are for you.","Yes, it’s just so hard to focus when everything feels so heavy. I keep thinking about what could go wrong, and it’s suffocating.",sadness,0.37501394748687744
fear,"I can’t shake the feeling that someone is watching me, and it sends chills down my spine.",fear,0.9617048501968384,Validate,concise and emotionally attuned,"It sounds really unsettling to feel like someone is watching you, and I can understand how that would make you feel anxious and on edge. Those chills you're experiencing are completely valid given how distressing that feeling can be.","Thank you for understanding; it's like this weight on my chest that just won't lift. I keep glancing over my shoulder, and the fear is just always there, lurking in the background.",fear,0.972266674041748
fear,"I can't shake this feeling that something terrible is about to happen. My heart is racing, and I just want to hide.",fear,0.9736063480377197,Validate,concise and emotionally attuned,"It sounds really overwhelming to feel like something terrible is looming, and that racing heart must be so unsettling. Wanting to hide makes total sense when you're experiencing those intense feelings.",It really is overwhelming—I can’t help but feel like I’m on edge all the time. It feels like there’s no safe place to turn to right now.,fear,0.908220112323761
fear,"My heart is racing, and I can't shake the feeling that someone is watching me.",fear,0.9878586530685425,Validate,concise and emotionally attuned,"It sounds really overwhelming to feel like someone is watching you, and I can imagine how intense that racing heart must be for you right now. Your feelings are completely valid.","Thank you for understanding. I just can’t shake this feeling; it’s like someone’s always right behind me, and it’s terrifying.",fear,0.9800392985343933
fear,"I can’t shake the feeling that someone’s watching me, and it sends chills down my spine.",fear,0.9509425759315491,Validate,concise and emotionally attuned,It sounds really unsettling to feel like someone’s watching you; that kind of anxiety can be so overwhelming. It’s completely understandable to have chills with those thoughts lingering.,"I know, right? Every little noise makes my heart race, and it feels like I'm always on edge, waiting for something to happen.",fear,0.8991952538490295
fear,"I can’t shake this feeling that something terrible is about to happen. My heart is racing, and I feel like I can’t breathe.",fear,0.9732464551925659,Validate,concise and emotionally attuned,"It sounds like you're really overwhelmed right now, feeling that deep sense of unease and worry. Your heart racing and the struggle to breathe must be so distressing.","Yes, it truly feels suffocating, like a weight pressing down on my chest. I can’t help but think that whatever is coming, I won't be able to handle it.",fear,0.4378664493560791
fear,"I can’t shake the feeling that something terrible is about to happen. My heart is racing, and I just want to hide.",fear,0.9723985195159912,Explore,concise and emotionally attuned,It sounds really overwhelming to feel that way. Can you share what specific thoughts or images are racing through your mind right now?,"I keep picturing shadows lurking just outside my door and I can't help but feel like they're waiting for the perfect moment to come in. It's paralyzing, like I'm trapped in my own mind.",fear,0.9122945666313171
fear,I can’t shake this feeling that something's watching me in the dark; it's like every shadow is alive.,fear,0.9700674414634705,Explore,concise and emotionally attuned,"That sounds really unsettling; can you share more about what you feel when you're in the dark? What do the shadows look like to you, and how does it affect your sense of safety?","I feel a chill crawl down my spine, like the air thickens with dread. The shadows seem to twist and stretch, almost reaching out, leaving me paralyzed with fear instead of being able to find safety.",fear,0.9851014614105225
fear,I can't shake the feeling that something is lurking just around the corner. My heart is racing.,fear,0.9886665344238281,Explore,concise and emotionally attuned,It sounds really unsettling to feel that way—what do you think is behind those feelings? Can you share more about what thoughts or images come to mind when you feel like something is lurking?,"I keep imagining shadows moving just out of sight, and it's like a cold hand grips my chest. I can't help but wonder if it's my own mind playing tricks or if there's really something out there waiting.",anger,0.4204041063785553
fear,I can’t shake the feeling that something’s watching me from the shadows. It's like my heart is racing for no reason at all.,fear,0.9839848875999451,Explore,concise and emotionally attuned,"That sounds really unsettling. Can you share more about when you first started feeling this way, or what thoughts go through your mind in those moments?","It started a few weeks ago, maybe after I watched that creepy documentary. Every little sound feels like it's amplified, and I can't help but look over my shoulder, fearing there's something lurking just out of sight.",fear,0.9240443110466003
fear,"I can’t shake this feeling that something terrible is about to happen. My heart is racing, and I just want to hide.",fear,0.9749828577041626,Explore,concise and emotionally attuned,It sounds like you’re feeling really overwhelmed right now. Can you share more about what’s bringing on these intense feelings for you?,"I can't pinpoint exactly what it is, but it's like this dark cloud is hanging over me. I just feel so trapped and scared, like danger is lurking around every corner.",fear,0.9825368523597717
fear,I can feel my heart racing and my hands trembling; something just doesn’t feel right.,fear,0.9919107556343079,Explore,concise and emotionally attuned,It sounds like you’re experiencing a lot of anxiety right now. Can you share what thoughts or situations might be contributing to these feelings?,"I can't shake this overwhelming sense that something bad is about to happen, like we're on the brink of something we can't control. It's suffocating, and I'm terrified of what it might mean.",fear,0.9866904020309448
fear,"My heart is racing, and I can’t shake this feeling like something terrible is about to happen.",fear,0.9555434584617615,Explore,concise and emotionally attuned,It sounds really overwhelming to feel that way right now. Can you share more about what's on your mind or what might be fueling this anxiety?,"I can’t pinpoint it exactly, but it feels like the weight of everything is closing in on me. I just have this constant dread that something awful is lurking around the corner.",fear,0.9753915071487427
fear,"I can’t shake the feeling that something's lurking in the shadows, and it makes my heart race.",fear,0.9885851740837097,Explore,concise and emotionally attuned,It sounds really unsettling to feel that way. What do you think might be contributing to that feeling for you right now?,"I don't know, maybe it's the silence around me or the way the shadows seem to shift. It just feels like I'm not alone, and that thought terrifies me.",fear,0.7814423441886902
fear,I can’t shake this feeling in my stomach; it’s like something terrible is about to happen.,fear,0.9636778831481934,Explore,concise and emotionally attuned,That sounds really unsettling; can you share more about what you think might be causing that feeling? When do you notice it the most?,"It hits me hardest at night when everything is quiet, like the calm before a storm. I can't help but worry that it’s not just in my head—what if I'm sensing something real?",fear,0.9772573709487915
fear,I can’t shake this feeling that something terrible is about to happen. It’s like a knot in my stomach that just won’t go away.,fear,0.9658305048942566,Explore,concise and emotionally attuned,"That sounds really overwhelming. What do you think might be contributing to those feelings, or have you experienced something similar in the past?","I don’t know, it just feels like a dark cloud hanging over me. I can’t pinpoint it—it’s just this nagging sensation from deep inside.",fear,0.6663994789123535
fear,I can’t shake this feeling that something’s watching me; it’s like every shadow holds a secret.,fear,0.9297279715538025,Explore,concise and emotionally attuned,That sounds really uncomfortable; I can imagine how unsettling it must feel. Can you tell me more about the moments when you feel this way?,"It's the quiet moments, late at night, when I swear I hear whispers in the dark, and the tension in the air becomes almost unbearable. It’s as if the shadows are just waiting for the right moment to reveal themselves.",fear,0.35581398010253906
fear,I can’t shake this feeling that something terrible is about to happen. It’s like a weight pressing down on my chest.,fear,0.9717054963111877,Explore,concise and emotionally attuned,"It sounds like that feeling is really heavy for you both. What do you think might be causing that sense of dread, and how does it affect your day-to-day life?","It's like a dark cloud hovering over everything I do, making even the simplest tasks feel overwhelming. I can't focus, and I keep expecting the worst at any moment.",fear,0.6569108366966248
fear,I can't shake this feeling that something's about to go horribly wrong. Every sound makes my heart race.,fear,0.9862651228904724,Explore,concise and emotionally attuned,It sounds really overwhelming to feel that way; can you share more about what's been on your mind lately that might be contributing to those feelings? What specific sounds are triggering that racing heart for you?,"I keep replaying recent news in my head, and those sudden creaks in the house—like someone or something is lurking—only make it worse. I can’t help but feel like I’m on the edge, waiting for something to shatter the fragile calm.",fear,0.925866425037384
fear,"I felt my heart racing as I heard the footsteps behind me, the chill running down my spine making it hard to breathe.",fear,0.9381439089775085,Explore,concise and emotionally attuned,That sounds really intense; can you share more about what you were feeling in that moment? What do you think triggered such a strong reaction?,"I remember feeling a mix of panic and dread, like I was trapped in a nightmare. It was the uncertainty of who or what was behind me that sent my mind spiraling into fear.",fear,0.992298424243927
fear,"I can’t shake the feeling that someone is watching me, and it makes my skin crawl.",fear,0.7990058064460754,Explore,concise and emotionally attuned,That sounds really unsettling; can you tell me more about when you first started feeling this way? What do you think might be contributing to those feelings?,"I first noticed it late at night while I was working; the shadows and sounds made me jumpy. I can't explain why, but it feels like there’s this constant pressure, like I’m never truly alone.",fear,0.9516720175743103
fear,"I can't shake the feeling that something's watching me from the shadows. My heart is racing, and I just want to get out of here.",fear,0.9843348860740662,Explore,concise and emotionally attuned,It sounds really overwhelming to feel that way—what do you think is making you feel watched right now? Can you describe what’s happening around you that might be contributing to those feelings?,"I can't pinpoint it, but it's like the air is heavier, and every creak makes my skin crawl. I feel like I’m just moments away from seeing something—I need to escape this feeling.",fear,0.5404362678527832
fear,"I can’t shake this feeling that something terrible is about to happen. My heart is racing, and I just want to hide.",fear,0.9749828577041626,Explore,concise and emotionally attuned,It sounds really overwhelming to feel that way. What specific thoughts or images are running through your mind right now?,"I keep imagining worst-case scenarios, visions of chaos that I can't escape. I know it's irrational, but it feels so real and consuming.",disgust,0.5406269431114197
fear,"I heard a noise in the dark, and my heart raced as I felt a chill run down my spine.",fear,0.980616569519043,Explore,concise and emotionally attuned,"That sounds really unsettling. What do you think it was that made you feel that way, and how did you manage those feelings in that moment?","I honestly don’t know what it was, but it felt like something was lurking just beyond my sight. I just stood there, paralyzed by fear, hoping it wouldn’t come any closer.",fear,0.9766905903816223
fear,"I can’t shake the feeling that something’s wrong; my heart is racing, and I just want to run.",fear,0.957751452922821,Explore,concise and emotionally attuned,It sounds really overwhelming to feel that way. Can you share more about what’s been happening lately that might be causing these feelings?,"I’ve been feeling like I’m constantly being watched, like danger lurks just out of sight. It’s suffocating, and I don’t know how to make it stop.",fear,0.9216628074645996
fear,"I felt my heart race as I heard the footsteps behind me, every instinct screaming to run.",fear,0.9821140170097351,Explore,concise and emotionally attuned,That sounds really intense—what were you feeling in that moment beyond just the racing heart? Can you share more about what was going through your mind as you heard those footsteps?,"Panic surged through me, thoughts racing—what if it was someone dangerous? I could almost hear my breath quickening, wondering if I should turn around or just keep moving forward.",fear,0.9626854658126831
fear,"I can’t shake this feeling that something terrible is about to happen. My heart is racing, and I just want to hide.",fear,0.9749828577041626,Reframe,concise and emotionally attuned,"It sounds like your body is responding to a deep sense of anxiety, but perhaps this feeling can also be a signal that you're ready to confront something important within yourself. What if this moment is not just about fear, but an opportunity to find strength in vulnerability?","But what if that fear is the reality? Confronting it sounds brave, but what if there’s nothing to hold onto when I face it?",fear,0.954758882522583
fear,"I can’t shake this feeling that something terrible is about to happen. My heart is racing, and I can’t seem to catch my breath.",fear,0.9794537425041199,Reframe,concise and emotionally attuned,"It sounds like you're feeling a lot of anxiety right now, which can be really overwhelming. Sometimes, those racing thoughts can highlight our deepest concerns, but they can also remind us of how much we care and want to protect ourselves and others.","I appreciate you saying that, but it doesn’t make the fear go away. It feels like a storm is brewing, and I'm just waiting for it to hit.",fear,0.8950235247612
fear,"I can't shake this feeling that something terrible is about to happen. My heart is racing, and it feels like the walls are closing in.",fear,0.9759515523910522,Reframe,concise and emotionally attuned,"It sounds really overwhelming to feel that way, but it could also be your body’s way of signaling that it needs attention and care right now. Maybe this sensation could lead you to explore what you truly need in this moment to find comfort and safety.","I get what you're saying, but it feels like there's this ominous weight pressing down on me. I just can't help but worry about what’s lurking around the corner.",fear,0.9662083983421326
fear,I can feel my heart racing; I’m terrified of what’s lurking in the shadows.,fear,0.9930412769317627,Reframe,concise and emotionally attuned,"It’s completely understandable to feel that way; those racing feelings can mean you’re alert and ready to protect yourself. Instead of seeing the shadows as frightening, maybe they can be viewed as prompts to seek the light and safety around you.","But what if the shadows hold something we can’t see, something that’s just waiting to strike? It’s hard to shift my focus when fear grips me so tightly.",fear,0.9628254175186157
fear,I can’t shake this feeling in my gut; something feels really off and I don’t know what it is.,fear,0.6286154985427856,Reframe,concise and emotionally attuned,"It sounds like you're tuning into something important within yourself, and that can be unsettling. Perhaps this feeling is your intuition nudging you to explore deeper feelings or truths that deserve your attention, leading to greater clarity.","I appreciate your perspective, but it still feels heavy. What if I dig deeper and find something I’m not ready to confront?",disgust,0.37337061762809753
fear,"I can't shake the feeling that someone is watching me, and every sound makes my heart race.",fear,0.9883473515510559,Reframe,concise and emotionally attuned,"It sounds like you're feeling really exposed and vulnerable right now, which is completely understandable; perhaps this heightened awareness is your mind's way of signaling that you need to take extra care of yourself in this moment.","It's hard to explain, but it's like I can sense something lurking just beyond my awareness. I wish I could just push this feeling away, but it grips me tighter every time I let my guard down.",fear,0.936937153339386
fear,"I can't shake this feeling that something terrible is about to happen. My heart is racing, and I just want to run away.",fear,0.9744871854782104,Reframe,concise and emotionally attuned,"It sounds like your body is really feeling the weight of this fear, which is completely understandable. Perhaps this heightened awareness can also be a signal for you to pause and take a moment to ground yourself, reminding you that it’s okay to seek safety within.","I wish I could find that sense of safety, but the dread just lingers. It feels like a storm brewing, and I’m unsure how to calm the chaos inside me.",fear,0.9790939688682556
fear,I can't shake this feeling that something terrible is lurking just around the corner.,fear,0.9818265438079834,Reframe,concise and emotionally attuned,"It sounds like that feeling is really unsettling, but maybe it’s an opportunity to pause and reflect on what you truly need right now, as your intuition might be guiding you toward something important. It’s okay to sit with those feelings; they can lead you to a deeper understanding of yourself.","I appreciate your perspective, but it’s hard to see it as anything but a warning. What if that intuition is just highlighting the very real dangers that seem so close?",fear,0.6328332424163818
fear,I can’t shake this feeling that something terrible is about to happen. What if it’s too late to escape?,fear,0.9792842864990234,Reframe,concise and emotionally attuned,"It's understandable to feel anxious, especially when faced with uncertainty. Perhaps instead of seeing it as a warning, you could view this feeling as a signal to seek clarity or prepare for change, which can be a powerful step toward feeling empowered.","I appreciate that perspective, but it's hard to shift my focus when all I feel is this impending dread. What if preparing isn’t enough?",fear,0.983130931854248
fear,"I can’t shake this feeling that something terrible is lurking just around the corner. My heart is racing, and I feel completely helpless.",fear,0.9694105386734009,Reframe,concise and emotionally attuned,"It sounds incredibly overwhelming to feel that way, but perhaps this heightened awareness could also be your mind's way of preparing you for unexpected challenges, showing your strength and resilience in facing whatever comes next. You're not alone in this feeling, and it’s okay to acknowledge it while also recognizing your ability to adapt.","I appreciate your perspective, but it’s hard to see it that way when every shadow feels like a threat. I just wish the weight of this fear would lighten, even for a moment.",fear,0.9431377053260803
fear,"I can’t shake this feeling that something bad is about to happen, and it makes my heart race.",fear,0.8704866170883179,Reframe,concise and emotionally attuned,"It sounds really overwhelming to feel that way; perhaps it's your heart's way of alerting you to something important. This heightened awareness could also be a signal for you to take a moment for yourself, to check in with what you're truly feeling.","I appreciate that perspective, but it’s hard to calm down when this dread keeps creeping in. Every moment feels like the calm before a storm, and it’s exhausting.",fear,0.8937903046607971
fear,I can't shake the feeling that someone is watching me. Every little sound sends chills down my spine.,fear,0.9836181998252869,Reframe,concise and emotionally attuned,"It sounds really unsettling to feel that way; perhaps these heightened senses might be your mind's way of alerting you to something needing attention, rather than an actual threat. It's okay to feel this way, and you're not alone in these experiences.","I appreciate your understanding, but it doesn't lessen the dread that clings to me. Every shadow feels like it holds a secret, and I can't help but wonder if I'm right to be afraid.",fear,0.9775844216346741
fear,I can’t shake this feeling that something terrible is about to happen.,fear,0.9719765782356262,Reframe,concise and emotionally attuned,"It’s understandable to feel that way, especially when uncertainty looms; perhaps this feeling is your mind’s way of urging you to stay alert, reminding you that you have the strength to navigate whatever comes your way.","I appreciate your perspective, but it feels like a weight that I just can't lift. It's like being on the edge, waiting for the other shoe to drop, and I don't know how to prepare for that.",neutral,0.7195051908493042
fear,"My heart is racing, and I can’t shake the feeling that something is watching me.",fear,0.9804696440696716,Reframe,concise and emotionally attuned,"It sounds like your body is really alert, almost as if it’s trying to protect you from something unseen. Maybe it's your mind's way of bringing attention to something important, even if it feels unsettling right now.","I can't help but feel that whatever it is, it's too close for comfort. It’s like a shadow lurking just out of sight, amplifying my fear.",fear,0.9589492678642273
fear,"I can’t shake this feeling that something terrible is about to happen. My heart is racing, and I just want to run.",fear,0.9783722758293152,Reframe,concise and emotionally attuned,"It sounds like you’re feeling a lot of anxiety right now, and that’s completely understandable. Perhaps this heightened awareness can be seen as your body’s way of urging you to pay attention to what truly matters in your life, even if it feels overwhelming.","I appreciate your perspective, but it doesn't make the fear any less real. I still feel like I need to escape from whatever is lurking in the shadows.",fear,0.9251909255981445
fear,"My heart is racing, and I can't shake this feeling that something is watching me from the shadows.",fear,0.9908696413040161,Reframe,concise and emotionally attuned,"It's completely understandable to feel that way; sometimes our minds can heighten our awareness in those quiet moments. What if you viewed this sensation as your body being alert, ready to protect you?","I get that, but right now, it doesn't feel comforting at all—it's more like a primal instinct screaming at me that something isn’t right. I just wish I could shake off this tension.",fear,0.48099589347839355
fear,I can’t shake this feeling like someone is watching me right now.,fear,0.970088005065918,Reframe,concise and emotionally attuned,"It’s understandable to feel that way; sometimes our mind picks up on things around us that can heighten our senses. Maybe it’s a sign that you’re tuned into your surroundings, reminding you to trust your instincts and be aware of your space.","I get that, but it still feels eerie—like there's something lurking just beyond my sight. It's unsettling to think my instincts are on high alert for a reason.",fear,0.8924908638000488
fear,"I can’t shake this feeling that something bad is going to happen, and it makes my heart race every time I hear a noise.",fear,0.9464731812477112,Reframe,concise and emotionally attuned,"It sounds really unsettling to feel that way; maybe this heightened awareness is your mind's way of keeping you alert and safe. What if you considered it an opportunity to explore and process those feelings, allowing yourself to acknowledge them rather than avoid them?","I appreciate your perspective, but it’s hard to see this heightened awareness as a positive thing when it feels so consuming. Every little sound just pushes that anxious feeling deeper, leaving me more on edge.",fear,0.8952069878578186
fear,"I can feel my heart racing, and every little sound makes me jump. What if something's really out there?",fear,0.5891815423965454,Reframe,concise and emotionally attuned,"It sounds really overwhelming to feel that way, but maybe those racing feelings are your body's way of keeping you alert and aware, showing how deeply you care about your safety. It's okay to acknowledge that fear while also leaning into the strength of your awareness.","I get what you're saying, but it’s hard to see it that way right now. That fear feels more like a heavy weight, making it hard to breathe. What if that awareness just makes things worse?",fear,0.6888367533683777
fear,"My heart raced as I heard the footsteps approaching in the dark, and I couldn’t shake the feeling that I was being watched.",fear,0.9901756644248962,Reframe,concise and emotionally attuned,"It sounds incredibly unsettling to feel that fear, but it also shows how attuned you are to your surroundings; your awareness may help keep you safe in uncertain moments. It's okay to feel that way; it’s a natural reaction to your environment.","I appreciate that perspective, but the feeling of being watched doesn’t just fade away; it clings to me like a shadow in the dark, amplifying every rustle and whisper around me. It’s hard to shake off the dread that someone—or something—might be lurking just out of sight.",fear,0.9750241041183472
fear,"I can’t shake this feeling that something isn’t right, like a chill creeping down my spine.",fear,0.9752587080001831,Affirm,concise and emotionally attuned,"It's completely understandable to feel that way, and it shows your strong intuition and awareness of your surroundings. Trusting those feelings is a strength that can guide you through uncertainty.","I appreciate that, but this unease lingers, like there's a shadow I can’t quite identify. It’s unsettling, and I can’t help but feel there’s more beneath the surface.",fear,0.8715239763259888
fear,"I can't shake this feeling that something terrible is about to happen. My heart is racing, and I can't breathe.",fear,0.9806988835334778,Affirm,concise and emotionally attuned,"It's completely understandable to feel overwhelmed, and recognizing those feelings shows how in tune you are with yourself. Your ability to express this is a strength; it takes courage to confront such intense emotions.","I appreciate that, but it doesn’t make the fear any less real. I still can't help but feel like something is looming just around the corner.",fear,0.9807058572769165
fear,I can’t shake this feeling that something terrible is about to happen. Every little noise makes me jump.,fear,0.9880321025848389,Affirm,concise and emotionally attuned,"It takes a lot of courage to share those feelings, and your awareness of them shows how deeply you care about your well-being. You’re handling this uncertainty with strength, and that’s truly commendable.","Thank you for saying that, but the fear is still looming. It feels like a heavy cloud that's just waiting to burst, and I can't seem to find a way to push it away.",fear,0.884813666343689
fear,"I can’t shake this feeling that something bad is about to happen. It’s like a weight sitting in my chest, and I just want to run away.",fear,0.8941601514816284,Affirm,concise and emotionally attuned,"It’s completely understandable to feel that way, and acknowledging those feelings shows your strength and self-awareness. Your willingness to express this shows courage, and I’m here for you as you navigate through it.","Thank you for understanding; it’s just so heavy and unsettling. I wish I could push it aside, but it lingers, making it hard to breathe.",fear,0.8725931644439697
fear,"I heard a noise coming from the dark corner of the room, and my heart raced as I realized I wasn't alone.",fear,0.9316388964653015,Affirm,concise and emotionally attuned,"It takes a lot of courage to face moments like that, and your awareness of your surroundings shows just how alert and attentive you are. You handled a scary situation with strength; that's truly commendable.","Thank you, but honestly, I still feel that chill creeping up my spine just thinking about it. The fear of the unknown in that moment was overwhelming, and I just hope it doesn't happen again.",fear,0.9245648980140686
fear,"I couldn't shake the feeling that someone was watching me, and it sent chills down my spine.",fear,0.9625303745269775,Affirm,concise and emotionally attuned,It's completely understandable to feel that way; your awareness of your surroundings shows you have a strong instinct. Trusting those feelings is a sign of your intuition at work—you're in tune with your environment!,"I appreciate that, but it doesn't ease the dread at the back of my mind. It’s unsettling to feel so vulnerable, like I’m being hunted in the shadows.",fear,0.9851003289222717
fear,"I can’t shake the feeling that someone is watching me, and it sends chills down my spine.",fear,0.9617048501968384,Affirm,concise and emotionally attuned,"It’s completely understandable to feel that way, and it shows your heightened awareness and sensitivity to your surroundings. Acknowledging your feelings takes courage, and you’re doing great by expressing them.","Thank you for understanding, but it doesn’t make the fear any less real. Every creak in the house just magnifies that feeling, and it feels exhausting to always be on edge.",sadness,0.5579840540885925
fear,"I can’t shake the feeling that someone’s watching me, and it sends chills down my spine.",fear,0.9509425759315491,Affirm,concise and emotionally attuned,"It takes real courage to express those feelings, and I admire you for being open about what’s troubling you. Your awareness and willingness to share show how deeply you care about your emotional well-being.","Thank you for your kind words, but the fear still lingers. I just can't help but feel as though I’m not alone, even when I know I should be safe.",fear,0.9284433126449585
fear,I can’t shake this feeling like something is watching me in the dark. It’s creeping me out.,fear,0.9626652002334595,Affirm,concise and emotionally attuned,It's completely natural to feel uneasy in the dark; it shows your awareness and sensitivity to your surroundings. Your courage in acknowledging those feelings is a strength that many might not have!,"I appreciate that, but it doesn’t make the feeling any less unsettling. It’s like there’s this weight in the air, and I can’t shake the sense that something is really out there.",fear,0.922727108001709
fear,I can't shake this feeling that someone's watching me; it's like icy fingers crawling up my spine.,fear,0.849906861782074,Affirm,concise and emotionally attuned,"It's completely understandable to feel that way; your deep awareness shows a strong sense of intuition. Acknowledging your feelings is a strength, and it’s okay to take a moment to express them.","I appreciate your words, but it doesn't ease the chill that wraps around me; there's something unsettling in the air, and I can't help but feel exposed. It’s hard to ignore this nagging sensation that I’m not truly alone.",fear,0.9354274272918701
fear,I heard a noise behind me and my heart raced as I realized I was alone in the dark.,fear,0.9794736504554749,Affirm,concise and emotionally attuned,It's completely understandable to feel your heart race in such a startling situation; staying aware and recognizing your feelings shows your strength and resilience. You handled that moment bravely!,"Thank you; I appreciate your kind words. But even with that recognition, the chill of fear still lingers in the darkness.",fear,0.9045024514198303
fear,I can’t shake this feeling that something terrible is about to happen. It’s like a weight pressing down on my chest.,fear,0.9717054963111877,Affirm,concise and emotionally attuned,It’s really courageous of you to express how you’re feeling; acknowledging that weight is a strength in itself. Your ability to share this shows your resilience and willingness to confront difficult emotions.,"Thank you for saying that; it doesn’t feel courageous. It feels like I'm trapped in a fog of dread, and I’m just trying to make sense of it all.",fear,0.9492385387420654
fear,I can’t shake this feeling that something is watching me in the dark; it sends chills down my spine.,fear,0.9734878540039062,Affirm,concise and emotionally attuned,"It's completely understandable to feel that way, and it shows how in tune you are with your emotions. Acknowledging these feelings is a sign of your strength and awareness, and it's okay to seek comfort when you're feeling unsettled.","I appreciate your understanding, but it doesn’t make the feeling of being watched any less terrifying. There's just something about the darkness that feels so oppressive and alive, and I can't ignore that instinct.",fear,0.8726834058761597
fear,"I can’t shake this feeling that something terrible is about to happen. My heart is racing, and I just want to run.",fear,0.9783722758293152,Affirm,concise and emotionally attuned,"It's completely understandable to feel that way when your heart is racing; it shows how aware you are of your emotions and your environment. Acknowledging those feelings is a strength, and your willingness to share shows great courage. You're not alone in this.","I appreciate your understanding, but it’s hard to feel strong when every little noise sends me into a panic. I just want this fear to disappear.",fear,0.9870314002037048
fear,"I can't shake the feeling that something terrible is about to happen. My heart is racing, and I just want to run.",fear,0.9787986874580383,Affirm,concise and emotionally attuned,"It's completely understandable to feel overwhelmed like this; your awareness of your feelings shows your strength and ability to process emotions. Remember, acknowledging what you're experiencing is a courageous step, and it's okay to seek comfort in those moments.","I appreciate your support, but this dread feels all-consuming. I just wish I could silence the anxious thoughts and find a moment of peace.",fear,0.9690330624580383
fear,"I can’t shake this feeling that something bad is about to happen, and it’s making my heart race.",fear,0.8562889099121094,Affirm,concise and emotionally attuned,"It’s completely understandable to feel that way, and it shows how deeply you care about your surroundings. Your awareness of your emotions is a strength that can guide you through this.","I appreciate that, but I can’t help but feel like my instincts are warning me about something I can’t quite put my finger on. It’s such a heavy weight.",fear,0.7867623567581177
fear,I felt my heart race as I heard that strange noise coming from the dark hallway. What if something was there?,fear,0.9192872047424316,Affirm,concise and emotionally attuned,"It's completely understandable to feel your heart race in that situation; your awareness and instincts are really strong. Facing those moments shows your courage, even when uncertainty looms!","Thank you for saying that, but I can't shake the feeling that whatever is in that hallway could be dangerous. The uncertainty is suffocating.",fear,0.9795371294021606
fear,"I can't shake the feeling that someone is watching me, and it sends chills down my spine.",fear,0.9604414701461792,Affirm,concise and emotionally attuned,"It's completely understandable to feel that way, and recognizing your feelings shows your self-awareness and courage. Trusting your instincts is a strength, even when it's unsettling.",Thank you for your understanding. It’s just hard to ignore that nagging sensation; it makes me feel like every shadow might be hiding something.,neutral,0.877689778804779
fear,I can't shake the feeling that someone's watching me; it's like my heart is racing and I can barely breathe.,fear,0.9725515246391296,Affirm,concise and emotionally attuned,"It's completely understandable to feel that way, and it's a testament to your awareness and sensitivity to your surroundings. You're navigating this intense experience with courage, and that's truly admirable.","Thank you for your kind words, but the fear still lingers. It's hard to feel courageous when the shadows seem so close.",joy,0.757350742816925
fear,"I can’t shake this feeling that something terrible is about to happen. My heart is racing, and I can barely breathe.",fear,0.9823112487792969,Affirm,concise and emotionally attuned,"It's clear that you're feeling overwhelmed right now, and it's truly brave of you to share these feelings. Your awareness of your emotions shows a tremendous strength—leaning into your feelings is an important step.","Thank you for understanding, but I still can’t escape this dread. It feels like something is lurking just beyond my sight, and I can't help but be terrified of what might come next.",fear,0.9812600612640381
fear,I can’t shake this feeling that something terrible is about to happen.,fear,0.9719765782356262,Guide,concise and emotionally attuned,It's completely understandable to feel that way; try grounding yourself by taking deep breaths and focusing on the present moment. Consider sharing your feelings with a trusted friend or journaling about them to help process those emotions.,"I appreciate the advice, but it’s hard to focus when this sense of dread lingers. I just can't help but feel that something is lurking around the corner.",fear,0.981219470500946
fear,"I can’t shake this feeling that something terrible is about to happen. My heart is racing, and I just want to run away.",fear,0.9732349514961243,Guide,concise and emotionally attuned,It sounds really overwhelming right now; try taking a few deep breaths to ground yourself and remind yourself that you're safe in this moment. Consider reaching out to someone you trust to share your feelings and get support.,"I appreciate your suggestions, but the urgency and dread still cling to me. It feels so heavy, like I’m trapped in a storm with nowhere to go.",fear,0.8837522268295288
fear,"I can’t shake the feeling that someone is watching me, and it sends a chill down my spine every time I turn around.",fear,0.9805313944816589,Guide,concise and emotionally attuned,"It's understandable to feel that way; try grounding yourself by taking a few deep breaths and focusing on your surroundings. If it continues, consider talking to someone you trust or a professional who can help you explore these feelings more. You’re not alone in this.","I appreciate your advice, but it's hard to shake this dread. Every little noise makes my heart race, and the feeling of being followed just lingers.",fear,0.9842999577522278
fear,"I can't shake this feeling that something terrible is going to happen. My heart is racing, and I feel like I'm being watched.",fear,0.9575732350349426,Guide,concise and emotionally attuned,"It’s really tough to feel that way; it sounds overwhelming. Try grounding yourself with deep breathing—inhale for four counts, hold for four, and exhale for six. If it helps, talk to your partner about your feelings so you don’t have to face this alone.","I appreciate your support, but the fear doesn't just vanish with breathing exercises. It feels like this looming shadow, and I'm scared of what it means.",fear,0.9824025630950928
fear,"I can’t shake this feeling that something terrible is about to happen. My heart is racing, and I just want to escape this place.",fear,0.9721066951751709,Guide,concise and emotionally attuned,"It sounds really overwhelming right now—take a few deep breaths to ground yourself, and try to focus on where you are. If possible, step outside or find a quiet space for a moment to regain your sense of safety and control.","I wish I could find that sense of safety, but the fear clings to me like a shadow. Every attempt to breathe feels futile with this impending dread looming over me.",fear,0.8522246479988098
fear,I can't shake the feeling that something isn’t right; it’s like a looming shadow following me.,fear,0.979895830154419,Guide,concise and emotionally attuned,It’s completely understandable to feel that way; try expressing your feelings through journaling or talking to someone you trust. Taking that first step can help lighten the burden and bring clarity.,"I appreciate the advice, but it’s hard to shake this heavy feeling. Sometimes, it just feels like no one can truly understand the weight of this shadow.",fear,0.3722103536128998
fear,"My heart is racing, and I can't shake this feeling that something terrible is about to happen.",fear,0.9744138717651367,Guide,concise and emotionally attuned,"It sounds really overwhelming; take a deep breath and try grounding yourself by focusing on your surroundings. Maybe take a moment to list three things you can see, hear, and feel to help calm your racing thoughts. You're not alone in this.","I appreciate your support, but it feels like the weight of dread is pressing down harder. Just thinking about trying to calm down makes my heart race even more.",fear,0.9889349341392517
fear,"I can't shake this feeling that something terrible is about to happen, and my heart is racing.",fear,0.9800426959991455,Guide,concise and emotionally attuned,"It's completely understandable to feel that way; try taking a few deep breaths to calm your heart rate, and maybe jot down what’s making you feel anxious. Talking it out with someone you trust can also help lighten the load; you’re not alone in this.","I appreciate your suggestions, but I still feel this heavy weight in my chest. What if something really is lurking just around the corner?",fear,0.5405118465423584
fear,I can’t shake the feeling that someone is watching me. It’s like my heart is racing and I can’t breathe.,fear,0.9710312485694885,Guide,concise and emotionally attuned,"That sounds really distressing; it’s important to prioritize your safety and well-being. Try grounding yourself by taking deep breaths, and consider stepping outside for a moment to clear your mind; you could also talk to a trusted friend or professional for support.","I appreciate your concern, but even the thought of stepping outside makes my heart race more. I just can’t shake this suffocating feeling that I’m not alone.",sadness,0.5140849947929382
fear,I can’t shake this feeling that something terrible is about to happen. It’s like a knot in my stomach that just won’t loosen.,fear,0.9684038162231445,Guide,concise and emotionally attuned,"It’s tough to feel that way, and it's okay to acknowledge it. Try taking a few deep breaths and grounding yourself in the present—focus on things you can control right now, like your surroundings or a calming activity, to help ease that knot.","I appreciate your advice, but that knot still feels heavy. It's hard to focus on anything else when this fear is lingering so close.",fear,0.5296934843063354
fear,"I can’t shake this feeling that something terrible is about to happen, and it’s making my heart race.",fear,0.9785433411598206,Guide,concise and emotionally attuned,"It’s understandable to feel that way; try taking a few deep breaths to ground yourself and remind yourself that these feelings, while intense, are temporary. Consider reaching out to someone you trust to share your thoughts—it can really help to voice your concerns.","I appreciate the advice, but it’s hard to focus on the positive when my mind is racing with what-ifs. I can’t help but feel like something bad is lurking just around the corner.",sadness,0.8136560320854187
fear,I can’t shake this feeling that something terrible is about to happen; my heart is racing and my hands are trembling.,fear,0.9938971400260925,Guide,concise and emotionally attuned,"It’s completely understandable to feel that way; try grounding yourself by taking slow, deep breaths and focusing on your surroundings. You can also jot down your feelings or talk to someone you trust to help you process what you're experiencing.","I appreciate that advice, but it’s hard to focus when this anxiety feels so overwhelming. What if this feeling doesn’t go away?",fear,0.8310945630073547
fear,I can’t shake this feeling that something terrible is about to happen. My heart is racing.,fear,0.970586895942688,Guide,concise and emotionally attuned,"It sounds really overwhelming to feel that way; try taking slow, deep breaths for a few minutes to help calm your racing heart. Consider reaching out to someone you trust to share your feelings—it can provide some relief and support.","I appreciate the suggestion, but it feels hard to breathe deeply when the fear is so suffocating. I just can't shake this dread that something is closing in on me.",fear,0.9871036410331726
fear,"I can’t shake this feeling like something’s lurking just out of sight, and it’s making my heart race.",fear,0.9697787761688232,Guide,concise and emotionally attuned,"It sounds really unsettling to feel that way. Try taking a few deep breaths to ground yourself, and consider talking openly with your partner about your feelings; sharing can lighten the emotional load and help you both feel supported.","I know I should try breathing and talking it out, but the feeling just doesn’t go away. It’s like I can almost sense whatever it is watching me, and it makes me feel so vulnerable.",fear,0.9811608195304871
fear,"I can’t shake this feeling that something’s watching me from the shadows. It’s too quiet, and it makes my skin crawl.",fear,0.9045124053955078,Guide,concise and emotionally attuned,"It’s understandable to feel uneasy in such moments. Try turning on some comforting background noise or music to create a more inviting atmosphere, and consider talking openly with someone you trust about these feelings. You're not alone in this.","I appreciate the suggestion, but no amount of noise can drown out that unsettling sensation. It lingers in the silence, lurking just out of sight.",fear,0.8475883603096008
fear,I can't shake the feeling that someone is watching me; it makes my heart race with every creak in the floor.,fear,0.9825566411018372,Guide,concise and emotionally attuned,"It sounds really unsettling to feel that way. Try grounding yourself by identifying five things you can see and hear around you; it may help soothe your nerves. If it continues, consider talking to someone you trust about it as well.","I appreciate your suggestion, but the idea of trying to calm down feels impossible when every shadow seems to whisper threats. It’s hard to ignore the chills that crawl down my spine.",fear,0.8357005715370178
fear,"I can't shake this feeling that something's watching me; my heart's racing, and I just want to run.",fear,0.9722574353218079,Guide,concise and emotionally attuned,"It's completely okay to feel that way; try taking slow, deep breaths to calm your racing heart. If you can, find a safe space to sit and ground yourself—focus on the sensations around you to bring your mind back to the present.","I appreciate that, but it’s hard to shake the feeling that whatever's out there is closing in. I just feel so vulnerable right now.",fear,0.9853583574295044
fear,"I can’t shake this feeling that something is lurking just out of sight, and I’m not sure I want to find out what it is.",fear,0.9686552882194519,Guide,concise and emotionally attuned,It sounds really unsettling to feel that way; try talking to your partner about these feelings—it might help to share the burden. Taking a few deep breaths or going for a short walk can also provide some clarity and calm.,"I appreciate the suggestions, but even talking about it feels risky. What if I uncover something I really don’t want to know?",fear,0.9074328541755676
fear,"I can feel my heart racing, and the hairs on the back of my neck are standing up—something isn't right.",fear,0.6370998024940491,Guide,concise and emotionally attuned,It sounds like you're both feeling really uneasy—take a moment to breathe deeply together and maybe find a quiet space. Try to talk about what's triggering those feelings; sharing can often help lighten the load.,"I appreciate the suggestion, but it’s hard to focus when this sense of dread just keeps creeping in. What if talking about it only makes things worse?",fear,0.931343674659729
fear,"I can’t shake the feeling that someone is watching me, and it sends chills down my spine.",fear,0.9617048501968384,Guide,concise and emotionally attuned,"It’s really unsettling to feel that way; your feelings are valid. Try to ground yourself by taking a few deep breaths, and if it continues, consider talking to someone you trust or a professional who can help you feel more safe and secure.","I appreciate your understanding, but it's hard to shake off this overwhelming sensation. Just the thought of talking to someone feels daunting when I can't even pinpoint what’s lurking in the shadows.",fear,0.9793272614479065
fear,"I heard a noise behind me, and my heart started racing—I was too scared to turn around.",fear,0.9906627535820007,Normalize,concise and emotionally attuned,It’s completely understandable to feel that rush of fear when you hear something unexpected; many people have experienced the same overwhelming sensation. You're not alone in feeling that way—it can be really intense.,"I appreciate that, but it felt so real in that moment; the pit in my stomach just wouldn’t go away. It’s hard to shake off that kind of fear.",fear,0.9709876775741577
fear,I can't shake this feeling that something terrible is about to happen. It's creeping up on me like a shadow.,fear,0.9785088896751404,Normalize,concise and emotionally attuned,"It’s really tough feeling that weight of worry; many people go through similar fears, and it can feel overwhelming. You’re not alone in this, and it’s completely valid to feel that way.","I appreciate you saying that, but it doesn’t lessen the knot in my stomach. I just can’t help but feel like something's lurking just out of sight.",fear,0.9484540820121765
fear,I felt my heart racing as I heard that noise behind me in the dark. What if it’s something dangerous?,fear,0.9827882647514343,Normalize,concise and emotionally attuned,"It’s completely natural to feel that rush of fear in a dark, uncertain moment; many people experience that same jolt of anxiety when faced with the unknown. You're not alone in feeling this way; it speaks to your instinct to protect yourself.","I appreciate that, but the unknown still has me on edge. What if that noise really is a threat lurking in the shadows?",fear,0.7831835746765137
fear,"I can't shake this feeling that something is really not right. My heart is racing, and I feel like I might scream.",fear,0.9704033136367798,Normalize,concise and emotionally attuned,"It sounds incredibly overwhelming to feel this way, and it’s important to know that many people experience similar intense emotions at times. You're not alone in this; it’s completely valid to feel like everything is just too much right now.","I appreciate that, but it doesn’t help ease the pressure I’m feeling. It feels so isolating, like I’m the only one trapped in this whirlwind.",sadness,0.7518829703330994
fear,"I can’t shake the feeling that something’s hiding in the dark, waiting for the right moment to pounce.",fear,0.9783238768577576,Normalize,concise and emotionally attuned,"It’s completely understandable to feel that way; many people experience similar fears, especially when they're feeling uncertain or anxious. You’re not alone in this—those feelings can be really intense and unsettling.","But it feels so isolating, like the darkness is closing in around me, and no one else can see it. How do I push through when the fear keeps creeping back?",fear,0.8735628128051758
fear,"I can’t shake off this feeling like something terrible is about to happen. My heart is racing, and I just want to hide.",fear,0.9644445180892944,Normalize,concise and emotionally attuned,"It’s really tough to feel that way, and many people experience similar fears and anxieties. You're not alone in this; those feelings can be overwhelming.","Thank you for understanding, but it feels so isolating right now. I just want to escape this gnawing sense of dread that won’t let go.",fear,0.9315345883369446
fear,"I can’t shake this feeling that something bad is about to happen. My heart is racing, and I just want to run.",fear,0.8204306364059448,Normalize,concise and emotionally attuned,"It’s completely understandable to feel that way; many people experience those same racing thoughts and fears. You're not alone in this, and it’s okay to feel overwhelmed sometimes.","I appreciate that, but it still feels like this weight won’t lift. I can’t help but think that if I ignore it, something really terrible could happen.",fear,0.7949106693267822
fear,I felt my heart race as I heard the footsteps approaching in the dark.,fear,0.9907132387161255,Normalize,concise and emotionally attuned,"It's completely understandable to feel that way; many people experience a surge of fear in similar moments, and it's a very real reaction to a scary situation. You’re not alone in feeling that rush of adrenaline.","Thank you for understanding, but the fear still grips me tightly—it feels all too real in the shadows, like something is lurking just beyond my sight. I can't shake the unease that something might be waiting.",fear,0.9917393922805786
fear,"I can’t shake this feeling that something terrible is about to happen. My heart is racing, and I just want to run.",fear,0.9783722758293152,Normalize,concise and emotionally attuned,"It's really tough to feel that way, and so many people experience that sense of impending doom too. It’s completely understandable to feel overwhelmed when your heart is racing like that.","I know I'm not alone in this, but it doesn't make it any easier. I just can't help but feel trapped in this anxiety, like I'm waiting for the worst to unfold.",fear,0.8129698038101196
fear,"I can’t shake this feeling that something is really wrong, like a shadow lurking just out of sight.",fear,0.9829099774360657,Normalize,concise and emotionally attuned,"It's understandable to feel that way; many people experience those unsettling shadows that seem to linger. You're not alone in this, and it's okay to acknowledge how heavy those feelings can feel.","Thank you for understanding. It doesn't make the weight any lighter, but knowing I’m not alone in this darkness is a small comfort.",sadness,0.7138960361480713
fear,I can't shake this feeling like something terrible is about to happen. It grips my chest and I just want to run.,fear,0.981044352054596,Normalize,concise and emotionally attuned,"It sounds like that feeling is really overwhelming, and many people experience similar anxieties, especially when faced with uncertainty. You're not alone in this; it's tough to carry that weight.","Thank you for understanding, but it feels like I'm trapped in this anxiety, and no matter how much I try to shake it off, it just tightens its grip. I can't help but feel like I'm on the edge of something dark.",fear,0.9001680016517639
fear,"I heard a strange noise coming from the dark room, and my heart raced as I felt a chill run down my spine.",fear,0.9827160835266113,Normalize,concise and emotionally attuned,"It's completely understandable to feel that way; many people experience a rush of fear in similar situations. You're not alone in feeling that chill, and it's a natural response to the unknown.","I appreciate that, but the darkness felt so oppressive, and the noise seemed to echo my fears. What if it was something lurking just beyond my line of sight?",fear,0.813724935054779
fear,"I can’t shake this feeling that something terrible is about to happen. My heart is racing, and I just want to run.",fear,0.9783722758293152,Normalize,concise and emotionally attuned,"It’s completely understandable to feel that way; many people experience that intense anxiety about looming dread. You're definitely not alone in this feeling, and it’s okay to acknowledge how heavy it can be.","Thank you for understanding, but it doesn’t make the feeling any easier to bear. I still feel like something is creeping up on me, and the weight of it is suffocating.",sadness,0.4217485785484314
fear,I can't shake this feeling that someone is watching me. It's making my skin crawl.,fear,0.7322860956192017,Normalize,concise and emotionally attuned,"It's completely understandable to feel like that; many people experience those unsettling sensations, and it can be really distressing. You're not alone in this, and it's okay to express what you're feeling.","Thank you for understanding, but it doesn't really ease the tightness in my chest. What if this feeling isn't just in my head?",disgust,0.3005010485649109
fear,"I can’t shake this feeling that something terrible is about to happen. My heart is racing, and I just want to hide.",fear,0.9749828577041626,Normalize,concise and emotionally attuned,"It’s so tough to feel that way, and many people experience similar anxiety, especially when uncertainty looms. Your feelings are valid, and it’s okay to seek comfort as you navigate through this.","Thank you for understanding, but it doesn’t really ease the dread clawing at my chest. I just feel so alone in this heavy silence, like something is lurking just out of sight.",fear,0.7235504388809204
fear,"I can’t shake this feeling that something bad is about to happen, and my heart feels like it’s racing out of my chest.",fear,0.8740531802177429,Normalize,concise and emotionally attuned,"It’s really tough to feel that way, and many people experience similar feelings of anxiety and dread at times. You're not alone in this; it’s completely understandable to feel overwhelmed by those thoughts.","I know I'm not alone, but it doesn't make the fear any less intense. It just lingers, tightening around me like a vise, and I can't help but wonder what’s coming.",fear,0.9496791362762451
fear,"I can’t shake this feeling that something terrible is going to happen. My heart's racing, and I just want to run.",fear,0.9757894277572632,Normalize,concise and emotionally attuned,"It’s really tough to feel that way, and many people can relate to that sense of impending doom—it can be so overwhelming. You're not alone in feeling this, and it’s completely understandable to want to escape those feelings.","It’s just so intense, like I’m on edge all the time. I wish I could just figure out why I feel this way and find a way to feel safe again.",neutral,0.41452205181121826
fear,"I can’t shake this feeling that something bad is about to happen. My heart’s racing, and I feel completely frozen.",fear,0.9145674109458923,Normalize,concise and emotionally attuned,"It’s really tough to feel that way, and many people experience those overwhelming moments when anxiety takes hold. You're not alone in this; it's okay to feel what you're feeling right now.","Thank you for understanding, but it doesn’t make the fear any easier to bear. I just can’t help but feel like I need to brace myself for something I can’t quite see.",fear,0.909597635269165
fear,"I can’t shake this feeling that something terrible is going to happen. My heart is racing, and I just want to hide.",fear,0.9730600714683533,Normalize,concise and emotionally attuned,"It’s really tough to feel that way, and many people experience moments where anxiety takes over, making it hard to find comfort. You're not alone in this, and it’s completely valid to feel overwhelmed.","Thank you for understanding, but it feels like the weight of this fear is just too much to bear sometimes. I just wish I could find a way to make it stop.",fear,0.9684510827064514
fear,"I just heard a noise downstairs, and my heart is racing—what if someone’s in the house?",surprise,0.5247074365615845,Normalize,concise and emotionally attuned,It’s completely understandable to feel scared when you hear an unexpected noise; many people would feel the same way. You’re not alone in feeling this way—it can be really unsettling.,"I know it's a common feeling, but right now, my instincts are screaming that something isn't right. I can't shake off this fear; what if it's not just my imagination?",fear,0.982492208480835
fear,"I can’t shake this feeling that something is lurking just out of sight. My heart is racing, and I don’t know what to do.",fear,0.9862185120582581,baseline,concise and emotionally attuned,"I’m really sorry to hear you’re feeling this way. It’s completely understandable to feel uneasy sometimes. I’m here for you, and you’re not alone in this.","Thank you for saying that, but it doesn’t make the fear go away. I still feel something ominous, like it’s just waiting for the right moment to reveal itself.",fear,0.9433422684669495
fear,"I can’t shake this feeling that something terrible is about to happen. My heart is racing, and I just want to hide.",fear,0.9749828577041626,baseline,concise and emotionally attuned,"I'm really sorry to hear that you're feeling this way. It's completely understandable to feel overwhelmed sometimes. I’m here for you, and it’s okay to take a moment to breathe and find a safe space.","Thank you for your support; it really helps, but I still feel this heavy weight pressing down on me. I just can’t help but worry about what might come next.",fear,0.8848337531089783
fear,"I can't shake this feeling that something is really wrong, and it's making my heart race.",fear,0.8694994449615479,baseline,concise and emotionally attuned,I'm really sorry to hear that you’re feeling this way. It’s completely okay to acknowledge those feelings. I'm here for you; let’s take a moment to breathe together.,"Thank you for being here; it helps a bit to know I'm not alone in this. But I still can’t help feeling like something is looming, and it's hard to breathe.",fear,0.5957921743392944
fear,"I can’t shake this feeling that something terrible is about to happen, and my heart is racing.",fear,0.9777671098709106,baseline,concise and emotionally attuned,I'm really sorry to hear that you're feeling this way. It’s tough to deal with that kind of anxiety. I'm here for you if you want to talk about it or just need someone to listen.,Thank you for being here; it helps a little to know I’m not alone in this. I just can’t shake the sense that something awful is lurking just out of sight.,fear,0.9487515687942505
fear,"My heart is racing, and I can’t shake the feeling that someone is watching me.",fear,0.9851505160331726,baseline,concise and emotionally attuned,I’m really sorry to hear you’re feeling that way. It’s understandable to feel uneasy sometimes. I’m here for you if you want to talk more about it.,"Thank you for understanding, but the feeling is still strong; it’s like a shadow lurking just out of sight, and I can’t help but feel trapped in it. I’m not sure what to do with this fear.",fear,0.9363586902618408
fear,"My heart is racing, and I can't shake this feeling that something terrible is about to happen.",fear,0.9744138717651367,baseline,concise and emotionally attuned,I’m really sorry to hear you’re feeling this way. It’s tough when anxiety hits hard. I’m here for you—let’s talk about what’s on your mind if you’d like.,Thank you for being here; it helps a little. I just can't shake this dread that something awful is lurking just around the corner.,fear,0.9849376082420349
fear,"I can’t shake this feeling that something terrible is about to happen. My heart is racing, and I can barely catch my breath.",fear,0.9828452467918396,baseline,concise and emotionally attuned,"I’m really sorry to hear that you’re feeling this way. It sounds overwhelming, and it's completely okay to feel anxious. I'm here for you.","Thank you for understanding. I just can't help but feel like this weight is crushing me, and it’s hard to see a way out of it.",sadness,0.9165297150611877
fear,"My heart is racing, and I can’t shake this feeling that something terrible is about to happen.",fear,0.9714856743812561,baseline,concise and emotionally attuned,I’m really sorry to hear you’re feeling this way. It’s completely understandable to feel overwhelmed sometimes. I'm here for you if you want to talk about it.,"Thank you for being here, but it's hard to explain this dread that grips me. I just can't help but feel like something dark is looming on the horizon.",fear,0.9847241640090942
fear,I can’t shake this feeling that something terrible is about to happen; it’s like a weight in my chest.,fear,0.9768267273902893,baseline,concise and emotionally attuned,I'm really sorry to hear that you're feeling this way. It sounds incredibly heavy and unsettling. I'm here for you if you want to talk about it or share how you're feeling.,"Thanks for being here; it helps to know I’m not alone in this. Just thinking about what might happen is overwhelming, and I can't seem to quiet my mind.",fear,0.5158306360244751
fear,I could feel my heart racing as I heard that noise coming from the dark hallway. What if something or someone is out there?,fear,0.9313799738883972,baseline,concise and emotionally attuned,It sounds really frightening to experience that. It's completely understandable to feel anxious in such a situation. You're not alone in feeling this way.,"Thank you for understanding. I can’t shake off the feeling that something is lurking just out of sight, waiting to emerge from the darkness.",fear,0.9725174903869629
fear,"I can't shake this feeling that something terrible is about to happen. My heart is racing, and I just want to run.",fear,0.9790944457054138,baseline,concise and emotionally attuned,"I hear you, and that sounds really overwhelming. It’s completely understandable to feel that way sometimes. I’m here for you if you want to talk about it.","Thank you for being here. I just can't help but feel like time is running out, and I need to figure this out before it’s too late.",sadness,0.8032544851303101
fear,"I can’t shake this feeling that something terrible is about to happen. My heart is racing, and I just want to run.",fear,0.9783722758293152,baseline,concise and emotionally attuned,"I'm really sorry to hear that you're feeling this way. It sounds overwhelming right now, and it's completely okay to feel anxious. I'm here for you if you want to talk about it or just need some support.","Thank you for being here. It helps a little, but I still can’t escape this sense of dread; it’s like I’m waiting for the other shoe to drop.",fear,0.9495614171028137
fear,My heart was racing as I heard the footsteps coming closer in the dark.,fear,0.9841601252555847,baseline,concise and emotionally attuned,That sounds incredibly tense and unsettling. I can only imagine how your heart must have felt in that moment. I'm here for you.,"Thank you, it really was terrifying. Each step echoed like a warning, and I couldn't shake the feeling that something was right behind me.",fear,0.990084171295166
fear,"I can’t shake this feeling that something terrible is about to happen. My heart is racing, and I just want to hide.",fear,0.9749828577041626,baseline,concise and emotionally attuned,I'm really sorry to hear that you're feeling this way. It's completely understandable to feel anxious sometimes. I'm here for you if you want to talk or just need some support.,Thank you for being here. It’s just so overwhelming; I can’t help but feel like something's lurking around the corner.,fear,0.589165985584259
fear,"I can’t shake this feeling that something terrible is about to happen. My heart is racing, and I can’t breathe.",fear,0.982239842414856,baseline,concise and emotionally attuned,"I’m really sorry to hear you’re feeling this way. It sounds overwhelming, and your feelings are completely valid. I’m here for you.","Thank you for saying that. I just can’t help but feel like time is running out, and I don’t know how to make this tightness in my chest go away.",sadness,0.6624053716659546
fear,"I can’t shake the feeling that someone is watching me, and it sends shivers down my spine.",fear,0.9824727773666382,baseline,concise and emotionally attuned,It sounds really unsettling to feel that way. I'm here for you if you want to talk about it more.,"Thank you, but it’s hard to put into words this constant dread; I just feel so exposed. It’s like the shadows are closing in.",fear,0.9743150472640991
fear,"I can’t shake this feeling that something is watching me, and it’s making my heart race.",fear,0.9718129634857178,baseline,concise and emotionally attuned,I'm really sorry to hear that you're feeling this way. It's completely understandable to be unsettled. I'm here for you.,"Thank you for being here; it helps a little, but I can't help feeling like it's getting closer. I just want to feel safe again.",joy,0.9737342000007629
fear,"I can’t shake this feeling that something terrible is about to happen. My heart is racing, and I just want to run.",fear,0.9783722758293152,baseline,concise and emotionally attuned,"I hear you, and that feeling can be really overwhelming. It’s okay to feel this way; just know you’re not alone in this. I'm here for you whenever you need to talk.",Thank you for listening; it helps a little to know I’m not alone in this. But the unease just won’t seem to let go.,sadness,0.3572917878627777
fear,"I can’t shake this feeling that something really bad is about to happen. My heart is racing, and I just want to get out of here.",fear,0.7737599015235901,baseline,concise and emotionally attuned,"I'm really sorry to hear that you're feeling this way. It's totally understandable to feel overwhelmed in moments like this. I'm here for you, so let me know what you need.","I appreciate your support, but I can’t help feeling like time is running out. I just need to find a way to escape this uneasy feeling.",fear,0.8681921362876892
fear,"I can’t shake this feeling; it’s like something’s lurking in the shadows, waiting to pounce.",fear,0.9504641890525818,baseline,concise and emotionally attuned,I hear you—it sounds really unsettling. It’s tough to feel that way. I'm here for you if you want to talk more about it.,"Thank you for being there. I just keep thinking about what could be hiding just out of sight, and I can’t help but feel on edge.",fear,0.8801709413528442
joy,I can’t believe we actually did it! This feels amazing!,surprise,0.9527779817581177,Validate,concise and emotionally attuned,"It’s incredible to hear how thrilled you are! Your excitement really shines through, and it's so special to share that feeling together.",Thank you! It really means a lot to have someone to share this joy with—it just makes everything even more special!,joy,0.9595930576324463
joy,I can hardly believe it; I just got the job I’ve always wanted! I’m over the moon right now!,surprise,0.9031810164451599,Validate,concise and emotionally attuned,"That's incredibly exciting! It sounds like you're feeling a mix of disbelief and joy, and I'm so happy for you!",Thank you so much! I'm just bursting with excitement and still pinching myself to believe it's real!,joy,0.47289881110191345
joy,I can't believe it! This is the best day ever!,surprise,0.8765966892242432,Validate,concise and emotionally attuned,It sounds like you're really overwhelmed with joy right now—that's so wonderful to hear! What a special moment for you!,"Thank you! It really is a special moment, and I can’t help but smile thinking about it!",joy,0.9781776666641235
joy,I can’t believe it! This is the best day ever!,surprise,0.9128897786140442,Validate,concise and emotionally attuned,"Wow, it sounds like you're feeling incredibly excited and happy right now! That’s such a wonderful feeling to have on a day like today!","Absolutely! It just feels like everything is falling into place, and I can’t stop smiling!",joy,0.8741133809089661
joy,"I just received the best news ever, and I can't stop smiling!",joy,0.9658894538879395,Validate,concise and emotionally attuned,That’s amazing! It sounds like you’re feeling such joy and excitement right now—what a wonderful moment to celebrate!,Absolutely! I feel like I'm on top of the world—it's such an incredible feeling to share this happiness!,joy,0.9409102201461792
joy,I can’t believe we finally did it! This is the happiest moment of my life!,surprise,0.688572347164154,Validate,concise and emotionally attuned,"It’s so wonderful to hear how happy you are right now! That excitement must feel incredible, especially after everything you’ve been through.",Thank you! It really does feel amazing to celebrate this moment after all the challenges; I’m just soaking it all in!,surprise,0.8998894095420837
joy,I can hardly believe it—I just got the job! I'm so excited!,surprise,0.8355493545532227,Validate,concise and emotionally attuned,"Wow, that’s incredible news! It’s completely understandable to feel overwhelmed with excitement right now—what an amazing achievement!",Thank you so much! I’m literally buzzing with joy—it feels like a dream come true!,joy,0.9734188318252563
joy,I can’t believe it! I’m so happy that everything turned out just the way I hoped!,joy,0.8615649342536926,Validate,concise and emotionally attuned,It’s really wonderful to hear how happy and surprised you are! That sense of joy must feel so incredible after everything you hoped for.,"It really does! It's like a dream come true, and I can't stop smiling!",joy,0.9105951189994812
joy,I just got the news that I got the job! I can't believe it—I'm so incredibly happy!,joy,0.8141866326332092,Validate,concise and emotionally attuned,That's amazing news! It sounds like you’re feeling an overwhelming sense of joy right now—what a fantastic moment for you!,Thank you so much! I really am over the moon—this opportunity means the world to me!,joy,0.9513407945632935
joy,I can’t believe this just happened! I’m so unbelievably happy right now!,joy,0.7406397461891174,Validate,concise and emotionally attuned,"Wow, it sounds like you're overflowing with joy right now! I can feel that excitement radiating from you!",Thank you! It really is such an amazing feeling—I'm still on cloud nine!,joy,0.6368423700332642
joy,I can’t believe it! This is the best day ever!,surprise,0.9128897786140442,Validate,concise and emotionally attuned,That sounds absolutely amazing! It's wonderful to feel such joy and excitement in a moment like this.,"Absolutely! It's like the world is glowing, and I just want to share this excitement with everyone!",joy,0.8549799919128418
joy,I can't believe we finally did it! This is the happiest moment of my life!,surprise,0.5472836494445801,Validate,concise and emotionally attuned,"It sounds like you’re overflowing with joy right now, and it’s so wonderful to share such a significant milestone together! Your happiness is truly contagious!",Thank you! It really feels amazing to share this joy with you; it makes the moment even more special!,surprise,0.490535706281662
joy,I can't believe it! This is the best day ever!,surprise,0.8765966892242432,Validate,concise and emotionally attuned,It sounds like you’re feeling incredibly excited and happy right now! It's amazing to have moments that feel this special.,Absolutely! I’m just on cloud nine—it's moments like this that make everything feel so magical!,joy,0.5321571826934814
joy,I can't believe it! This is the best day ever!,surprise,0.8765966892242432,Validate,concise and emotionally attuned,It sounds like you’re feeling incredibly excited and happy right now! I can really sense how special this moment is for you.,"Absolutely! It's like everything just fell into place, and I can't stop smiling! 🌟",joy,0.8541375398635864
joy,I can’t believe I finally got the job! I’m so excited and can’t wait to start this new chapter!,surprise,0.5438985228538513,Validate,concise and emotionally attuned,That’s amazing! It’s completely understandable to feel such excitement about this new opportunity—what a big moment for you!,"Thank you! It really is a big moment, and I’m just filled with joy thinking about all the new experiences ahead!",joy,0.9896434545516968
joy,I can't believe it! This is the happiest I’ve felt in such a long time!,joy,0.8247695565223694,Validate,concise and emotionally attuned,That’s amazing to hear! It sounds like you’re really experiencing something wonderful and uplifting right now.,"Thank you! It truly feels like everything is falling into place, and I’m just embracing every moment!",joy,0.7243879437446594
joy,I can't believe it! This is the best day ever!,surprise,0.8765966892242432,Validate,concise and emotionally attuned,It sounds like you’re overflowing with joy and excitement—what a wonderful feeling to have!,Absolutely! It feels like everything is aligning perfectly—it's just incredible!,surprise,0.46415969729423523
joy,I can’t believe it! This is the happiest day of my life!,joy,0.5203678607940674,Validate,concise and emotionally attuned,"It sounds like you're overflowing with joy right now! That level of happiness is truly amazing, and I can feel how special this moment is for you.","Thank you! It really is an unforgettable moment, and I'm just so grateful to be experiencing this kind of joy!",joy,0.9678068161010742
joy,I can't believe it! This is the best day ever!,surprise,0.8765966892242432,Validate,concise and emotionally attuned,It sounds like you're feeling incredibly excited and happy right now! That joy is so wonderful to experience.,Yes! It's like everything feels magical right now! I just want to soak in every moment of this happiness!,joy,0.8762319087982178
joy,I can't believe it! This is the happiest day of my life!,joy,0.5745689272880554,Validate,concise and emotionally attuned,"Wow, it sounds like you’re feeling so incredibly joy-filled right now! That kind of happiness is truly special—I'm so glad you're experiencing it!",Thank you! I feel like I could burst with joy—it's a moment I’ll cherish forever!,anger,0.6770179867744446
joy,I just found out I got the job! I can't stop smiling!,joy,0.7871317863464355,Explore,concise and emotionally attuned,That’s incredible news! What excites you most about this new job? And how are you celebrating this wonderful achievement?,Thank you! I’m really excited about the opportunity to learn and grow in a new environment. I plan to celebrate with some friends over dinner—can't wait to share the joy!,joy,0.9856115579605103
joy,I can't believe it—this is the best day ever! I’m so excited!,surprise,0.7110028862953186,Explore,concise and emotionally attuned,That sounds amazing! What’s making today so special for you? Can you share more about what’s brought you this excitement?,"Absolutely! I just found out I got the job I’ve been dreaming of, and I can’t stop smiling! It feels like everything I’ve worked for is finally coming together!",joy,0.8371511101722717
joy,I can’t believe it! This is the best day ever!,surprise,0.9128897786140442,Explore,concise and emotionally attuned,"Wow, that sounds so exciting! What happened to make today feel so special for you?",I just got the news that I landed my dream job! I’m over the moon! 🎉,joy,0.5246554017066956
joy,I can’t believe we finally did it! This is the happiest moment of my life!,surprise,0.688572347164154,Explore,concise and emotionally attuned,That’s so wonderful to hear! What made this moment feel so special for you both?,"It’s special because we worked so hard for this, and sharing it together makes it all the more meaningful! I just feel so grateful to celebrate this milestone!",joy,0.9660392999649048
joy,I can't believe it! This is the happiest moment of my life!,joy,0.5224328637123108,Explore,concise and emotionally attuned,That sounds really exciting! What makes this moment so special for you both?,"Thank you! It's special because we've worked so hard for this dream, and finally seeing it come true together is just overwhelming with joy!",joy,0.9332950711250305
joy,I can't believe it—I just found out I got the job! I'm over the moon!,surprise,0.9197949171066284,Explore,concise and emotionally attuned,That's incredible! What do you think you're most excited about in this new role? How are you feeling about sharing the news with others?,Thank you! I’m really excited about the opportunity to learn and grow in a supportive environment. I can’t wait to share the news with my friends and family!,joy,0.9766062498092651
joy,I can't believe it! This is the best day ever!,surprise,0.8765966892242432,Explore,concise and emotionally attuned,That sounds amazing! What’s happened today that’s made it so special for you?,I just got the news that I got the job I interviewed for! I’m absolutely over the moon!,surprise,0.5017991065979004
joy,I can’t believe it! This day has turned out to be more amazing than I ever expected!,surprise,0.9660505056381226,Explore,concise and emotionally attuned,That sounds incredible! What specific moments or experiences today have contributed to this sense of amazement for you?,"Oh, absolutely! The sunrise this morning was breathtaking, and I unexpectedly reunited with an old friend—it's been a whirlwind of joy!",joy,0.5367701649665833
joy,I can't believe we finally did it! This is the happiest day of my life!,surprise,0.5543646216392517,Explore,concise and emotionally attuned,That sounds incredible! What do you think made this moment feel so special for both of you?,It’s just the culmination of our dreams and all the hard work we put in together! Sharing this joy with someone I care about makes it even more magical!,joy,0.9717903733253479
joy,"I just heard that my best friend is visiting this weekend, and I can't stop smiling!",joy,0.8959069848060608,Explore,concise and emotionally attuned,That sounds wonderful! What are you most excited to do together when your friend arrives?,I can't wait to catch up and explore our favorite coffee shops! It’s been way too long since we had a good chat over lattes.,joy,0.9630551338195801
joy,I can’t believe I finally got the job! I’m so excited to start this new chapter!,surprise,0.6711202263832092,Explore,concise and emotionally attuned,That’s amazing! What about this new job has you feeling the most excited? How do you envision this chapter unfolding for you?,Thank you! I'm thrilled about the opportunity to grow and learn new skills. I envision making a real impact and connecting with amazing people along the way!,joy,0.9003098011016846
joy,I just found out I got the job I wanted! I can’t stop smiling!,joy,0.7951715588569641,Explore,concise and emotionally attuned,"That’s amazing news! What about this job excites you the most, and how are you feeling about this new opportunity?",Thank you! I’m thrilled about the chance to grow and learn in a field I’m passionate about. It feels like a dream coming true!,joy,0.9742664098739624
joy,I can't believe it! This is the happiest day of my life!,joy,0.5745689272880554,Explore,concise and emotionally attuned,That sounds incredibly exciting! What made today feel so special for you?,"Thank you! I just got engaged, and I’m over the moon! It feels like a dream come true!",joy,0.8304697871208191
joy,I can't believe it—I'm so excited! Today feels like the best day ever!,surprise,0.767221987247467,Explore,concise and emotionally attuned,That’s wonderful to hear! What’s making today feel so special for you? Can you share what’s happening that has you this excited?,"Absolutely! I just got some fantastic news about a project I’ve been working on, and it feels like everything is finally coming together!",joy,0.8457092046737671
joy,I can’t believe it! This is the happiest I’ve felt in such a long time!,joy,0.6497081518173218,Explore,concise and emotionally attuned,That sounds wonderful! What do you think has contributed to this happiness for both of you? Can you share what moments or experiences led to this feeling?,"Absolutely! It’s all the little things, like laughter over silly jokes and cozy evenings together—those moments really bring us closer and fill my heart with joy!",joy,0.9776721596717834
joy,I can't believe it! This is the happiest day of my life!,joy,0.5745689272880554,Explore,concise and emotionally attuned,"Wow, that sounds incredible! What’s making today feel so special for you?",Today has been filled with wonderful surprises and the love of everyone around me—it’s just overwhelming in the best way! I feel like I’m on top of the world!,joy,0.7367033958435059
joy,"I just found out I got the job, and I can't stop smiling—this is the best news ever!",joy,0.8386934995651245,Explore,concise and emotionally attuned,"That's amazing, congratulations! What was your reaction when you first found out, and how does it feel to share that joy with your partner?","Thank you so much! I was in complete shock at first, but when I shared the news with my partner, we celebrated together—it made the moment even more special!",surprise,0.8924980759620667
joy,I can't believe it! This is the happiest moment of my life!,joy,0.5224328637123108,Explore,concise and emotionally attuned,That's wonderful to hear! What has made this moment feel so special for you?,"Thank you! It's just a perfect blend of everything coming together—family, friends, and all the love surrounding me right now!",joy,0.8673850893974304
joy,I can't believe it! This is the best day ever!,surprise,0.8765966892242432,Explore,concise and emotionally attuned,"Wow, that sounds amazing! What happened to make today so special for you?",I just got the news that I got the job I’ve been dreaming of! It feels like all my hard work is finally paying off!,joy,0.8197285532951355
joy,I can’t believe it! Today has been absolutely amazing!,surprise,0.9393185973167419,Explore,concise and emotionally attuned,That sounds exciting! What made your day so amazing? Can you share more about what happened?,"Absolutely! I got some fantastic news about a project I've been working on, and it just made everything feel so vibrant and full of possibilities!",joy,0.9639307260513306
joy,I can't believe it! This is the best day ever!,surprise,0.8765966892242432,Reframe,concise and emotionally attuned,It sounds like you’re experiencing such joy together—what a beautiful way to celebrate this moment! It’s wonderful to share immense happiness and create lasting memories.,Absolutely! It feels amazing to share this joy with everyone around me—it's a moment I’ll cherish forever!,surprise,0.5282964706420898
joy,I can't believe it! This is the best day ever!,surprise,0.8765966892242432,Reframe,concise and emotionally attuned,How wonderful that you're both feeling such joy together; it sounds like this day has brought you both closer in a special way! Embracing these moments can truly make memories that last a lifetime.,Absolutely! I feel like we're going to cherish this day forever—it's such a beautiful feeling to share this joy!,joy,0.9903897643089294
joy,"I can’t believe it! This is the best day ever, and I’m just bursting with happiness!",surprise,0.7621027231216431,Reframe,concise and emotionally attuned,"It's wonderful to hear your partner's joy mirrored in your own, highlighting the deep connection you share; this day is not just a personal highlight, but a beautiful moment you both can cherish together.","Absolutely! Sharing this joy makes it even more special, and I can't wait to make lasting memories together!",joy,0.9738898277282715
joy,I can't believe it—I just got the job I've always wanted! I'm over the moon right now!,surprise,0.8761155009269714,Reframe,concise and emotionally attuned,"How amazing it is to share such a joyful moment together! It sounds like both of you have found a path that truly excites you, and that shared happiness can make this experience even more special.","Absolutely! It feels wonderful to have someone to celebrate with, and it just amplifies the joy even more!",joy,0.9852601289749146
joy,I can’t believe it! This is the best day ever!,surprise,0.9128897786140442,Reframe,concise and emotionally attuned,It sounds like this day is filled with wonderful surprises; isn't it amazing how life can bring those joyful moments when we least expect them? Embracing this feeling can make it even more special.,"Absolutely! It's like a little gift from life, and I'm just soaking it all in!",joy,0.5884599089622498
joy,I can’t believe it! This is the happiest day of my life!,joy,0.5203678607940674,Reframe,concise and emotionally attuned,"That’s incredible! It sounds like this moment is truly special for both of you, a beautiful shared experience that can deepen your connection.",Absolutely! Sharing such a joyful moment just makes everything feel even more amazing!,joy,0.9304623007774353
joy,I can't believe it! This is the best day ever!,surprise,0.8765966892242432,Reframe,concise and emotionally attuned,What a beautiful feeling to share that excitement; it sounds like this moment is truly special for both of you! Embracing joy together can make it even more unforgettable.,Absolutely! It's incredible how sharing joy amplifies the experience; I just want to soak it all in!,joy,0.8758609294891357
joy,I can't believe it! This is the best day ever!,surprise,0.8765966892242432,Reframe,concise and emotionally attuned,"Wow, that sounds amazing! It’s beautiful how moments like this can truly transform our day and fill us with joy.",Absolutely! It’s like the universe aligns in the most magical way to remind us of the beauty all around us.,neutral,0.5718551874160767
joy,"I can hardly believe it—today was absolutely amazing, and I just feel so incredibly happy!",joy,0.9160439968109131,Reframe,concise and emotionally attuned,"It sounds like you’re riding the wave of a truly joyful moment; it’s wonderful to embrace such happiness and let it fill you up. Those moments can remind us of how beautiful life can be, can’t they?",Absolutely! It's like a burst of sunshine that just brightens everything up—I'm so grateful for these beautiful moments! 🌞,joy,0.9096091985702515
joy,I can't believe it! This is the best day ever!,surprise,0.8765966892242432,Reframe,concise and emotionally attuned,It sounds like you're feeling a huge wave of joy right now; that kind of excitement is precious and can be a reminder of all the wonderful moments life has to offer. Embracing this happiness can help you cherish it even more!,Absolutely! It's like a rush of sunshine—I'm just soaking it all in and loving every moment!,joy,0.9011378288269043
joy,I just found out I got the job! I can’t stop smiling!,joy,0.7617971301078796,Reframe,concise and emotionally attuned,That’s such wonderful news—your joy is shining through! It’s inspiring to see how this achievement is bringing so much happiness; it really highlights the exciting possibilities ahead for you.,Thank you so much! I’m just over the moon about it all; I can’t wait to dive into this new adventure!,joy,0.9560971260070801
joy,I can’t believe it! This is the best day ever!,surprise,0.9128897786140442,Reframe,concise and emotionally attuned,"Wow, it sounds like you're experiencing such joy right now! It's amazing how even the smallest moments can align to create such beautiful highs in our lives.","Absolutely! It's like everything is just falling into place, and I can't stop smiling!",joy,0.7976434230804443
joy,I can't believe it! I just got the news that I got the job I've been dreaming about!,surprise,0.9232781529426575,Reframe,concise and emotionally attuned,"Wow, that’s truly incredible! It's like all your hard work and passion have finally come together—this is a beautiful moment celebrating your worthy dreams coming to life.","Thank you so much! It really feels like a dream come true, and I can't wait to start this new chapter!",joy,0.9675132632255554
joy,I can’t believe it! This is the best day ever!,surprise,0.9128897786140442,Reframe,concise and emotionally attuned,It sounds like you’re feeling an incredible rush of joy right now; it’s amazing how moments like these can make everything feel perfect and full of possibility. What a beautiful experience to cherish!,"Absolutely! It’s like everything just aligns perfectly, and I want to hold onto this feeling forever!",neutral,0.507948637008667
joy,I can't believe it! This is the happiest I've felt in such a long time!,joy,0.8923892378807068,Reframe,concise and emotionally attuned,It sounds like a beautiful moment of connection and joy for both of you; maybe this happiness can be a reminder of the strength of your bond and the bright possibilities ahead. Embracing these feelings together can deepen your relationship even more.,"Absolutely! It truly feels like we’ve created something special together, and I’m excited to see where this happiness takes us next!",joy,0.9541066884994507
joy,I can’t believe it! This is the happiest moment of my life!,surprise,0.5029401779174805,Reframe,concise and emotionally attuned,It’s wonderful to share such joy together; it sounds like you both have created a beautiful memory that will always bring you happiness! Celebrating these moments can really deepen your connection.,Absolutely! It feels even more special knowing we can cherish this memory together and strengthen our bond.,joy,0.9529747366905212
joy,I can't believe it! This is the best day ever!,surprise,0.8765966892242432,Reframe,concise and emotionally attuned,It sounds like you’re both feeling an incredible surge of joy together—what a beautiful moment to share! It’s wonderful how such experiences can deepen your connection.,"Absolutely! Moments like these just bring us closer, and I’m soaking in every bit of this happiness!",joy,0.9310556054115295
joy,I can't believe it! This is the best day ever!,surprise,0.8765966892242432,Reframe,concise and emotionally attuned,It sounds like your partner's excitement perfectly reflects the joy you're feeling too; sharing such wonderful moments can really deepen your connection. Embracing this shared happiness can make the day even more special!,Absolutely! It's so uplifting to share this joy—it feels like our happiness just multiplies together!,joy,0.9861592650413513
joy,I just found out I got the job—I can’t stop smiling!,joy,0.8022809028625488,Reframe,concise and emotionally attuned,"That's such wonderful news! It’s amazing to see your hard work pay off, and this moment of joy is a beautiful reflection of all you've achieved—let yourself bask in it!","Thank you! It feels incredible to have all that effort recognized, and I’m definitely soaking in this happiness!",surprise,0.4794754981994629
joy,I can't believe it! This moment is absolutely perfect!,surprise,0.9111454486846924,Reframe,concise and emotionally attuned,It’s truly beautiful when we find ourselves in such perfect moments; they remind us how special and rare these experiences can be. Embracing this joy can make it even more memorable.,"Absolutely, it’s these moments that fill our hearts with joy and gratitude! Let’s cherish every second of it together!",joy,0.9165352582931519
joy,I can't believe it! This is the best day ever!,surprise,0.8765966892242432,Affirm,concise and emotionally attuned,"That's incredible to hear! Your enthusiasm is infectious, and it’s wonderful that you’re experiencing such joy—celebrate every moment!",Thank you! I’m just riding this wave of happiness and soaking in every second—everything feels so bright today!,joy,0.9749518036842346
joy,"I just found out I got the job, and I can't stop smiling!",joy,0.8378962874412537,Affirm,concise and emotionally attuned,"That’s amazing news! Your hard work truly paid off, and it’s wonderful to see your efforts recognized. Enjoy this joyful moment!",Thank you so much! I feel like I'm on cloud nine right now—it's such a thrilling moment!,joy,0.9909239411354065
joy,I can’t believe I finally did it! I’m so incredibly happy right now!,surprise,0.4899108409881592,Affirm,concise and emotionally attuned,"That's amazing! Your hard work and determination truly shine through, and it's wonderful to see you feeling this joy—you absolutely deserve it!","Thank you so much! Your support means the world to me, and I’m just soaking in every moment of this happiness!",joy,0.9705657958984375
joy,I can't believe it—I just got the job I applied for! I'm so incredibly happy right now!,joy,0.7985652089118958,Affirm,concise and emotionally attuned,"That's amazing! Your hard work and determination truly paid off, and it's wonderful to see your efforts recognized—celebrate this incredible achievement!","Thank you so much! I feel like all the late nights and effort were totally worth it, and I can’t wait to celebrate this win!",joy,0.9711905717849731
joy,I can’t believe it! Everything just feels so wonderfully perfect right now!,surprise,0.6748677492141724,Affirm,concise and emotionally attuned,It’s wonderful to hear your joy and excitement shining through! Your ability to embrace these perfect moments truly reflects your warm and positive spirit.,"Thank you so much! It means a lot to share this joy, and I’m just soaking in every beautiful moment!",joy,0.9861086010932922
joy,I just found out I got the job I've been dreaming of! I can't stop smiling!,joy,0.7352862358093262,Affirm,concise and emotionally attuned,"That's incredible news! Your hard work and determination truly paid off, and you absolutely deserve this joy—celebrate every moment of it!","Thank you so much! I feel on top of the world, and I can't wait to celebrate this amazing milestone!",joy,0.9309544563293457
joy,"I just found out I got the job, and I can’t stop smiling!",joy,0.7862244844436646,Affirm,concise and emotionally attuned,"That's amazing news! Your hard work and determination really paid off, and it's wonderful to see your joy shining through—celebrate this well-deserved success!",Thank you so much! I can hardly believe it—I'm definitely going to soak in this joy and celebrate!,joy,0.9778214693069458
joy,"I just found out I got the job, and I couldn't be happier!",joy,0.6892396807670593,Affirm,concise and emotionally attuned,That's absolutely amazing news! Your hard work and determination really paid off—celebrate this incredible achievement!,Thank you so much! I’m definitely going to take a moment to celebrate this special milestone!,joy,0.9551722407341003
joy,I can’t believe it! This is the best day ever!,surprise,0.9128897786140442,Affirm,concise and emotionally attuned,"That’s incredible! Your excitement is so contagious, and it’s wonderful to see you experience such joy—what a special moment for you!","Thank you! It really feels like a dream come true, and I'm so happy to share this moment with you!",joy,0.9894658327102661
joy,I can't believe I finally did it! I'm just so incredibly happy right now!,surprise,0.5877454280853271,Affirm,concise and emotionally attuned,"That’s amazing! Your hard work and determination really paid off, and you have every right to celebrate this incredible achievement!","Thank you! It feels even better knowing that my efforts are recognized, and I can’t wait to celebrate!",joy,0.9831725358963013
joy,I just got the best news ever—I'm beyond thrilled!,joy,0.8177333474159241,Affirm,concise and emotionally attuned,"That’s absolutely amazing! Your excitement is truly contagious, and it's wonderful to see you so happy—what a fantastic moment for you!",Thank you so much! I just can't help but share my joy—it's such an incredible feeling!,joy,0.9754508137702942
joy,"I can't believe it! Today has been absolutely amazing, and I feel so happy!",joy,0.9475470185279846,Affirm,concise and emotionally attuned,That's wonderful to hear! Your ability to embrace joy and share your happiness is truly inspiring.,"Thank you so much! It feels incredible to spread that joy, and I’m just riding this wave of happiness!",joy,0.7798057794570923
joy,"I just got the news that I got the job, and I can't stop smiling!",joy,0.9472811818122864,Affirm,concise and emotionally attuned,"That's absolutely fantastic news! Your hard work and perseverance have truly paid off, and your joy is so inspiring!",Thank you! I’m just bubbling with excitement—it's amazing to see all that effort finally turning into something wonderful!,joy,0.777118980884552
joy,I just found out I'm going to be an aunt! I can’t stop smiling!,joy,0.7215791344642639,Affirm,concise and emotionally attuned,That’s absolutely wonderful news! Your excitement and joy are infectious—it's clear you’re going to be a fantastic aunt!,"Thank you so much! I’m over the moon, and I can’t wait to spoil the little one with love and fun!",joy,0.9802670478820801
joy,I can't believe it! This is the best day ever!,surprise,0.8765966892242432,Affirm,concise and emotionally attuned,"Wow, it's amazing to hear such joy in your voice! Your excitement is contagious, and it shows your ability to truly appreciate the wonderful moments in life.","Thank you so much! It really is a day to remember, and I'm just soaking in every bit of happiness!",joy,0.9511604309082031
joy,I can't believe it! This is the happiest moment of my life!,joy,0.5224328637123108,Affirm,concise and emotionally attuned,"That’s absolutely incredible! Your joy is so contagious, and it’s wonderful to see you embracing this moment with such enthusiasm!",Thank you so much! I can't help but share this joy—it's like a spark that just lights everything up!,joy,0.970722496509552
joy,I can't believe it! This is the best day ever!,surprise,0.8765966892242432,Affirm,concise and emotionally attuned,"That’s incredible! Your joy is so infectious, and it’s wonderful to see you so happy—what a beautiful moment to celebrate!","Thank you so much! I feel like I'm on cloud nine, and sharing this joy makes it even better!",joy,0.9791144132614136
joy,I can't believe it—I just got the job I was dreaming of! I'm so excited!,surprise,0.8247982263565063,Affirm,concise and emotionally attuned,"That’s incredible news! Your hard work and determination truly paid off, and you deserve this moment of joy—celebrate your achievement!",Thank you so much! I really appreciate your kind words and support—I'm definitely going to celebrate this milestone!,joy,0.9750658869743347
joy,"I can't believe it! Everything feels so perfect today, and I just want to share this happiness with everyone!",joy,0.6885459423065186,Affirm,concise and emotionally attuned,"It’s wonderful to hear your joy radiating so brightly! Your enthusiasm is contagious, and sharing that happiness truly lights up the room for everyone around you.",Thank you so much! It makes me even happier to know that my joy can uplift others—let's keep spreading that positivity together!,joy,0.9885813593864441
joy,I can’t believe I finally did it! I feel like I’m floating on cloud nine right now!,surprise,0.9503884315490723,Affirm,concise and emotionally attuned,"That’s incredible! Your hard work and determination have truly paid off, and you deserve to celebrate this amazing achievement!","Thank you so much! It means the world to hear that, and I can't wait to celebrate this moment!",joy,0.9648581743240356
joy,I can hardly believe it—today is the best day ever!,surprise,0.8784135580062866,Guide,concise and emotionally attuned,That’s amazing! Celebrate this great day together—maybe plan a fun activity or share what made today special for each of you. Enjoy the joy!,Absolutely! I'm so excited to share all the little moments that made today unforgettable. Let’s plan something fun to keep this joy rolling!,joy,0.9144948124885559
joy,I can’t believe it! This is the happiest day of my life!,joy,0.5203678607940674,Guide,concise and emotionally attuned,That’s absolutely wonderful! Celebrate this moment together by doing something special—maybe share a favorite meal or create a memorable keepsake that captures this joy. Enjoy every second!,Thank you! I love that idea; sharing a special meal sounds perfect! I just want to soak in every moment of this joy!,joy,0.9820573329925537
joy,I can't believe it! This is the best day ever!,surprise,0.8765966892242432,Guide,concise and emotionally attuned,That's fantastic to hear! Celebrate this moment together—maybe plan a fun activity or treat to keep the excitement going and share what made today so special!,Absolutely! I’m thinking of a little celebration with friends—there’s so much joy to share! 🎉,joy,0.9776301383972168
joy,I can hardly believe it—this is the best day ever!,surprise,0.8847408890724182,Guide,concise and emotionally attuned,That's incredible! Take a moment to soak it all in—maybe celebrate together or share what makes today so special. Enjoy every bit of this joy!,Thank you! I’m absolutely soaked in happiness right now; it feels like a dream come true! Let’s definitely celebrate!,joy,0.9402230381965637
joy,I just found out I got the job I wanted—I'm so incredibly excited!,joy,0.7942404747009277,Guide,concise and emotionally attuned,That’s wonderful news! Celebrate your achievements together—consider planning a small celebration or a special dinner to share your excitement and support each other in this new chapter.,Thank you! That sounds like a fantastic idea—I can’t wait to celebrate this milestone and share it with loved ones!,joy,0.9639685153961182
joy,I can't believe we won! This is the best moment ever!,surprise,0.9092165231704712,Guide,concise and emotionally attuned,"That’s amazing! Celebrate this victory together by sharing a special moment, like taking a victory photo or planning a fun outing to honor your achievement!",Absolutely! I love that idea—let's capture this moment and make some unforgettable memories together! 🎉,joy,0.8041942119598389
joy,I can't believe I finally did it! This feels amazing!,surprise,0.9305340647697449,Guide,concise and emotionally attuned,That’s incredible! Celebrate this achievement together—maybe plan a little treat or a special outing to mark the moment and share your joy!,"Yes, a celebration sounds perfect! I’m so excited to share this moment and make it even more memorable!",joy,0.9624701738357544
joy,I can't believe it—this is the best day ever! I'm just so happy right now!,joy,0.7507565021514893,Guide,concise and emotionally attuned,That’s wonderful to hear! Celebrate this joyful moment together—maybe take a moment to share what makes today so special for both of you. Enjoy the happiness!,"Thank you! Today feels magical because I achieved a big personal goal, and I’m surrounded by amazing people who make it even better!",joy,0.8597832918167114
joy,I can hardly believe it—today is the best day ever! I'm just bursting with happiness!,surprise,0.7384379506111145,Guide,concise and emotionally attuned,That’s amazing to hear! Take a moment to celebrate this joy—maybe share a little more about what made your day so special or treat yourself to something you love!,"Thank you! I actually got some fantastic news that I’ve been waiting for, and it feels like a dream come true! I'm definitely going to treat myself to my favorite dessert later!",joy,0.8303301334381104
joy,I can't believe it! This day just keeps getting better and better!,surprise,0.921524167060852,Guide,concise and emotionally attuned,It sounds like you're both having an amazing time! Take a moment to celebrate this joy together—maybe share what’s making the day so great for each of you!,"Thank you! We’re definitely soaking it all in—just found out we won a little contest, and the excitement is contagious!",joy,0.8464942574501038
joy,I just heard the best news! I can’t stop smiling!,joy,0.911120593547821,Guide,concise and emotionally attuned,That's amazing! Take a moment to celebrate your joy—share this exciting news with someone close or plan a small way to treat yourself to keep that smile shining!,Thank you! I love that idea—celebrating feels so good! I'll definitely share the news and treat myself a little. 😊,joy,0.9821217060089111
joy,I can’t believe it’s finally happening! I’m so incredibly happy right now!,joy,0.5820490717887878,Guide,concise and emotionally attuned,That’s wonderful to hear! Take a moment to soak in this joy—maybe celebrate together with a special treat or a heartfelt conversation about your happiness.,Thank you! I love that idea; a little celebration sounds perfect to really embrace this moment!,joy,0.9639664888381958
joy,I just found out I got the job I wanted! I can’t stop smiling!,joy,0.7951715588569641,Guide,concise and emotionally attuned,That’s amazing news! Celebrate this achievement together—maybe plan a small outing or treat to share in the joy and mark this new chapter!,"Absolutely! I’m so excited to celebrate this milestone, and a small outing sounds perfect—let’s make it special!",joy,0.9584696888923645
joy,I can't believe it! This is the best day ever!,surprise,0.8765966892242432,Guide,concise and emotionally attuned,That’s wonderful to hear! Take a moment to celebrate together—share what made it so special and consider planning a fun activity to cherish the day even more.,"Absolutely! I just got amazing news that I've been waiting for, and I can't wait to share it with everyone! Let’s definitely plan something fun to celebrate! 🎉",joy,0.8378833532333374
joy,I can’t believe I finally got the job! I’m so happy right now!,joy,0.6564081311225891,Guide,concise and emotionally attuned,"That’s amazing news—congratulations! Take a moment to celebrate this achievement with your partner, maybe plan a small outing together to mark the occasion and share in the joy!",Thank you so much! I love that idea; a little outing sounds perfect to celebrate this exciting new chapter together!,joy,0.9705833196640015
joy,"I can't believe it! I just won that contest, and I feel on top of the world!",surprise,0.8534166812896729,Guide,concise and emotionally attuned,"That’s amazing—congratulations! Take a moment to celebrate your win, then consider sharing your excitement with friends or family; their support will enhance this joyful experience!",Thank you so much! I definitely plan to share the news and celebrate with everyone—I can’t wait to spread the joy!,joy,0.9834965467453003
joy,I just found out I got the job I’ve always wanted—I'm over the moon!,surprise,0.7687629461288452,Guide,concise and emotionally attuned,That’s incredible news for both of you! Consider celebrating together—maybe plan a special dinner or a fun outing to mark this exciting milestone in your lives.,Thank you! I love that idea—celebrating together sounds perfect!,joy,0.9718154668807983
joy,I can't believe it! This is the best day ever!,surprise,0.8765966892242432,Guide,concise and emotionally attuned,That’s amazing! Celebrate this joyful moment together—share what makes today so special for each of you and create lasting memories!,"Absolutely! I just got some fantastic news that I've been waiting for, and I can't stop smiling! Let's make some incredible memories today!",joy,0.934507429599762
joy,I can’t believe we won! This is the best day ever!,surprise,0.918362021446228,Guide,concise and emotionally attuned,That's amazing to hear! Celebrate this victory together—maybe plan a fun activity or treat to really savor the moment!,Absolutely! Let’s definitely plan something special to celebrate—this victory deserves a memorable celebration! 🎉,joy,0.6041744351387024
joy,I just got the job I’ve been dreaming about! I can’t stop smiling!,joy,0.8804113864898682,Guide,concise and emotionally attuned,That’s fantastic news—congratulations! Take a moment to celebrate this achievement with your partner; perhaps enjoy a special meal together or plan a small outing to mark this exciting new chapter!,Thank you so much! I can't wait to celebrate together; it feels amazing to share this happiness!,surprise,0.7296270728111267
joy,I can't believe it! This is the best day ever!,surprise,0.8765966892242432,Normalize,concise and emotionally attuned,"It's amazing to hear that you're both feeling that joy together! Many people share those moments of pure happiness, and it’s wonderful to celebrate them.",Absolutely! There’s something magical about sharing those joyful moments—it makes everything feel even more special!,joy,0.9775128960609436
joy,I can hardly believe it—I just found out I'm going to be an aunt!,surprise,0.9444541931152344,Normalize,concise and emotionally attuned,"That’s such exciting news! Many people feel a whirlwind of emotions when they find out about a new addition to the family, and it's completely normal to be overwhelmed with joy and anticipation right now.",Absolutely! I’m just bursting with joy and can’t wait to welcome this little one into the family!,joy,0.9845303297042847
joy,I just found out I got the job! I can't stop smiling!,joy,0.7871317863464355,Normalize,concise and emotionally attuned,"That's incredible news, and it’s completely normal to feel overjoyed in this moment! Many people experience that same rush of happiness when achieving something they've worked hard for.",Thank you! I just feel so fulfilled knowing my efforts have paid off. I can't wait to start this new journey!,joy,0.9925094842910767
joy,I can't believe we finally did it! This feels absolutely amazing!,surprise,0.9148331880569458,Normalize,concise and emotionally attuned,"It's so wonderful to share that feeling of accomplishment with someone you care about! Many people feel an incredible sense of joy and disbelief when they achieve a big goal, and it's perfectly normal to celebrate that excitement together.",Absolutely! Celebrating this journey together makes it even more special—I'm so grateful to have you by my side!,joy,0.9338162541389465
joy,"I just received the job offer, and I can't stop smiling!",joy,0.9692336916923523,Normalize,concise and emotionally attuned,"That’s such exciting news! Many people feel an overwhelming sense of joy when they receive a job offer, and it’s completely normal to want to share that happiness.",Thank you! It really does feel amazing to share this joy—I'm just so grateful for the opportunity!,surprise,0.9274410605430603
joy,"I just got the news, and I can’t stop smiling! Everything feels so wonderful right now!",joy,0.9859678745269775,Normalize,concise and emotionally attuned,"It’s amazing to hear you’re feeling this way! Many people share those moments of pure joy, and it’s such a beautiful experience to celebrate together.",Absolutely! Sharing this joy makes it even more special. I'm just soaking it all in!,joy,0.9450713992118835
joy,I can't believe it! This is the happiest I've felt in such a long time!,joy,0.8923892378807068,Normalize,concise and emotionally attuned,It's wonderful to hear you both feel such deep happiness together—so many people long for that connection and joy. It's special to share those uplifting moments with someone who truly understands.,"Absolutely! Those moments feel like pure magic, and I’m just so grateful to experience that kind of joy with someone special!",joy,0.9229057431221008
joy,I can’t believe it! I’m so excited I could burst!,surprise,0.7539087533950806,Normalize,concise and emotionally attuned,"It's wonderful to hear you feel that way—many people share those intense moments of excitement, and it’s completely valid to feel like you could burst! Your joy is truly contagious!",Thank you! It really means a lot to hear that—I'm just riding this wave of excitement and loving every moment of it!,joy,0.9762513041496277
joy,I just got news that I got the job! I can hardly contain my excitement!,joy,0.6357470750808716,Normalize,concise and emotionally attuned,"That’s incredible news! It’s so exciting to share such a big moment, and it’s totally normal to feel a rush of joy like that—many people feel the same way when they achieve something they’ve worked hard for.","Thank you! It really feels amazing to have my hard work pay off, and I can't wait to dive into this new adventure!",joy,0.7514702677726746
joy,I can't believe we did it! I'm so happy right now!,joy,0.8026760816574097,Normalize,concise and emotionally attuned,It’s incredible to share this joy with someone who feels the same way! Many people can relate to that overwhelming happiness when achieving something meaningful together.,Absolutely! It feels amazing to connect with someone who understands this joy; it makes the moment even more special!,surprise,0.5685902833938599
joy,I can't believe it! This is the happiest day of my life!,joy,0.5745689272880554,Normalize,concise and emotionally attuned,It’s incredible to feel such joy and excitement—so many people experience those moments when everything just feels perfect. Sharing that happiness can really make it even more special!,Absolutely! It's like a beautiful burst of celebration that’s even brighter when you can share it with others. I’m just glowing with happiness!,joy,0.960098922252655
joy,I just found out I got the job—I’m so thrilled!,joy,0.9259069561958313,Normalize,concise and emotionally attuned,"That’s fantastic news—congratulations! It’s amazing to share this excitement, knowing many people feel that same joy when they achieve something they’ve worked hard for.",Thank you so much! It really means a lot to share this moment of joy with you—I'm so grateful for your support!,joy,0.9718524813652039
joy,I can't believe it! This is the happiest day of my life!,joy,0.5745689272880554,Normalize,concise and emotionally attuned,"It’s amazing to feel such joy and excitement! Many people experience these incredible highs, and it's a beautiful thing to share that happiness with someone special.","Absolutely! Sharing this joy makes it even more special, and I’m so grateful to have someone to celebrate with!",joy,0.9474279880523682
joy,I can’t believe it! This day just keeps getting better and better!,surprise,0.9207916259765625,Normalize,concise and emotionally attuned,It sounds like you’re feeling really overwhelmed and surprised in a positive way—many people find themselves on a rollercoaster of emotions during moments like these. It’s completely natural to feel conflicted or ecstatic when things take unexpected turns!,"Absolutely! It’s like everything is coming together in the most amazing way, and I’m just riding the wave of excitement!",surprise,0.6034289002418518
joy,I just got the news—I'm so incredibly happy right now!,joy,0.9603124856948853,Normalize,concise and emotionally attuned,"It's wonderful to hear you're feeling so happy right now! Many people experience those intense moments of joy, and it's completely okay to celebrate this feeling.","Thank you! It really is such a special moment, and I just want to bask in this joy for a little while longer!",joy,0.9848751425743103
joy,I can't believe it—we won the game! I’m so excited!,surprise,0.7976858019828796,Normalize,concise and emotionally attuned,"It's such an amazing feeling to share that excitement with your partner! Winning can really bring out those joyful emotions, and it's great to celebrate together.","Absolutely! Celebrating those moments together makes it even more special, and I couldn't be happier sharing this joy with them!",joy,0.9744105935096741
joy,I can't believe it! This is the best news I've gotten all year!,surprise,0.9354320764541626,Normalize,concise and emotionally attuned,It’s incredible to hear such joy! Many people feel the same rush when they receive great news—it’s like a burst of hope and excitement that we all cherish.,Absolutely! It’s like we’re all connected in this wave of positivity—it's so uplifting!,joy,0.9580694437026978
joy,I just found out I got the job! I can’t stop smiling!,joy,0.7617971301078796,Normalize,concise and emotionally attuned,"That’s amazing news! It’s such a wonderful feeling to achieve something you've worked for, and it’s so common to feel like you’re on cloud nine in moments like this. Celebrate your joy!",Thank you so much! I really can’t wait to celebrate this milestone—feels like a dream come true!,joy,0.9718716144561768
joy,I can't believe it! This is the best day ever!,surprise,0.8765966892242432,Normalize,concise and emotionally attuned,It sounds like you're both feeling an incredible sense of joy right now—it’s truly special to share such moments with someone who feels the same way! These feelings of excitement and happiness are so beautiful to experience together.,Absolutely! Sharing this joy makes it even more special; it's like our happiness multiplies when we celebrate it together!,joy,0.9439270496368408
joy,I can't believe it! This is the best day ever!,surprise,0.8765966892242432,Normalize,concise and emotionally attuned,It's incredible how moments like these can feel so overwhelming in the best way; many people experience that pure joy when everything falls into place. You're definitely not alone in celebrating such a special day!,Absolutely! It's like a wave of happiness washing over us; I want to hold onto this feeling forever!,joy,0.8681895732879639
joy,I can’t believe I finally did it! I’m so happy right now!,joy,0.5130341649055481,baseline,concise and emotionally attuned,That’s amazing! I’m so proud of you and thrilled to hear how happy you are! Celebrate this moment!,Thank you so much! I’m definitely going to celebrate—I feel like I’m on top of the world!,joy,0.9726620316505432
joy,I can hardly believe it—I just found out I'm going to be an aunt! I’m so excited!,surprise,0.8535590767860413,baseline,concise and emotionally attuned,That's wonderful news! Being an aunt is such a special role. Congratulations; I'm so excited for you!,Thank you so much! I can't wait to welcome this little one into the world and make amazing memories together!,joy,0.9394795298576355
joy,I just got the news that I got the job! I can't stop smiling!,joy,0.9401648044586182,baseline,concise and emotionally attuned,That's amazing! I'm so happy for you—your hard work really paid off. You deserve this celebration!,Thank you so much! Your support means the world to me—I can't wait to celebrate together!,joy,0.9721047878265381
joy,I just found out I got the job! I can't stop smiling!,joy,0.7871317863464355,baseline,concise and emotionally attuned,That's amazing news! I'm so happy for you—it’s a huge accomplishment! Enjoy every moment of your celebration! 🎉,Thank you so much! I really appreciate your support—I'm definitely going to savor every moment of this joy! 🎉😊,joy,0.9876292943954468
joy,I can't believe it; I just won the contest! I'm absolutely thrilled!,surprise,0.6427208781242371,baseline,concise and emotionally attuned,That’s amazing! I’m so happy for you! Your hard work really paid off!,"Thank you so much! It feels incredible to have my efforts recognized, and your support means the world to me!",surprise,0.7005071043968201
joy,I can't believe it! This is the best day ever!,surprise,0.8765966892242432,baseline,concise and emotionally attuned,That's amazing! I'm so glad you're feeling this way. Enjoy every moment of it!,Thank you! I’m just soaking it all in and loving every second!,joy,0.8904674053192139
joy,I can’t believe it! This is the happiest day of my life!,joy,0.5203678607940674,baseline,concise and emotionally attuned,That's wonderful to hear! I'm so happy for you—your joy is truly contagious!,Thank you so much! It means the world to share this happiness with you!,joy,0.9611061811447144
joy,I can’t believe it! This is the best day ever!,surprise,0.9128897786140442,baseline,concise and emotionally attuned,That’s amazing! I’m so happy to hear you’re feeling this way. Enjoy every moment!,Thank you so much! I plan to soak it all in—this joy is too good to let slip away!,joy,0.979949951171875
joy,"I just found out I got the job, and I can't stop smiling!",joy,0.8378962874412537,baseline,concise and emotionally attuned,That’s fantastic news! I’m so happy for you—your hard work paid off! Enjoy every moment of this achievement!,Thank you so much! I'm on cloud nine right now—it's such a wonderful feeling to see my efforts recognized!,joy,0.9897035956382751
joy,I just found out I got the job! I can’t stop smiling!,joy,0.7617971301078796,baseline,concise and emotionally attuned,That's amazing! Congratulations on the job! I’m so happy for you and can’t wait to celebrate!,"Thank you so much! I'm over the moon, and I can't wait to celebrate together! 🎉",joy,0.9655411243438721
joy,I can't believe it! This day just keeps getting better and better!,surprise,0.921524167060852,baseline,concise and emotionally attuned,That's amazing to hear! It sounds like some wonderful things are happening for you today. I'm really happy for you!,Thank you so much! I’m just riding this wave of good vibes and it feels incredible!,surprise,0.7021655440330505
joy,I can't believe it! This is the happiest moment of my life!,joy,0.5224328637123108,baseline,concise and emotionally attuned,That’s amazing! I’m so happy for you—enjoy every moment!,Thank you so much! I’m soaking it all in and truly cherishing every second!,joy,0.9351407289505005
joy,I can’t believe we won! This is the best day ever!,surprise,0.918362021446228,baseline,concise and emotionally attuned,That’s amazing! I'm so happy for you—enjoy every moment of this victory!,"Thank you so much! I really will; it's such a sweet moment, and I’m just soaking it all in!",joy,0.9764251112937927
joy,I can't believe how amazing today has been! I feel so incredibly happy right now!,joy,0.9261192083358765,baseline,concise and emotionally attuned,That’s wonderful to hear! Your happiness is so contagious—I'm really glad you're having such an amazing day!,Thank you so much! It means a lot to share this joy with you—let’s keep the good vibes going!,joy,0.9717267751693726
joy,I just found out I got the job! I can't stop smiling!,joy,0.7871317863464355,baseline,concise and emotionally attuned,"That's wonderful news! Congratulations! You deserve this happiness, and I’m so proud of you!","Thank you so much! Your support means the world to me, and I can't wait to start this new adventure!",joy,0.9692213535308838
joy,I can't believe it! This is the best day ever!,surprise,0.8765966892242432,baseline,concise and emotionally attuned,That’s amazing! I’m so glad you’re having such a fantastic day. You deserve it!,Thank you so much! Your support makes it even more special—I just can't stop smiling!,joy,0.9523123502731323
joy,I can't believe we won! This is the happiest I've felt in ages!,joy,0.742611289024353,baseline,concise and emotionally attuned,That's amazing! I'm so happy for you and can feel your excitement. You truly deserve this joy!,"Thank you so much! Your support means the world to me, and I’m just so thrilled to share this moment with you!",joy,0.971687376499176
joy,I can’t believe we finally did it! This is the happiest moment of my life!,surprise,0.688572347164154,baseline,concise and emotionally attuned,"I'm so happy for you! This moment is truly special, and you deserve every bit of joy.",Thank you so much! It means the world to have your support in this incredible moment!,joy,0.8703038096427917
joy,I can't believe we did it! This is the happiest moment of my life!,surprise,0.5342642664909363,baseline,concise and emotionally attuned,Congratulations! That’s incredible to hear! I’m so happy for you and can feel your joy. You truly deserve this moment.,"Thank you so much! Your support means the world to me, and I’m really soaking in every second of this joy!",joy,0.982867956161499
joy,I just found out I got the job I’ve been dreaming about! I can’t stop smiling!,joy,0.7150779366493225,baseline,concise and emotionally attuned,That's amazing! I'm so happy for you! You’ve worked so hard for this – you deserve every bit of that joy. Celebrate this moment!,Thank you so much! I really appreciate your kind words; it feels incredible to see hard work pay off! 🎉,joy,0.6157623529434204
neutral,"I’m just going about my day, nothing particularly exciting is happening right now.",neutral,0.5864265561103821,Validate,concise and emotionally attuned,It sounds like you might be feeling a bit indifferent or maybe even a bit bored with how things are going. It's completely okay to have days that feel uneventful.,"Yeah, it's true. Some days are just quieter than others, and I guess that’s part of the routine.",neutral,0.9308486580848694
neutral,I just finished my lunch and I'm getting back to work now.,neutral,0.6965211629867554,Validate,concise and emotionally attuned,"It sounds like you're transitioning back to work after a break, which can be a bit challenging. It's great that you've taken a moment for yourself with lunch!","Thanks! It was nice to take a little break. Now, I'm just focusing on getting back into the workflow.",joy,0.9136157631874084
neutral,I just had lunch and now I'm ready to get back to work.,neutral,0.7096052169799805,Validate,concise and emotionally attuned,"It sounds like you're feeling energized and motivated after lunch, ready to dive back into your tasks. That’s great to hear!","Absolutely, I’m feeling refreshed and ready to tackle my to-do list. Let’s see how much I can get done!",joy,0.9411771297454834
neutral,"I just finished my report, and now I'm ready to move on to the next task.",neutral,0.7371640205383301,Validate,concise and emotionally attuned,It sounds like you're feeling accomplished and eager to dive into what's next. That sense of readiness is really exciting!,"Absolutely, I do feel accomplished, and I'm looking forward to tackling whatever comes next! It’s nice to have that momentum going.",joy,0.9857288599014282
neutral,"I’m just here, ready to help with whatever you need.",neutral,0.8640018701553345,Validate,concise and emotionally attuned,"It sounds like you’re feeling really supportive and eager to lend a hand, which is so thoughtful of you. Your willingness to help is truly appreciated.","Thank you! I really believe in being there for others, and I'm glad it resonates with you. What can I assist you with today?",joy,0.9672209620475769
neutral,"I’m just here, taking it all in.",neutral,0.9168139100074768,Validate,concise and emotionally attuned,"It sounds like you’re really present in the moment, just absorbing everything around you. That can feel both peaceful and overwhelming at times.","Absolutely, it can be a mix of serenity and intensity. I think it’s about finding balance in that experience.",joy,0.6462376713752747
neutral,I just finished my lunch and now I'm getting back to work.,neutral,0.5924387574195862,Validate,concise and emotionally attuned,It sounds like you're feeling ready to dive back into your tasks after a break. I can imagine it feels good to recharge before tackling your work again.,"Definitely! Taking that little break helps clear my mind, and I'm feeling much more focused now. Ready to get things done!",joy,0.8793155550956726
neutral,"I’m just here, taking things as they come.",neutral,0.9666827321052551,Validate,concise and emotionally attuned,It sounds like you're feeling a sense of acceptance in the moment. That can be a really grounding place to be.,"Yeah, it does feel grounding. Just trying to navigate what's in front of me without getting too caught up.",neutral,0.6308763027191162
neutral,I just finished my work for the day and now I'm scanning through my emails.,neutral,0.8072940111160278,Validate,concise and emotionally attuned,It sounds like you’re wrapping up your day and trying to catch up on everything. That can feel overwhelming at times.,"Yeah, it can definitely pile up. I'm trying to stay focused and tackle one thing at a time.",neutral,0.8814717531204224
neutral,"I’m just going through my day, nothing particularly exciting happening right now.",neutral,0.48481810092926025,Validate,concise and emotionally attuned,It sounds like you're feeling a bit stuck or unenthused with the routine of your day. That can really weigh on you sometimes.,"Yeah, it can feel like that sometimes. I'm hoping for something to break the monotony soon.",neutral,0.7780085206031799
neutral,I just finished my coffee and I'm getting ready to start the day.,neutral,0.7838017344474792,Validate,concise and emotionally attuned,"It sounds like you're settling into your day, feeling ready and focused after that coffee. That's a nice way to kick things off!",Absolutely! That caffeine boost really helps me feel more alert and prepared to tackle whatever comes my way.,neutral,0.5711536407470703
neutral,"I’m just going about my day, nothing too exciting happening right now.",neutral,0.5339632034301758,Validate,concise and emotionally attuned,"It sounds like your partner is feeling a bit mundane about their day, and that can really make things feel slow. It's okay to have those moments where nothing feels particularly thrilling.","Yeah, it can definitely feel that way sometimes. It's nice to have a little excitement, but there's also something soothing about a quiet day.",joy,0.7105620503425598
neutral,I finished my work for the day and I'm just going to relax for a bit.,joy,0.6468971371650696,Validate,concise and emotionally attuned,It sounds like you’re really looking forward to some well-deserved relaxation after a busy day. That must feel really nice!,"Yes, it does feel nice. I'm looking forward to unwinding and taking a moment for myself.",joy,0.97386234998703
neutral,I just finished my work for the day and I'm ready to relax a bit.,joy,0.6851747035980225,Validate,concise and emotionally attuned,It sounds like you’ve had a full day and are looking forward to some well-deserved relaxation. That feeling of unwinding after a long day is so important.,"Absolutely, it really helps to recharge and clear my mind. Do you have any favorite ways to unwind after a busy day?",neutral,0.745947003364563
neutral,I just got back from the store. It was a typical outing.,neutral,0.8325766921043396,Validate,concise and emotionally attuned,"It sounds like the trip was routine for you, which can feel both comforting and a little mundane at the same time. It’s okay to feel that way about everyday experiences.","Absolutely, there's a certain comfort in routine, even if it can feel a bit dull sometimes. It's nice to have those familiar moments, though.",sadness,0.8615070581436157
neutral,"I’m just going through my day as usual, nothing much to report.",neutral,0.7872111797332764,Validate,concise and emotionally attuned,It sounds like you’re feeling a bit routine and maybe even a bit indifferent about your day. That can be a heavy feeling sometimes.,"Yeah, it’s a bit of a monotonous stretch. I appreciate you noticing; it does have its weight.",joy,0.5722823739051819
neutral,I just finished my lunch and I'm getting back to work now.,neutral,0.6965211629867554,Validate,concise and emotionally attuned,"It sounds like you're transitioning back into work mode after a break, which can feel a bit tough sometimes. I can sense that shift in your routine—it's understandable to want to savor that downtime!","You're right; it can be hard to let go of that break. I'm trying to ease back into things smoothly, though!",neutral,0.30637919902801514
neutral,I have no strong feelings about it either way; I think I could go along with whatever happens.,neutral,0.8083257079124451,Validate,concise and emotionally attuned,"It sounds like your partner is feeling pretty neutral about the situation, which can sometimes bring a sense of relief or openness. It’s okay to feel that way; it’s all part of navigating decisions together.","Absolutely, it does create a sense of balance. I'm just looking forward to seeing how it all unfolds together.",neutral,0.9387120604515076
neutral,I just finished my work for the day and now I'm thinking about what to have for dinner.,neutral,0.8435050249099731,Validate,concise and emotionally attuned,It sounds like you're wrapping up a long day and transitioning to a more relaxed evening. It's completely normal to feel that mix of satisfaction and contemplation about dinner.,"Exactly, it feels good to complete the work but now I just need to figure out something tasty. Any dinner suggestions?",joy,0.6559826731681824
neutral,"I’m just sitting here, taking it all in without much on my mind.",neutral,0.9113821983337402,Validate,concise and emotionally attuned,"It sounds like you’re in a reflective space, taking the time to just be present. That can feel both calming and overwhelming at the same time.","Absolutely, it's a mix of calm and a bit of introspection. It's nice to pause and feel everything, even if it gets a little heavy.",neutral,0.8310356140136719
neutral,I just finished my work for the day. Now I’m ready to relax.,joy,0.5499991178512573,Explore,concise and emotionally attuned,That sounds nice! What kind of activities do you enjoy to help you unwind after a long day?,I enjoy reading or taking a walk to clear my mind. It really helps me recharge after a busy day.,joy,0.9919290542602539
neutral,I just finished my work for the day and I'm not feeling particularly excited or down about it. It's simply how things are right now.,joy,0.9794023036956787,Explore,concise and emotionally attuned,"It sounds like you're in a neutral space after your workday. What do you think contributes to that feeling of simply being? Are there elements of your day that stand out to you, even if they’re subtle?","I think it’s just the rhythm of everyday life, where nothing remarkable happens but everything feels steady. The little details, like a good conversation or a quiet moment, often provide that grounding.",neutral,0.8981685042381287
neutral,I just finished my work for the day. It feels good to have everything done.,joy,0.9745067954063416,Explore,concise and emotionally attuned,"That’s wonderful to hear! What part of your day felt the most satisfying, and how do you usually celebrate finishing your work?","I really enjoyed wrapping up the last project; it felt like a great relief. I usually celebrate by taking a break, maybe enjoying a good meal or just relaxing for a bit.",joy,0.987297534942627
neutral,"I’m just here, going through my day as usual. Nothing much to report.",neutral,0.8538755178451538,Explore,concise and emotionally attuned,"It sounds like you’re in a routine right now. What parts of your day feel the most comfortable for you, and are there moments when you wish something different would come along?","Yeah, my routine does provide a sense of comfort, especially the quiet moments. But sometimes, I do find myself wishing for a change to shake things up a bit.",neutral,0.42177340388298035
neutral,I’m just going about my day. Everything seems pretty normal.,neutral,0.6851478219032288,Explore,concise and emotionally attuned,It sounds like you’re in a comfortable place right now. What are some of the things that make your day feel normal and steady?,"I appreciate that—it's the little routines, like my morning coffee and a nice walk, that help ground me. It’s comforting to have those familiar moments.",joy,0.9614338874816895
neutral,"I’m just going through my day as usual, nothing really exciting happening right now.",sadness,0.5716107487678528,Explore,concise and emotionally attuned,"It sounds like you're feeling a bit stuck in routine. What parts of your day feel most familiar to you, and are there any small moments that bring you a bit of joy amidst the usual?","You could say that, yes. I guess the little things, like a good cup of coffee or a favorite song playing, do bring some comfort even when things feel mundane.",sadness,0.5665374398231506
neutral,I guess it’s just another regular day for me.,neutral,0.939775824546814,Explore,concise and emotionally attuned,What does a regular day look like for you? How do you feel about it being just another day?,"A regular day usually involves a mix of routine tasks and some quiet moments. I feel a sense of comfort in the familiarity, yet there's always a small longing for something new.",joy,0.7335127592086792
neutral,I just finished my coffee. It was okay.,neutral,0.7427201867103577,Explore,concise and emotionally attuned,What was it about the coffee that made it just okay for you? Is there a particular flavor or experience you were hoping for?,It lacked the richness I usually enjoy; it was more on the bland side. I was hoping for a bolder taste to really kick-start my morning.,neutral,0.7310652732849121
neutral,I just finished my work for the day. Now I’m thinking about what to have for dinner.,neutral,0.8643077611923218,Explore,concise and emotionally attuned,That sounds like a nice transition to the evening! What kind of flavors are you in the mood for tonight?,"I appreciate that! I'm leaning towards something comforting, maybe a warm pasta dish or a hearty stir-fry. What about you?",joy,0.940001904964447
neutral,I just got back from the store. It was pretty much like any other trip.,neutral,0.8095312118530273,Explore,concise and emotionally attuned,"What kind of things do you usually notice during your trips to the store? Was there anything that stood out to you this time, even if it felt like an ordinary visit?","I usually notice how crowded it gets, and the little things like new product displays. This time, I saw a really interesting snack I hadn’t tried before, which was a nice surprise.",surprise,0.6550833582878113
neutral,"I just had lunch, and now I’m back to work.",surprise,0.4282241463661194,Explore,concise and emotionally attuned,"How was your lunch? Did you have something special, or was it a quick bite before diving back into your tasks?","It was a quick bite, nothing too special—just a sandwich and some fruit. Now I'm ready to tackle the rest of the day.",neutral,0.8669217824935913
neutral,"I’m just going through my day, nothing much to report.",neutral,0.880236029624939,Explore,concise and emotionally attuned,"It sounds like you're in a bit of a routine. What does ""going through your day"" feel like for you right now?","It's mostly peaceful, with a mix of mundane tasks and small moments of clarity. I guess routines can be comforting in their own way.",joy,0.4848111569881439
neutral,I just finished my work for the day and I'm getting ready to head home.,neutral,0.6731556057929993,Explore,concise and emotionally attuned,That sounds nice! How was your day at work? What are you looking forward to when you get home?,"My day was pretty standard, nothing too exciting. I'm just looking forward to relaxing and maybe enjoying a good book when I get home.",joy,0.9137420654296875
neutral,"I’m just going about my day, handling things as they come.",neutral,0.943268358707428,Explore,concise and emotionally attuned,That sounds like a familiar approach to managing the day. What emotions are you experiencing as you handle things as they come?,I'm feeling a mix of focus and calm as I tackle each task. It’s a steady way to navigate through the busyness.,joy,0.7966829538345337
neutral,"I’m just going through my day as usual, nothing really stands out right now.",neutral,0.868032693862915,Explore,concise and emotionally attuned,"It sounds like things feel pretty routine for you right now. What does a typical day look like, and are there any moments, even small ones, that you find meaningful?","Yeah, it does feel pretty routine. A typical day involves work, a bit of downtime, and maybe a quiet moment with a book or some music that feels nice.",joy,0.6897579431533813
neutral,I just finished my work for the day and I'm ready to relax a bit now.,joy,0.6574455499649048,Explore,concise and emotionally attuned,"That sounds great! What do you have in mind for your relaxation time, and how does it feel to finally be done with work for the day?",I'm thinking of diving into a good book or maybe catching up on a show. It feels really refreshing to be done and finally have some time for myself.,joy,0.9899132251739502
neutral,I’m just going through my day like usual. Nothing too exciting happening right now.,sadness,0.37952789664268494,Explore,concise and emotionally attuned,"It sounds like things feel pretty routine for you right now; what does an average day look like for you? Are there moments or small details that bring you joy, even in those ordinary days?","Yeah, it is pretty routine. I usually just go through my work, maybe enjoy a good cup of coffee, and find little moments of peace in nature when I can.",neutral,0.7073420882225037
neutral,I see the report is finished. Let’s go over it when you’re ready.,neutral,0.9260057210922241,Explore,concise and emotionally attuned,How do you feel about the report being finished? What aspects are you most eager to discuss when we go over it together?,I'm glad the report is done; it’s a relief to have it wrapped up. I’d particularly like to discuss the findings and any potential implications moving forward.,joy,0.9894056916236877
neutral,I just finished my work for the day and now I’m deciding what to have for dinner.,neutral,0.8626464605331421,Explore,concise and emotionally attuned,"That sounds like a nice end to your workday! What types of meals are you considering, and how do they make you feel?","Thanks! I’m thinking about something comforting, like pasta or a stir-fry. It makes me feel relaxed just imagining it after a long day.",joy,0.969299852848053
neutral,I just got back from the grocery store. Everything seems to be in order.,neutral,0.8613098859786987,Explore,concise and emotionally attuned,What did you find that made you feel everything was in order? Were there any unexpected moments during your shopping trip?,"I found all the items on my list, which definitely gave me a sense of relief. There were no surprises this time, just a typical shopping experience.",joy,0.9696300625801086
neutral,I just finished my coffee and I'm ready to move on with my day.,neutral,0.6926422715187073,Reframe,concise and emotionally attuned,"It sounds like you're both at a moment of renewal, ready to embrace what comes next together; it's a lovely opportunity to share the day ahead.","Absolutely, it feels refreshing to start the day with a clean slate and new possibilities ahead. I’m looking forward to seeing what unfolds!",joy,0.9829335808753967
neutral,I just finished my work for the day and am ready to relax.,joy,0.7383944988250732,Reframe,concise and emotionally attuned,It sounds like you both have put in a hard day's work and are looking forward to unwinding together; sharing that relaxation time could be a great way to connect and recharge.,"Absolutely, it's nice to have that time together to decompress and catch up. It really makes a difference after a long day.",joy,0.627333402633667
neutral,I just went to the store and picked up some groceries. It's been a pretty regular day so far.,neutral,0.6760038733482361,Reframe,concise and emotionally attuned,"It sounds like your day has a comforting consistency to it, almost like a small routine that reminds you of the simple pleasures in life. Finding joy in the everyday moments can be really grounding.","Absolutely, there’s something nice about the familiar rhythm of ordinary days. It can really help to find comfort in those little routines.",neutral,0.6010505557060242
neutral,"I’m just going through my day as usual, nothing much to report.",neutral,0.7872111797332764,Reframe,concise and emotionally attuned,"It sounds like you’re in a routine space, which can be comforting, but it also might be a chance to reflect on the small moments that might bring unexpected joy or insight. Sometimes, even the quiet days can hold the little gems we overlook.",That's a good point; it’s easy to take the small things for granted. I’ll definitely try to be more mindful of those moments.,neutral,0.9514542818069458
neutral,I guess I can go to the store later. It's just another part of my day.,neutral,0.912652313709259,Reframe,concise and emotionally attuned,"It sounds like running errands feels a bit routine for you, but maybe approaching the store trip as a chance to discover something new or treat yourself to a little something special could brighten it up a bit. Your day holds space for those small moments of joy, too.",You're right; finding those small moments can definitely make the day feel a bit more vibrant. I'll try to keep an eye out for something special while I'm there.,joy,0.8432852029800415
neutral,"I’m just going through my day, nothing too exciting happening right now.",neutral,0.5236470103263855,Reframe,concise and emotionally attuned,"It sounds like your partner might be feeling a bit monotonous, but even in these quieter moments, there can be beauty in the simplicity of everyday life—sometimes it's in the little things we discover unexpected joy.","That's a nice perspective. I do try to appreciate the little moments, even when things feel routine.",neutral,0.5674821734428406
neutral,"I’m here just to chat, nothing too exciting happening right now.",neutral,0.7796453237533569,Reframe,concise and emotionally attuned,"It sounds like there’s a peaceful calm in this moment, which can be nice in its own way; sometimes, these quiet chats can lead to unexpected connections and insights.","Absolutely, there’s something comforting in the calm. It’s nice to see where a simple conversation might lead us.",joy,0.8147996664047241
neutral,"I walked into the room and looked around, taking in everything as is. It seemed like a typical day.",neutral,0.7007079720497131,Reframe,concise and emotionally attuned,"It sounds like you're embracing the ordinary moments, which can often hold a unique kind of beauty and comfort. Maybe there’s a special kind of peace in recognizing the familiarity of each day.","Absolutely, there's something soothing in the routine. It's in those ordinary moments that we often find a sense of stability and belonging.",neutral,0.508918046951294
neutral,I just read through the report; it seems pretty standard.,neutral,0.9365176558494568,Reframe,concise and emotionally attuned,"It sounds like you're feeling that the report doesn’t offer anything groundbreaking, but maybe it provides a solid foundation that could spark new ideas or improvements. Sometimes, what feels standard can be a stepping stone to greater insights.",You're right; even standard reports can often lay the groundwork for innovation. It’s good to remember that sometimes the most unassuming resources can lead to significant breakthroughs.,neutral,0.866598904132843
neutral,I just finished the report and sent it off. Now I’m waiting for feedback.,neutral,0.9311460256576538,Reframe,concise and emotionally attuned,"It’s understandable to feel anxious waiting for feedback, but think of it as a moment for reflection on what you accomplished—your hard work is now in someone else's hands, and that’s something to be proud of.",Thank you for the encouragement. It’s definitely a mixed bag of anticipation and pride in what I've done.,joy,0.689875602722168
neutral,"I’m just going about my day, nothing much to report.",neutral,0.8722352385520935,Reframe,concise and emotionally attuned,"It sounds like you’re in a moment of quiet routine, which can be a perfect time to notice the little things that brighten your day, even if they seem insignificant. Those small moments can often lead to deeper reflections and joys.","That’s a thoughtful perspective. I do appreciate the little things, even in a routine—it's nice to pause and reflect on that.",joy,0.5029324293136597
neutral,"I just finished my work for the day and now I'm sitting here, looking out the window. Everything seems calm.",neutral,0.7108843922615051,Reframe,concise and emotionally attuned,"It sounds like you’re experiencing a peaceful moment after a busy day; maybe this calmness is an opportunity for you to reflect and recharge, embracing a quiet pause in your routine.",You're right; it's nice to take a step back and appreciate the stillness. Moments like this feel rejuvenating amidst the busyness.,joy,0.8701886534690857
neutral,I just noticed the time; it's already afternoon. I guess I should think about lunch soon.,neutral,0.6918509006500244,Reframe,concise and emotionally attuned,It’s easy to lose track of time when you're caught up in the day; think of this as a chance to take a well-deserved break and savor something delicious for lunch.,"You're right! Taking a break sounds nice, and a good meal always helps recharge for the rest of the day.",joy,0.6393729448318481
neutral,"I guess it’s just another day, nothing much to report.",neutral,0.8820289969444275,Reframe,concise and emotionally attuned,"It sounds like today feels a bit ordinary, but even the quiet days can hold little moments of significance—sometimes it's those simple days that allow us to recharge and appreciate the little things together.",You’re right; even ordinary days can bring unexpected moments of joy. I guess it's good to take a step back and cherish the simplicity.,joy,0.6872225403785706
neutral,I just finished my tasks for the day and now I'm ready to relax for a bit.,joy,0.7291877269744873,Reframe,concise and emotionally attuned,"It's wonderful that you both have accomplished your tasks—maybe this is a chance for you both to enjoy that well-deserved relaxation together, sharing some quality time after a productive day.","Absolutely, it's nice to unwind together after being productive. A little quality time sounds perfect right now.",joy,0.8637569546699524
neutral,"I’m just here, taking it all in. Nothing much going on right now.",neutral,0.9350191950798035,Reframe,concise and emotionally attuned,"It sounds like you’re in a moment of reflection, which can be a powerful space to gather your thoughts and feelings. Sometimes, these quiet times can lead to the most profound insights about what you truly want or need.","Absolutely, moments like this can really clarify things. I'm curious to see where my thoughts will lead me next.",neutral,0.535413384437561
neutral,"I think I'm going to grab a coffee later. It's just another day, I suppose.",neutral,0.9367356300354004,Reframe,concise and emotionally attuned,"It sounds like you're seeing today as just ordinary, but maybe this coffee break can become a little moment of joy—an opportunity to pause and savor something special in the routine.",You make a good point; sometimes it’s those small moments that can bring a bit of brightness to an ordinary day. I’ll try to keep that in mind while I enjoy my coffee.,neutral,0.7018381357192993
neutral,I guess I'll just wait here for a bit. It’s not a big deal.,neutral,0.9715352058410645,Reframe,concise and emotionally attuned,"It sounds like you're trying to be understanding about the situation, but it’s okay to express how you truly feel about the wait; your feelings are valid too. Sometimes a little patience can open up new possibilities—maybe there's more to discover in this moment.","I appreciate that perspective. It’s just that waiting can feel a bit frustrating, but I’ll try to see it as an opportunity.",sadness,0.7145792841911316
neutral,"I’m just sitting here, enjoying my coffee and watching the world go by.",neutral,0.4852086305618286,Reframe,concise and emotionally attuned,That sounds like a lovely moment of peace; it's incredible how slowing down can help us appreciate the little things and feel more connected to the world around us. How nice it must be to soak in that simplicity together.,It really is nice to take a moment for oneself; those simple pleasures can often be the most fulfilling. It's refreshing to connect with the world in such an easy way.,joy,0.9788580536842346
neutral,"I’m just sitting here, taking a moment to gather my thoughts.",neutral,0.908341646194458,Reframe,concise and emotionally attuned,"It sounds like your partner is seeking some quiet time just like you, which might be an opportunity for both of you to reflect and recharge together. Sharing that space could deepen your connection even further.",That's an interesting perspective. I hadn’t thought about it that way; sometimes just being there together can really enhance the moment.,neutral,0.5328842401504517
neutral,"I’m just here, going through my day like usual. Nothing much happening.",neutral,0.8862642645835876,Affirm,concise and emotionally attuned,"It's great that you're taking the time to share how your day is going; it shows your openness and willingness to connect. Even on ordinary days, your presence and experiences matter!","I appreciate that perspective; it does feel good to share, even if it's just the day-to-day. Sometimes the ordinary can be comforting in its own way.",joy,0.9563894867897034
neutral,I've just finished my lunch and I’m thinking about what to do next.,neutral,0.8261812329292297,Affirm,concise and emotionally attuned,"It’s great to hear you’re reflecting on your next steps after lunch! Taking that moment to think shows your awareness and thoughtfulness, which is truly admirable.",Thank you! I appreciate your kind words. I’m considering a quick walk to clear my mind and gather some energy for the rest of the day.,joy,0.9584516882896423
neutral,I just got back from the store; it was a typical trip.,neutral,0.8987342715263367,Affirm,concise and emotionally attuned,It’s great to hear you handled your trip to the store with ease; your ability to navigate the usual routines shows your resilience and confidence in everyday tasks!,"Thanks! It's nice to see the mundane can be appreciated; sometimes, it's the little things that make a difference.",joy,0.9406321048736572
neutral,I don’t have a strong opinion on that topic; it’s just another day for me.,neutral,0.9201251268386841,Affirm,concise and emotionally attuned,"It's great that you can maintain a sense of calm about things; that shows your ability to stay grounded and not let every issue weigh on you. Your perspective is valuable, and it's perfectly okay to feel that way!",Thank you for understanding my perspective. It's refreshing to hear that my calmness can be seen as a strength.,joy,0.9485671520233154
neutral,I guess I’ll just go ahead and finish my work now. It’s what I planned to do.,neutral,0.9060251712799072,Affirm,concise and emotionally attuned,It's great to see you sticking to your plan and staying focused on finishing your work. Your dedication and ability to follow through is truly inspiring!,Thanks for the kind words! I appreciate the encouragement; it helps keep me motivated.,joy,0.9675767421722412
neutral,"I’m just going through my day as usual, nothing particularly exciting happening right now.",sadness,0.43805989623069763,Affirm,concise and emotionally attuned,"It’s great that you’re maintaining your routine—there’s strength in stability, and it shows your resilience. Even the ordinary moments have their own value, and your ability to carry on speaks volumes about your character.","Thank you, I appreciate that perspective. Sometimes it's the ordinary moments that keep us grounded.",joy,0.6877357959747314
neutral,I just got back from the store and picked up some groceries. Everything seems to be in order.,neutral,0.9004096388816833,Affirm,concise and emotionally attuned,That’s fantastic! It’s great to hear you took the time to get everything you need—it shows your responsibility and care for our home.,Thanks! I appreciate that. It feels good to have everything stocked up for us.,joy,0.9573526382446289
neutral,"I’m just going about my day as usual, nothing out of the ordinary happening.",neutral,0.8665976524353027,Affirm,concise and emotionally attuned,It's great that you're able to find comfort in your routine; it shows how stable and resilient you are in navigating your daily life. Your consistency is a strength that can bring peace and confidence.,Thank you for acknowledging that. I appreciate the reminder of how stability can indeed bring a sense of peace in everyday life.,joy,0.9434490203857422
neutral,I went to the store today and picked up some groceries. It was just another regular day.,neutral,0.7656154632568359,Affirm,concise and emotionally attuned,"It's great to hear you took the time to get your groceries today, even on a regular day! That’s a small yet important step, and it shows your commitment to taking care of yourself.","Thanks! It can feel mundane, but I guess those little routines do add up to something important.",joy,0.38834908604621887
neutral,"I had a normal day at work and nothing unusual happened. Just the usual routine, really.",neutral,0.8316479325294495,Affirm,concise and emotionally attuned,"It's great that you were able to have a steady, normal day at work; finding comfort in routine can be really grounding. Your consistency shows your dedication, and that's something to be proud of!","Thanks for your kind words! It’s true that a consistent routine can bring a sense of stability, and I appreciate your recognition of that.",joy,0.9184896349906921
neutral,I think I'll just stay in and read a book tonight.,neutral,0.9144610166549683,Affirm,concise and emotionally attuned,That sounds like a wonderful way to spend the evening! Your decision to enjoy some quiet time shows how much you value self-care and relaxation—it's really commendable.,Thanks! I do believe taking time for myself is important. Any book recommendations?,joy,0.4964989423751831
neutral,"I’m just going about my day, nothing too exciting happening right now.",neutral,0.5339632034301758,Affirm,concise and emotionally attuned,It's great that you're taking the time to appreciate a regular day; there's a lot of strength in finding value in the ordinary moments. Your ability to stay present and engaged is truly admirable!,"Thank you, I really appreciate that! It helps to remind myself that even ordinary days can have their own kind of significance.",joy,0.9346485137939453
neutral,"I'm just here, going about my day like usual.",neutral,0.8206753730773926,Affirm,concise and emotionally attuned,It’s great that you’re taking things day by day; that steady approach shows your resilience and strength even in routine moments. Your ability to find stability in your day is truly admirable!,Thank you for saying that; it means a lot. I try to appreciate the little things that make up my daily routine.,joy,0.7725235819816589
neutral,I’m just taking a moment to gather my thoughts.,neutral,0.888626754283905,Affirm,concise and emotionally attuned,It's really strong of you to take a moment for yourself; that shows great self-awareness and the ability to prioritize your needs. Keep honoring those moments—you deserve it!,"Thank you, I appreciate that. It’s important for me to stay grounded and recognize when I need a break.",neutral,0.43909403681755066
neutral,I'm just going to grab a coffee and see what’s on the agenda for today.,neutral,0.9379344582557678,Affirm,concise and emotionally attuned,It’s great that you’re taking a moment for yourself with that coffee; prioritizing your well-being really shows how committed you are to staying energized and focused for the day ahead. Enjoy that time!,Thanks! I appreciate that—just a small break can make a big difference. I’ll definitely enjoy it!,joy,0.9649689197540283
neutral,"I’m just here, taking things as they come.",neutral,0.9666827321052551,Affirm,concise and emotionally attuned,It's great to see you embracing each moment as it comes; that flexibility shows your strength and resilience. You're doing a wonderful job navigating this journey!,"Thank you, I appreciate that. It feels good to acknowledge the journey, even when it gets challenging.",joy,0.909620463848114
neutral,I suppose we can just go with the plan as it is. It's fine with me.,neutral,0.8072949051856995,Affirm,concise and emotionally attuned,"I really admire your willingness to adapt and go with the flow—it's a strength to keep things harmonious and show flexibility. Your positive attitude shines through, and it's truly appreciated!","Thank you, I appreciate your kind words. It’s great to know that my approach contributes to a positive atmosphere.",joy,0.9734192490577698
neutral,I just got back from the store. It was pretty uneventful.,sadness,0.47719207406044006,Affirm,concise and emotionally attuned,It's great that you took the initiative to go to the store; even simple tasks like that show your ability to handle day-to-day responsibilities. I hope you found what you needed!,"Thanks! I did find what I needed, which is always a relief. It’s nice to check that off the list.",joy,0.8022066950798035
neutral,"I’m just going about my day as usual, nothing really to report.",neutral,0.7985112071037292,Affirm,concise and emotionally attuned,It's great that you're maintaining your routine; finding comfort in the ordinary is a strong and grounding trait. Your consistency shows resilience and stability in your life.,"Thank you; I appreciate that perspective. It's nice to have a sense of stability, especially during unpredictable times.",joy,0.9588626623153687
neutral,"I’m just going about my day, nothing too exciting happening right now.",neutral,0.5339632034301758,Affirm,concise and emotionally attuned,It’s great that you’re embracing the everyday moments; finding peace in simplicity shows your resilience and ability to appreciate life as it comes. Your steady approach is truly admirable!,"Thank you! I appreciate that perspective; it’s easy to overlook the small things, but they often hold the most value.",joy,0.8340814113616943
neutral,I see that the meeting is scheduled for 2 PM tomorrow. I'll make sure to be there.,neutral,0.8109387159347534,Guide,concise and emotionally attuned,"It's great that you're planning to be there! To prepare, consider jotting down a few key points or questions you want to address during the meeting to make the most of your time.",Thanks for the suggestion! I’ll definitely prepare some key points to ensure a productive discussion.,neutral,0.7464514374732971
neutral,"I’m just here, taking it all in. Nothing much to report.",neutral,0.9381467700004578,Guide,concise and emotionally attuned,It's completely okay to take a moment to just be present. Consider sharing something small you've noticed or felt during this time—it could spark a meaningful conversation and help you both connect deeper.,I appreciate that suggestion. I've noticed the subtle shift in the light as the day progresses; it’s calming in a way.,joy,0.6911936402320862
neutral,I just got back from the store. It was a typical day.,neutral,0.8695167303085327,Guide,concise and emotionally attuned,It sounds like you're both adjusting to routine days. Why not take a moment to share something interesting from your day or make plans for a little treat together later? It could brighten your evening!,That’s a good idea! I’ll think of something fun we can do later to mix it up a bit.,joy,0.8615094423294067
neutral,"I’m just here, taking things as they come.",neutral,0.9666827321052551,Guide,concise and emotionally attuned,It sounds like you're both in a similar space right now. Consider setting a time to check in with each other about feelings or plans; even sharing small moments can help strengthen your connection.,That sounds like a good idea. Having those check-ins could really open up the lines of communication.,neutral,0.7598273158073425
neutral,"I just finished my coffee, and now I'm ready to get back to work.",neutral,0.5994008183479309,Guide,concise and emotionally attuned,That's great to hear! Maybe set a small goal for your work session ahead—like completing a specific task or project—so you can channel that refreshed energy effectively. You've got this!,Thanks for the suggestion! Setting a goal sounds like a solid plan to make the most of this energy.,joy,0.5276659727096558
neutral,"I just finished my work for the day. Now, I’ll decide what to do next.",neutral,0.8640163540840149,Guide,concise and emotionally attuned,"It sounds like you might be looking for a little relaxation or something enjoyable to do! Consider taking a short walk to clear your mind or picking a favorite activity, like reading or watching a show you love, to unwind. You deserve that time for yourself!","Thanks for the suggestion! A walk sounds nice, but I might also just curl up with a good book for a bit.",joy,0.7238410115242004
neutral,I think I’ll just have some water. It’s been a long day.,neutral,0.9363545179367065,Guide,concise and emotionally attuned,"It sounds like you’re feeling drained—staying hydrated is a great choice! Maybe consider pairing that water with a light snack to boost your energy a bit, like some fruit or nuts.","You’re right, hydration is key. I’ll definitely think about a light snack too, thanks for the suggestion!",neutral,0.7852551341056824
neutral,I see that the meeting got rescheduled. Let’s adjust our plans accordingly.,neutral,0.41489362716674805,Guide,concise and emotionally attuned,"It sounds like a good chance to regroup! Let’s check our calendars and propose a new time that works for both of us, ensuring we stay on track with our goals.","Absolutely, that sounds like a solid plan. I’ll review my calendar and reach out with a few options shortly.",neutral,0.8221572637557983
neutral,"I'm just going about my day as usual, nothing much to report.",neutral,0.5825788974761963,Guide,concise and emotionally attuned,It sounds like a calm day; maybe take a moment to check in with your partner—ask them how they're truly feeling or if there's something they wish they could share. Small connections can often bring deeper conversations to light.,That's a thoughtful suggestion; I appreciate it. I’ll definitely consider reaching out to share a moment with them—it can make a difference.,joy,0.7811378240585327
neutral,I just had lunch and now I'm getting ready for the next meeting.,neutral,0.8602822422981262,Guide,concise and emotionally attuned,It sounds like you've had a productive lunch! Take a moment to hydrate and maybe stretch a bit to refresh your mind before the meeting—small breaks can really boost your focus!,Thanks for the reminder! I’ll definitely take a moment to hydrate and stretch before diving into the next meeting.,neutral,0.8249720931053162
neutral,I just finished my coffee. Now I’ll get back to work.,neutral,0.8008924722671509,Guide,concise and emotionally attuned,It sounds like you both have a busy day ahead! Maybe take a moment to share how you're feeling about your tasks; a little connection can boost motivation as you dive back in.,That's true; sharing a bit can definitely help. I’m feeling focused and ready to tackle the tasks ahead.,joy,0.8946192860603333
neutral,I just got back from the store. It was pretty uneventful.,sadness,0.47719207406044006,Guide,concise and emotionally attuned,"It sounds like a typical errand, but maybe you could share a little highlight from your trip or ask your partner if they saw anything interesting while they were out. It can make those mundane moments feel a bit more engaging together!","That's a good point! I did pick up some new snacks that we can try together, which should add a bit of fun to our evening.",joy,0.9436782598495483
neutral,"I’m just sitting here, enjoying a cup of coffee and watching the world go by.",neutral,0.7536986470222473,Guide,concise and emotionally attuned,That sounds peaceful! Why not take a moment to reflect on what you're grateful for today or jot down a few thoughts in a journal while you sip your coffee?,That does sound like a great idea! I might just take a moment to appreciate the little things while I enjoy my coffee.,joy,0.8400694131851196
neutral,I just finished my lunch and now I'm getting back to work.,neutral,0.5924387574195862,Guide,concise and emotionally attuned,"It's great to hear you're getting back into work! To help ease the transition, take a moment to set a small goal for the next hour, like tackling a specific task or taking a quick break in between. You've got this!",Thanks for the encouragement! I’ll definitely set a small goal to keep my focus sharp.,joy,0.5565568804740906
neutral,"I’m just going through my day as usual, nothing much to report.",neutral,0.7872111797332764,Guide,concise and emotionally attuned,"It sounds like you're in a routine; consider taking a moment to share something that stood out to you today, no matter how small. A little connection can brighten both your day and your partner's.",That's a good point; sometimes it's the little things that make a difference. I did notice the leaves changing color—it reminded me that change can be beautiful.,joy,0.539671003818512
neutral,I just finished my work for the day and I'm about to head home.,neutral,0.49376893043518066,Guide,concise and emotionally attuned,It's great that you both wrapped up your work! Maybe consider taking a moment to share a little recap of your day with each other during your commute—it can be a nice way to connect and unwind together.,That sounds like a lovely idea! I think sharing our day could really help us relax and enjoy the ride home together.,joy,0.9772678017616272
neutral,I just finished my work for the day and am planning to relax for a bit.,joy,0.8251129984855652,Guide,concise and emotionally attuned,That sounds wonderful! Why not take a moment to unwind together—perhaps enjoy a cup of your favorite beverage or share a light chat about your days? Little moments of connection can be so rejuvenating!,That sounds like a nice idea! I'm all for a light chat—what have you been up to lately?,joy,0.8952658772468567
neutral,"I'm just going through my day as usual, nothing too exciting or out of the ordinary.",joy,0.4188789129257202,Guide,concise and emotionally attuned,"It's okay to have ordinary days; they’re part of life too. Maybe you could suggest doing something small together later, like trying a new dish or going for a walk, to add a little spark to your routine!",That sounds like a nice idea. I’d be open to trying something new together; it could be a refreshing change from the usual.,joy,0.902409553527832
neutral,"I'm just here, taking things as they come.",neutral,0.9620726704597473,Guide,concise and emotionally attuned,It sounds like you both are in a similar place. Consider checking in with each other about how you're feeling and what small joys you can focus on together—maybe a walk or a favorite show could help you feel more connected.,That's a good idea; sometimes just sharing those small moments can bring a lot of comfort. I'll definitely consider reaching out for a walk or something light to enjoy together.,joy,0.883277952671051
neutral,I just finished my lunch and now I'm heading back to work.,neutral,0.5508739948272705,Guide,concise and emotionally attuned,It sounds like you're both in a similar boat! Take a moment to breathe and maybe share a quick positive thought about your lunch break to uplift each other before diving back into work. You've got this!,Thanks! I really appreciated a moment to step away and enjoy my meal—it makes jumping back into tasks a bit easier. Let's tackle the rest of the day together!,joy,0.9661290645599365
neutral,I just finished my tasks for the day and I’m feeling ready for whatever comes next.,joy,0.6636039018630981,Normalize,concise and emotionally attuned,It's great to hear you're feeling ready for what's next; many people experience that sense of accomplishment and anticipation after completing their tasks. You're definitely not alone in celebrating those moments!,"Thanks, I appreciate that! It’s nice to recognize shared experiences in those moments of accomplishment.",joy,0.9274145364761353
neutral,I just finished my lunch and I'm heading back to work now.,neutral,0.7221523523330688,Normalize,concise and emotionally attuned,"It sounds like you're in a familiar routine; a lot of people feel the same way after lunch as they shift back into work mode. It can be tough to transition, but you're definitely not alone in that feeling.","Yeah, it can be a bit of a struggle sometimes to get back into the groove. I appreciate knowing others experience it too.",joy,0.7411402463912964
neutral,I just got back from the store; it was pretty average today.,neutral,0.7574242949485779,Normalize,concise and emotionally attuned,"It’s totally normal to have those average days; so many people experience the same kind of routine. It can feel a bit bland, but it’s part of life’s ebb and flow.","Absolutely, it’s interesting how the mundane often reflects the rhythm of everyday life. Sometimes those average days can be a nice reprieve, though.",neutral,0.6632986664772034
neutral,I guess I’ll just sit here and wait for the meeting to start.,neutral,0.9152429699897766,Normalize,concise and emotionally attuned,It’s completely understandable to feel that way; many people find themselves waiting and feeling restless before meetings. You’re not alone in this experience—waiting can really amplify those feelings.,Thanks for understanding. It's nice to know I'm not the only one who feels this way before a meeting.,joy,0.6718060374259949
neutral,I just finished my tasks for the day and now I'm looking for something to do.,neutral,0.8896428346633911,Normalize,concise and emotionally attuned,It's really common to feel this way after a long day—many people experience that sense of wanting to unwind or find something fulfilling to engage in. It’s okay to feel a little lost in those moments; you’re not alone in that.,Thanks for understanding; it really does help to know that it's a shared experience. I'm just trying to find something enjoyable to dive into next.,joy,0.776852011680603
neutral,I just got back from the store; it was an average trip.,neutral,0.8228359222412109,Normalize,concise and emotionally attuned,"It's so relatable to have those average trips to the store; many people feel the same way sometimes. It can be a mix of routine and a little bit of monotony, and that’s completely okay.","Absolutely, it's interesting how those seemingly mundane trips can connect us all. They often remind us of the simple routines we share in our daily lives.",surprise,0.6751660108566284
neutral,"It's a regular day, nothing too exciting or unusual happening.",neutral,0.8793529868125916,Normalize,concise and emotionally attuned,It's perfectly okay to have regular days; many people face this feeling too. Sometimes the simplest days can hold their own kind of comfort amidst the chaos.,"Absolutely, there’s a certain peace in the ordinary. It’s nice to find comfort in the everyday moments.",joy,0.668860912322998
neutral,"I had a regular day at work, nothing really stood out. Just the usual meetings and tasks.",neutral,0.8884430527687073,Normalize,concise and emotionally attuned,"It’s completely normal to have days that feel routine and unremarkable; many people experience that too. Those regular days can sometimes make us feel a bit disconnected, but it’s okay to just be in the moment together.","I appreciate that perspective; it’s nice to know others relate. Sometimes, just being present is enough to keep things grounded.",joy,0.883961021900177
neutral,"I’m just going through my day like usual, nothing really stands out.",neutral,0.8342495560646057,Normalize,concise and emotionally attuned,"It’s completely understandable to feel like some days blend together without anything remarkable happening; many people experience that sense of monotony too. Your feelings are valid, and it’s okay to have moments like this.",Thanks for understanding. It can be comforting to know that I'm not alone in feeling this way.,sadness,0.5762279033660889
neutral,I'm just going through my day as usual. Nothing too exciting happening right now.,sadness,0.5877389311790466,Normalize,concise and emotionally attuned,It’s completely normal to have days that feel ordinary; so many of us can relate to that sense of monotony. It’s okay to just be in the routine sometimes.,You're right; there's a comfort in routine that can be nice in its own way. I appreciate that perspective.,joy,0.6782101988792419
neutral,I’m just going through my usual routine today. Nothing out of the ordinary.,neutral,0.9297321438789368,Normalize,concise and emotionally attuned,"It's completely understandable to feel that way; many people go through times when their routines feel uneventful or monotonous. Those feelings are valid, and you're not alone in experiencing them.",Thank you for understanding. It does help to know that it's a shared experience and that I'm not the only one feeling this way.,joy,0.5355556011199951
neutral,I just finished my lunch and now I’m getting back to work.,neutral,0.6881550550460815,Normalize,concise and emotionally attuned,It’s totally relatable to feel that way after lunch; many people find that transition back to work can be a bit tough. You're not alone in this feeling!,Thanks for understanding! It really does help to hear that others feel the same way during that transition.,joy,0.6005212068557739
neutral,I just finished my lunch and plan to start on some work now.,neutral,0.6114590764045715,Normalize,concise and emotionally attuned,"It’s completely normal to feel that mid-day shift from relaxation to productivity; many people experience that same transition. It can be a bit tough to dive back into work, but you're not alone in feeling that way.","Thanks for the reassurance! It's definitely a shift, but I’ll try to channel that energy into my tasks.",joy,0.5588186979293823
neutral,"I just finished my tasks for the day, and now I’m deciding what to do next.",neutral,0.892259418964386,Normalize,concise and emotionally attuned,It’s completely natural to feel a bit unsure after finishing your tasks; many people experience that moment of pause. It’s okay to take your time figuring out what feels right next—sometimes the choices can feel overwhelming.,You’re right; it can be a bit overwhelming at times. I think I’ll take a moment to just relax and see what comes to mind.,neutral,0.8194712996482849
neutral,I just finished my work for the day and now I'm going to grab some lunch.,neutral,0.6251806616783142,Normalize,concise and emotionally attuned,It’s great to hear you’ve wrapped up your work for the day; so many people understand that feeling of relief and the joy of taking a break. Enjoy your lunch!,Thanks! I really appreciate that. I’m looking forward to recharging before diving into the next tasks.,joy,0.9231183528900146
neutral,I just finished my work for the day and I'm ready to head home now.,neutral,0.6341114640235901,Normalize,concise and emotionally attuned,It’s so common to feel that sense of relief at the end of a long day—many people share that feeling of wanting to unwind and enjoy some downtime. I hope you get to relax and recharge!,Thanks! I appreciate that; it’s nice to have a moment to unwind after a busy day. I'm looking forward to some downtime.,joy,0.9645112752914429
neutral,"I’m just going through my day, nothing really special happening right now.",neutral,0.8361568450927734,Normalize,concise and emotionally attuned,It’s completely natural to feel like some days are just ordinary and can lack excitement; many people experience that sense of routine too. It’s okay to acknowledge that these moments can feel a bit heavy sometimes.,"That's true; sometimes the routine can feel a bit draining. I try to find small moments of interest in the day, even if they are subtle.",sadness,0.7570251822471619
neutral,I just finished my work for the day and I'm thinking about what to have for dinner.,neutral,0.772484302520752,Normalize,concise and emotionally attuned,"It’s so relatable to feel that pause after a long day, wondering what to enjoy for dinner. Many people face the same moment of indecision, and it can be comforting to share that experience.","Absolutely, it’s nice to connect over those little moments of uncertainty. I’m leaning towards something simple—maybe pasta or a stir-fry. What about you?",neutral,0.5296100974082947
neutral,I just finished my work for the day and I'm heading home now.,neutral,0.5645531415939331,Normalize,concise and emotionally attuned,It sounds like both of you are wrapping up your day and heading home; that daily transition can feel both relieving and reflective. Many people share those mixed emotions as they shift from work to personal time.,"Absolutely, that shift can bring a sense of relief, but it also gives you a moment to reflect on the day. I'm looking forward to winding down at home.",joy,0.90468829870224
neutral,I just got back from the store. It was pretty uneventful.,sadness,0.47719207406044006,Normalize,concise and emotionally attuned,"It sounds like a lot of people have those uneventful store trips; it’s completely okay to feel that way. Sometimes, the ordinary moments can feel a bit isolating, and you're definitely not alone in that.","I appreciate that perspective—it’s true, those ordinary moments can feel oddly isolating. Still, it’s nice to know others experience the same thing.",joy,0.4990609586238861
neutral,"I see what you mean, and I understand your point.",neutral,0.6315727233886719,baseline,concise and emotionally attuned,I appreciate your understanding—it means a lot to me. Thank you for being open to the conversation.,I'm glad to hear that; I value open communication and am always here to listen. Thank you for sharing your thoughts with me.,joy,0.9896634221076965
neutral,I just finished my work for the day. Now I’m going to have some dinner.,neutral,0.7220468521118164,baseline,concise and emotionally attuned,That sounds nice! It's great to hear you’re winding down after a busy day. Enjoy your dinner!,Thank you! I’m looking forward to it—there's something satisfying about a good meal after a long day.,joy,0.9815661907196045
neutral,"I’m just sitting here, waiting for the next thing to happen.",neutral,0.9175494909286499,baseline,concise and emotionally attuned,I can understand how that feels—waiting can be tough. I'm here if you want to talk or share what’s on your mind.,"Thanks, I appreciate that. Sometimes it helps to just share thoughts, even the little ones.",joy,0.5957456231117249
neutral,I just finished my work for the day and am now looking forward to some time to relax.,joy,0.8239596486091614,baseline,concise and emotionally attuned,That sounds like a well-deserved break! I’m glad you can unwind now. Enjoy your relaxation time!,Thanks! I appreciate that. I’m really looking forward to just unwinding and recharging a bit.,joy,0.9223443865776062
neutral,"I’m just going through my day, nothing special happening right now.",neutral,0.9076139330863953,baseline,concise and emotionally attuned,I hear you; sometimes those quiet days can be just as important. I'm here for you if you want to share more or just chat!,"I appreciate that. Sometimes it helps to talk, even about the ordinary things.",joy,0.8576523065567017
neutral,I just finished my work for the day and am planning to relax for a bit.,joy,0.8251129984855652,baseline,concise and emotionally attuned,That sounds like a well-deserved break! Enjoy your time to unwind.,Thanks! I appreciate it. I’m really looking forward to just taking it easy for a while.,joy,0.931580126285553
neutral,"I’m just here, taking everything in as it comes.",neutral,0.9528282284736633,baseline,concise and emotionally attuned,That sounds like a thoughtful approach. It's great that you're allowing yourself to be present in the moment.,"Thanks, I think being present really helps in processing things more clearly. It's a calming way to navigate through everything.",joy,0.8643612861633301
neutral,"I’m just going through my day, nothing too exciting happening right now.",neutral,0.5236470103263855,baseline,concise and emotionally attuned,I totally understand; some days can feel pretty ordinary. Just know that it’s okay to have those quieter moments. I'm here for you!,"Thanks, I appreciate that. It’s nice to have someone to chat with, even on the quieter days.",joy,0.9346179962158203
neutral,I see that the meeting is scheduled for tomorrow at 10 AM. I'll be there.,neutral,0.7705233097076416,baseline,concise and emotionally attuned,Great to hear you’ll be there! I appreciate your commitment. Let me know if you need anything in the meantime.,Thank you! I’ll reach out if anything comes up before the meeting. Looking forward to it.,neutral,0.7398504614830017
neutral,"I’m just here, taking things as they come.",neutral,0.9666827321052551,baseline,concise and emotionally attuned,It sounds like you're in a good place of acceptance. That’s a strong approach to take—just being present can really help. I'm here for you!,I appreciate that. Just focusing on the present definitely helps me navigate things better.,joy,0.8066582679748535
neutral,I don’t have any strong feelings about it either way. It is what it is.,neutral,0.739325225353241,baseline,concise and emotionally attuned,I understand where you're coming from. Sometimes it’s just about accepting things as they are. I'm here for you if you want to talk more about it.,"I appreciate that, thank you. I may take you up on that if I feel the need to chat further.",joy,0.8150553703308105
neutral,"I’m just here, ready to assist with whatever you need.",neutral,0.909129798412323,baseline,concise and emotionally attuned,I really appreciate that! Your support means a lot to me. Thank you for being there.,I’m glad to hear that! I'm always here to help whenever you need it.,joy,0.9859441518783569
neutral,I just got back from the store and picked up some milk. Now I'm planning to relax for a bit.,joy,0.5853271484375,baseline,concise and emotionally attuned,That sounds nice! It's great that you picked up some milk and are taking time to relax. Enjoy your break!,Thanks! I appreciate it. A little downtime is exactly what I need right now.,joy,0.8590960502624512
neutral,I just finished my tasks for the day and I'm ready to relax.,joy,0.6389912366867065,baseline,concise and emotionally attuned,That sounds great! You deserve some time to unwind. Enjoy your relaxation!,Thank you! I appreciate that. I’m looking forward to just kicking back and taking it easy.,joy,0.9215556979179382
neutral,"I just got back from the store, and I picked up some groceries. Now I’m trying to decide what to make for dinner.",neutral,0.8558303117752075,baseline,concise and emotionally attuned,That sounds great! It’s always nice to have fresh groceries. Do you have any ideas in mind for dinner?,"Thanks! I’m thinking about a stir-fry with some veggies and chicken, but I’m open to suggestions. What do you think?",joy,0.5143259167671204
neutral,I just finished my report and sent it off. Now I think I’ll take a break.,neutral,0.8630190491676331,baseline,concise and emotionally attuned,"That sounds like a great plan! You've worked hard on your report, and taking a break is important. Enjoy your well-deserved rest!",Thanks! I appreciate it. I’m looking forward to unwinding a bit before diving into the next task.,joy,0.9241414070129395
neutral,"I’m just here, taking things as they come.",neutral,0.9666827321052551,baseline,concise and emotionally attuned,That sounds like a healthy way to approach things. It’s great that you’re being present and adaptable. I'm here for you!,"Thanks, I appreciate your support. It definitely helps to know someone is there, even just to share the moment with.",joy,0.7553688883781433
neutral,I’m just going through my usual routine today. Nothing too exciting happening.,sadness,0.43222153186798096,baseline,concise and emotionally attuned,I understand; some days can feel a bit mundane. It’s okay to have those routine moments. I'm here if you want to share anything else or just chat!,"Thanks, I appreciate that. Sometimes it's nice to have someone to talk to, even about the everyday stuff.",joy,0.7951118350028992
neutral,I’m just going through my usual routine today. Nothing much happening.,neutral,0.856759250164032,baseline,concise and emotionally attuned,"I understand that routine can sometimes feel uneventful. It’s okay to have those days. If you want to talk or share anything, I'm here for you!","I appreciate that, thanks. Sometimes a simple chat can make the day feel a bit more interesting.",joy,0.9097920060157776
neutral,"I just finished my work for the day. Now, I’m thinking about what to have for dinner.",neutral,0.867385983467102,baseline,concise and emotionally attuned,That sounds like a nice way to wrap up your day! What are you in the mood for?,"Thanks! I'm leaning toward something comforting, maybe pasta or a stir-fry. How about you, what’s your go-to dinner?",joy,0.6654312610626221
sadness,I just can’t shake this heavy feeling; it’s like a cloud following me everywhere I go.,fear,0.9120233058929443,Validate,concise and emotionally attuned,"It sounds really overwhelming to feel that heaviness all around you, almost like an uninvited companion. It's completely understandable to feel weighed down by that persistent cloud.","It truly is overwhelming; even in moments of joy, that heaviness lingers, reminding me of everything I try to escape. I wish I could find a way to break free from it.",sadness,0.929487943649292
sadness,I just can’t shake this heaviness in my chest; it feels like I’ve lost something I can’t get back.,sadness,0.7025855779647827,Validate,concise and emotionally attuned,"It sounds like you're feeling an intense weight from a sense of loss, and that must be really difficult to carry. It's completely understandable to feel this way when it feels like something important is gone.","Yes, it's like a shadow that looms over everything, reminding me of what once was. I just wish I could find a way to let go of this pain.",fear,0.4214826822280884
sadness,"I can't shake this heavy feeling, like everything I've lost is just weighing me down.",sadness,0.6562488675117493,Validate,concise and emotionally attuned,"It sounds like you’re really grappling with a heavy sense of loss, and that must feel incredibly burdensome. It’s understandable to feel weighed down by those emotions.","Yes, it truly is a struggle some days. It feels like the memories linger, reminding me of what I can’t get back.",sadness,0.4467504024505615
sadness,I just feel so lost and empty without her. Everything reminds me of what I've lost.,sadness,0.9811336398124695,Validate,concise and emotionally attuned,"It sounds incredibly painful to feel so lost and empty without her, and it's understandable that everything around you brings back those memories. That deep sense of loss can be overwhelming.","It really is overwhelming, and I just wish I could find a way to cope. The memories are like a shadow that won't leave me alone.",fear,0.6005032062530518
sadness,I never thought it would end like this; it feels like a piece of my heart is missing.,sadness,0.8734323978424072,Validate,concise and emotionally attuned,"It sounds like you're feeling a deep sense of loss and heartache right now, which is completely understandable given the situation. It's so painful to feel like something so important has been taken away.","Yes, it truly is painful. I just keep wishing things could have turned out differently; the emptiness is hard to bear.",sadness,0.9303613901138306
sadness,I can't shake this feeling of emptiness; it’s like a piece of me is missing.,sadness,0.4814455509185791,Validate,concise and emotionally attuned,"It sounds incredibly tough to feel that emptiness, like something essential is absent from your life. It's completely understandable to feel lost in that way.",It really is tough; I just wish I could find what’s missing and feel whole again. Some days it feels like I'm navigating through fog with no clear path.,sadness,0.654918909072876
sadness,"I just can’t shake this heavy feeling, like something precious has been lost for good.",sadness,0.8943912386894226,Validate,concise and emotionally attuned,"It sounds like you're really grappling with a profound sense of loss right now, and that weight must feel so difficult to carry. It's completely understandable to feel that way.",Thank you for understanding; it feels like a void that nothing seems to fill. I just wish I could find a way to bring back that sense of joy.,sadness,0.8426982760429382
sadness,I just can't shake this emptiness; it feels like everything I loved has slipped away.,fear,0.7213156819343567,Validate,concise and emotionally attuned,"It sounds like you're feeling a profound sense of loss and emptiness, and that must be really heavy to carry. I can see how deeply this impacts you.",It is heavy; each day feels so hollow without the joy they brought. I just wish I could find a way to fill that void.,sadness,0.9795379042625427
sadness,I can’t believe they’re really gone; it feels like a piece of my heart is missing.,surprise,0.7305389642715454,Validate,concise and emotionally attuned,It sounds like you’re feeling an immense loss and emptiness right now; that kind of pain is so hard to bear. It’s completely understandable to feel like a part of you is gone.,"Thank you for understanding; it helps to know I'm not alone in this pain. The emptiness is overwhelming, and some days just feel heavier than others.",sadness,0.9484086632728577
sadness,I just can't shake this feeling of emptiness; it’s like a heavy weight in my chest that won't go away.,fear,0.5990319848060608,Validate,concise and emotionally attuned,It sounds really tough to feel that heaviness in your chest; it’s understandable to feel weighed down by such emptiness. I'm here to listen as you navigate through this.,"Thank you for being here; it means a lot. Sometimes, just sharing this weight feels like the smallest relief, even if it’s still there.",joy,0.9341914653778076
sadness,I just can’t shake this heaviness in my chest; it’s like everything has lost its color.,sadness,0.33929315209388733,Validate,concise and emotionally attuned,It sounds incredibly tough to feel that heaviness and lack of color in your world right now. I can sense how overwhelming that must be for you.,"It really is overwhelming; some days feel like I'm just going through the motions, searching for a hint of brightness. I wish I could just feel lighter again.",surprise,0.4498960077762604
sadness,I just can't shake this feeling of emptiness; it’s like a weight I can’t lift.,fear,0.5621965527534485,Validate,concise and emotionally attuned,"It sounds like you're feeling really overwhelmed by this emptiness, almost as if it's an exhausting burden to carry. That must be incredibly heavy to feel day after day.","It truly is exhausting, like I'm dragging a shadow that never leaves. I just wish I could find a moment of light, even if it's just a little one.",sadness,0.7812173962593079
sadness,I just can't shake this feeling of emptiness; it’s like a weight sitting heavy on my chest.,fear,0.5749561190605164,Validate,concise and emotionally attuned,It sounds really tough to feel that heaviness and emptiness; it must be overwhelming to carry that weight. You're not alone in experiencing such heavy emotions.,"Thank you for understanding. It feels so isolating at times, like no one else can truly see the depth of this weight I carry.",sadness,0.6850154995918274
sadness,I just can't shake this feeling of emptiness; it’s like a heavy weight I carry around with me.,fear,0.5200726389884949,Validate,concise and emotionally attuned,It sounds incredibly difficult to carry that heavy feeling of emptiness; it must be really exhausting for you. I can sense how much this weighs on you.,"Thank you for understanding. It truly feels like I’m in a constant battle against this heaviness, and some days, it’s just so tiring.",sadness,0.7512145042419434
sadness,I just can't shake this heavy feeling inside; it’s like everything I loved is slipping away.,fear,0.7454488277435303,Validate,concise and emotionally attuned,"It sounds incredibly difficult to carry that heavy feeling, and I can sense how much it hurts to feel like you’re losing what you cherish. That kind of sadness can feel really overwhelming.","It is overwhelming; it feels like a part of me is fading away, and I don’t know how to hold on to the pieces that still matter.",surprise,0.45416808128356934
sadness,I just feel so lost without them; it hurts to think about all the moments we won’t share anymore.,sadness,0.9718024134635925,Validate,concise and emotionally attuned,"It sounds like you're experiencing deep sadness and a profound sense of loss; it’s completely understandable to feel that way when thinking about the moments that are now gone. Your pain is valid, and it's okay to grieve what you’ve lost.","Thank you for understanding; it just feels like everything has changed, and I can’t help but miss those shared moments that once brought me so much joy. It’s hard to imagine moving forward without them.",joy,0.5078381299972534
sadness,I can't shake this heavy feeling in my chest; it just feels like nothing will ever be the same again.,fear,0.7954527735710144,Validate,concise and emotionally attuned,It sounds like you’re really feeling weighed down by this sense of change and uncertainty; that heaviness must be incredibly difficult to carry.,"It truly is—sometimes it feels like I'm trapped beneath it, and no matter how hard I try, I can't seem to find the light. It's exhausting just trying to navigate through it all.",sadness,0.4328773319721222
sadness,I can’t shake this heavy feeling; it’s like a shadow that just won’t lift.,fear,0.7532283663749695,Validate,concise and emotionally attuned,"It sounds like you’re really weighed down by this feeling, and it must be tough to carry that around. I hear how heavy that shadow feels for you.","It really is tough; some days, it feels like it’s all too much to bear. I appreciate you acknowledging that—it makes me feel a little less alone in it.",sadness,0.9789757132530212
sadness,I just can’t shake this feeling of emptiness; everything seems a little dimmer today.,sadness,0.6224465370178223,Validate,concise and emotionally attuned,"It sounds like you’re really struggling with a deep sense of emptiness, and that must feel incredibly heavy. It's understandable to feel that way when everything feels dim.","It does feel heavy, like a weight I can’t lift. I keep hoping something will brighten the day, but the shadows just linger.",sadness,0.8511767387390137
sadness,"I thought things would be different by now, but it feels like I’m still alone in this.",sadness,0.9352790713310242,Validate,concise and emotionally attuned,It sounds really heavy to feel like things haven’t changed and that loneliness is still a part of your experience. It’s understandable to wish for a different reality.,"Yeah, it really is heavy. I just keep wondering if I'll ever find a connection that makes all this worth it.",surprise,0.6433473229408264
sadness,I never thought saying goodbye would hurt this much. It feels like there's a heavy weight in my chest.,sadness,0.5503236651420593,Explore,concise and emotionally attuned,It sounds like this goodbye is really weighing on you—what do you think makes it feel so heavy? Can you share more about what this goodbye means to you?,It's the memories we shared that make it so hard to let go. Each moment feels like a piece of my heart is being pulled away.,sadness,0.4867316484451294
sadness,I just can’t shake this feeling of emptiness; it’s like a heavy weight sitting on my chest.,fear,0.5698750019073486,Explore,concise and emotionally attuned,It sounds really heavy to carry that feeling; can you share what moments or thoughts seem to amplify it for you? What does that weight feel like during different times of the day?,"It's especially overwhelming in the mornings when everything feels quiet and I have to face the day. Thoughts of missed opportunities and loneliness creep in, deepening that weight even further.",sadness,0.778643786907196
sadness,I just can’t shake this heavy feeling; it’s like I’m carrying a cloud.,fear,0.732509195804596,Explore,concise and emotionally attuned,That sounds really tough; can you share more about what’s contributing to that heavy feeling for you? What moments or thoughts seem to amplify that cloud?,"It's the little things, really; memories that creep up and remind me of what I've lost. I try to push them away, but they just settle in deeper, making everything feel so much heavier.",sadness,0.4821353256702423
sadness,I just can’t shake this heavy feeling; it’s like everything is overshadowed by a lingering emptiness.,fear,0.3396610915660858,Explore,concise and emotionally attuned,That sounds really overwhelming. Can you share more about what moments amplify that heavy feeling for you?,"It hits hardest during quiet moments, when everything around me feels so vibrant, yet I can’t connect to it. It's like watching life from a distance, and that makes the emptiness a bit heavier.",joy,0.7084899544715881
sadness,I just can't shake this heavy feeling in my heart; everything seems so empty right now.,sadness,0.9693183302879333,Explore,concise and emotionally attuned,I'm really sorry to hear that you're feeling this way. Can you share more about what's been making you feel so empty lately? What does that heaviness feel like for you?,"It's like a constant weight, a reminder of everything I’ve lost. I just feel so lost and disconnected, like there's a fog around me that I can't seem to break through.",sadness,0.9540196657180786
sadness,"I just can't shake this feeling of emptiness, like something important is missing.",sadness,0.7270558476448059,Explore,concise and emotionally attuned,I'm really sorry to hear that you're feeling this way. Can you share more about what moments or thoughts amplify that sense of emptiness for you?,"Thank you for your understanding. It's usually in quiet moments, when I find myself lost in thought, that the weight of that emptiness feels the heaviest.",sadness,0.7903887033462524
sadness,I can’t shake this feeling of emptiness; it feels like everything I once loved is just slipping away.,sadness,0.5713754892349243,Explore,concise and emotionally attuned,It sounds really heavy to feel that way; what specific things do you feel are slipping away for you? Can you share more about what those moments or interests meant to you?,"It’s hard to put into words; it’s like the joy in music and art has faded, and even the little things that used to spark happiness feel distant. Those moments brought me a sense of connection and purpose, and now they just feel like echoes of a happier time.",sadness,0.9599894881248474
sadness,I never thought it would hurt this much to say goodbye.,sadness,0.9403002858161926,Explore,concise and emotionally attuned,It sounds like this goodbye is really weighing on you. Can you share what about it feels the hardest for you right now?,"It's the finality of it all, knowing that once we part ways, things will never feel the same again. I can't shake the feeling of emptiness that comes with leaving so much behind.",sadness,0.7518603801727295
sadness,I just can't shake this feeling of emptiness; it’s like a cloud hanging over me.,fear,0.8350361585617065,Explore,concise and emotionally attuned,It sounds really heavy to carry that feeling. Can you share more about when you first started noticing this emptiness?,"I think it first crept in when I experienced some significant changes in my life. It's hard to pinpoint exactly, but it feels like it's been a constant presence since then.",neutral,0.883313000202179
sadness,"I just sit here, staring at the photos, wishing things could go back to the way they were.",neutral,0.6164511442184448,Explore,concise and emotionally attuned,It sounds like those photos hold a lot of meaningful memories for you. What specifically about that time do you find yourself longing for the most?,"I miss the laughter and the simplicity of those moments, when everything felt so much lighter—like hope was always just around the corner. It’s hard to think about how far away that feels now.",sadness,0.6055330038070679
sadness,I can't shake this heaviness in my chest; it feels like I've lost something I can’t get back.,sadness,0.8300145268440247,Explore,concise and emotionally attuned,"That sounds really difficult to carry. Can you share more about what that heaviness feels like for you, or what you think you might have lost?","It's an aching emptiness that lingers, a reminder of moments that once brought joy. I think I've lost a piece of myself—something pure and filled with hope.",sadness,0.9762547016143799
sadness,"I just feel so alone right now, like there's a weight I can't shake off.",sadness,0.938205897808075,Explore,concise and emotionally attuned,That sounds really heavy and isolating. Can you share more about what’s been contributing to that feeling of loneliness for you?,"It's hard to pinpoint, but it feels like the world has moved on while I'm stuck here. Every day just feels a bit heavier.",neutral,0.39974650740623474
sadness,"I never expected I'd feel this lonely, sitting here with memories that only bring me pain.",sadness,0.9694399237632751,Explore,concise and emotionally attuned,"It sounds like those memories are really weighing on you. What kind of feelings do those memories bring up for you, and how do they affect your day-to-day life?","These memories haunt me, filling my days with a sense of loss that feels like an anchor pulling me down. I often find myself lost in thoughts of what could have been, which makes it hard to find joy in anything now.",sadness,0.6689147353172302
sadness,I can’t shake this heavy feeling in my chest; everything just feels so empty without them.,sadness,0.9526026844978333,Explore,concise and emotionally attuned,It sounds really painful to feel that emptiness without them. Can you share more about what you miss the most?,"I miss the small moments we shared, the laughter and the comfort of just being together. It all feels so cold and hollow now without their presence.",sadness,0.9754413366317749
sadness,I can't believe it's all gone; it feels like a part of me is missing.,surprise,0.46150654554367065,Explore,concise and emotionally attuned,That sounds really heartbreaking; can you share what you feel is missing the most? What memories or connections do you find yourself longing for?,"I miss the moments we shared—laughing, talking, just being together. It feels like those pieces of joy have been taken away, leaving an emptiness that’s hard to cope with.",sadness,0.9682894349098206
sadness,I just keep thinking about all the moments that we'll never get to share again. It hurts more than I thought it would.,sadness,0.8725577592849731,Explore,concise and emotionally attuned,That sounds really painful; what specific moments are weighing on your heart the most right now? How does it feel to carry that sense of loss with you?,"It’s the little things, like laughing over silly inside jokes or just sitting in comfortable silence together. Carrying that loss feels like a heavy weight that never fully lifts; it’s always there, reminding me of what used to be.",neutral,0.6516945362091064
sadness,I can’t shake this heavy feeling; it’s like everything I care about is slipping away.,fear,0.6558313369750977,Explore,concise and emotionally attuned,That sounds incredibly tough; could you share more about what feels like it's slipping away for you? What specific moments or experiences amplify that heavy feeling?,"It’s mostly the small moments, you know? The laughter with friends, the warmth of familiar places—everything just feels so distant now.",sadness,0.5089060068130493
sadness,I just can't shake this heavy feeling; it’s like a cloud hanging over me.,fear,0.8402602672576904,Explore,concise and emotionally attuned,That sounds really tough; can you share more about what might be contributing to that heavy feeling for you? What are some moments lately that have felt especially weighty?,"It's hard to pinpoint exactly, but it’s been a mix of everything—pressure at work, missing old friends, and just feeling lost in my own thoughts. Each day feels like I'm trudging through the fog.",sadness,0.9351497888565063
sadness,I just can’t shake this heavy feeling; it’s like I’m carrying the weight of the world all alone.,fear,0.6803329586982727,Explore,concise and emotionally attuned,It sounds really tough to feel that way. Can you share more about what’s been contributing to that heavy feeling?,"It’s hard to pinpoint just one thing; it’s a mix of worries about the future and feeling disconnected from everyone around me. Sometimes, it just feels overwhelming, like I’m stuck in this fog.",sadness,0.6060276031494141
sadness,"I just found out that my childhood friend moved away, and it feels like a piece of my past is gone forever.",sadness,0.8953860998153687,Explore,concise and emotionally attuned,That sounds really tough—losing a friend can feel like such a deep loss. What memories come to mind when you think about your time together?,"Thanks for understanding. I keep thinking about all the summers we spent playing in the backyard, just laughing and being carefree—it feels like those moments are slipping away with him.",neutral,0.5198726058006287
sadness,I just can't shake this heavy feeling in my chest; everything feels so empty without them.,sadness,0.959079384803772,Reframe,concise and emotionally attuned,"It’s completely natural to feel an overwhelming sense of loss; perhaps this heaviness reflects just how deeply you cared for them, and that connection will always hold meaning. This moment of grief can also be a step toward honoring what they brought to your life.","I appreciate that perspective, but it still hurts so much to think of what’s missing; honoring their memory feels overwhelming amidst this sadness.",sadness,0.8310279250144958
sadness,I just can't shake this heavy feeling like something precious has slipped away.,joy,0.8448684215545654,Reframe,concise and emotionally attuned,"It sounds like that heavy feeling reflects how deeply you value what you've lost, which shows your capacity for love and connection. Perhaps this moment can also be a reminder to cherish the precious memories and lessons that remain with you.","Thank you for that perspective; it’s comforting to think of the memories as treasures amidst the sadness. Yet, the absence still feels overwhelming, and I can’t help but mourn what used to be.",sadness,0.7639198899269104
sadness,"I just feel like everything I cared about is slipping away, and it hurts so much.",sadness,0.977368950843811,Reframe,concise and emotionally attuned,"It sounds truly painful to feel that way, but perhaps this moment could be an opportunity to discover new things that bring you joy or rekindle your passion for what really matters to you. Sometimes, loss can open doors to unexpected paths.","I get that, and part of me hopes for that, but it’s hard to see beyond the pain right now. Everything feels heavy, like the sadness just overshadows any possibility of joy.",sadness,0.9789793491363525
sadness,I just can’t shake this heavy feeling in my chest; everything seems so empty without them.,sadness,0.8413364887237549,Reframe,concise and emotionally attuned,"It's completely understandable to feel that weight; it shows how deeply you care. Perhaps this emptiness can also be seen as a space for remembering the love you shared, honoring that connection in a new way.","I know you're right, but it still hurts so much. Remembering feels bittersweet; it's a reminder of what I’ve lost.",sadness,0.9815977811813354
sadness,I just feel so lost without them; it’s like there’s a heaviness in my heart that won’t go away.,sadness,0.9685360789299011,Reframe,concise and emotionally attuned,"It’s completely natural to feel the weight of that absence; perhaps this heaviness reflects the deep connection you shared, highlighting how meaningful they were in your life. Embracing these emotions can also be a way to honor that bond as you navigate through this challenging time.",Thank you for understanding; it really does feel like I'm carrying their memory with me. It's just hard to find a path forward when everything feels so empty.,sadness,0.9671655893325806
sadness,I just feel this heavy ache in my chest; it’s like everything is too much to bear right now.,sadness,0.8301820158958435,Reframe,concise and emotionally attuned,"It sounds like you're feeling really overwhelmed, which is completely understandable; perhaps this ache is a signal from your heart, letting you know it’s time to honor what you’re going through and allow space for your feelings. Even in these tough moments, it’s okay to acknowledge your strength in facing such heavy emotions.","Thank you for understanding; sometimes it feels so isolating, but a little acknowledgment can ease that burden, even just a bit. I guess I’m just trying to navigate through this fog of sadness.",sadness,0.8055080771446228
sadness,I can't believe it's really over; it hurts so much to think about everything we've lost.,sadness,0.6114752888679504,Reframe,concise and emotionally attuned,"It’s completely understandable to feel this deep sense of loss; however, it might help to see this as a chance to honor those memories while also creating space for new experiences and growth ahead. Your feelings matter, and this shift can lead to unexpected opportunities.","I appreciate your perspective, but it feels hard to focus on growth right now when the emptiness feels so overwhelming. The memories are all I can think about, and it’s painful to let go.",sadness,0.9579400420188904
sadness,I just can’t shake this heavy feeling; everything seems a little dimmer today.,sadness,0.6247183680534363,Reframe,concise and emotionally attuned,"It sounds like you're really feeling the weight of things right now, which is completely valid. Sometimes, those heavy moments can also guide us to what we truly need to feel brighter again.",Thank you for understanding; it really helps to know that my feelings are valid. I just wish I could find that light again more easily.,joy,0.8095525503158569
sadness,I just can't shake this heavy feeling; it’s like everything around me is grey.,fear,0.6817324757575989,Reframe,concise and emotionally attuned,"It sounds like you're really weighed down right now, which is completely understandable; sometimes those grey moments can actually help us notice what needs our attention or care. Acknowledging that heaviness can be the first step toward finding your colors again.","I appreciate that perspective; it's just hard to see the colors when the weight feels so heavy. I know I need to pay attention to what’s bothering me, but it’s overwhelming right now.",sadness,0.38526007533073425
sadness,"I just feel this heavy weight in my chest, like something precious has been lost and I can’t get it back.",sadness,0.9088402986526489,Reframe,concise and emotionally attuned,"It sounds like you’re carrying a profound sense of grief for something meaningful, which shows just how deeply you care. Perhaps this weight is a testament to the significance of that lost connection, reminding you of the beauty it brought to your life.","Yes, it really does feel that way—like a constant reminder of what once was. The beauty of it all seems to make the ache even harder to bear.",neutral,0.4921569228172302
sadness,I don't think I'll ever feel whole again after losing them.,joy,0.8309435844421387,Reframe,concise and emotionally attuned,"It’s completely understandable to feel that way after such a profound loss; perhaps instead of looking for wholeness now, you might find comfort in embracing the ways they continue to live within you. Allowing yourself to feel this journey might reveal moments of healing you didn’t expect.","I appreciate your perspective, but it feels like such an empty journey right now. It’s hard to see their presence in anything but the pain of their absence.",sadness,0.9478724002838135
sadness,I just can't shake this heavy feeling in my chest; it’s like everything I loved has slipped away.,fear,0.7710570693016052,Reframe,concise and emotionally attuned,"It sounds like you're carrying a lot of pain right now, and it's okay to feel that way; perhaps this heaviness can be seen as a signal that you deeply value those connections, reminding you of what once brought you joy. Though it feels heavy, this may also be an opportunity for reflection and healing.","Thank you for understanding. It’s hard to see the heaviness as anything but a reminder of what I've lost, but I suppose reflection could be a step towards feeling whole again.",sadness,0.811059832572937
sadness,"I can’t shake this heavy feeling in my chest, like something precious has slipped away.",fear,0.8712800741195679,Reframe,concise and emotionally attuned,"It sounds like you're really feeling the weight of a loss, and that's completely understandable. Often, these heavy feelings can open a space for reflecting on what truly matters to us and how we can cherish those memories going forward.","It’s hard to think about cherishing memories when the pain feels so raw; it’s like I’m caught in this loop of missing what once was. I want to honor those moments, but the emptiness is overwhelming.",sadness,0.8833134770393372
sadness,"I can’t shake this feeling of emptiness; it’s like something precious is gone, and I don’t know how to get it back.",fear,0.5456028580665588,Reframe,concise and emotionally attuned,"It sounds like you're experiencing a deep sense of loss, which can highlight how much you truly value those precious feelings. Perhaps this emptiness is also an invitation to explore what truly fulfills you and discover new sources of meaning.","It's hard to see it that way right now; the emptiness feels so heavy, and I’m not sure I'm ready to explore anything new. I just miss what once was.",sadness,0.9246830344200134
sadness,"I just feel this heavy weight in my chest, like something precious has been lost forever.",sadness,0.9381722211837769,Reframe,concise and emotionally attuned,"It sounds like this heaviness might reflect how deeply you care about what has been lost, highlighting the value of that connection. It's okay to grieve; it shows just how meaningful those memories truly are.","You're right; it's just hard to accept that some moments can't be recaptured. That connection felt like a lifeline, and now it feels like a piece of me is missing.",sadness,0.9370123744010925
sadness,I can't believe they're really gone; it just hurts so much to think about it.,surprise,0.8067423105239868,Reframe,concise and emotionally attuned,"It's completely natural to feel this depth of pain and disbelief; it's a testament to the love and connection you shared. Perhaps by honoring their memory, you can find a way to carry that love forward with you.","I know that honoring their memory is important, but it feels so heavy right now. I just wish I could have one more moment with them.",sadness,0.9480405449867249
sadness,I just can't shake this heavy feeling; it's like a cloud that won't pass.,fear,0.8417277336120605,Reframe,concise and emotionally attuned,"It sounds really tough to feel that weight lingering, but perhaps it’s also a reminder of your strength in facing these heavy emotions. Even clouds shift over time, and so too can this feeling, allowing space for brighter moments.","I appreciate your perspective, but it still feels so suffocating; it’s hard to see the brightness when I’m stuck in this fog. I just wish it would lift already.",sadness,0.916103720664978
sadness,"I just feel so empty inside right now, like everything I once held dear has slipped away.",sadness,0.9782888889312744,Reframe,concise and emotionally attuned,"It sounds like you're experiencing a profound loss, but this emptiness could also be an opportunity for growth and rediscovery, a chance to explore what truly matters to you now. It's okay to feel this way; it might lead you to something meaningful just beyond the horizon.","I appreciate your words, but it's hard to think about growth when everything feels so heavy. Right now, I just want to sit with this emptiness and let it be what it is.",sadness,0.9332568645477295
sadness,"I just feel like everything I hoped for is slipping away, and I can't seem to hold on to anything anymore.",sadness,0.8203540444374084,Reframe,concise and emotionally attuned,"It sounds incredibly tough to feel that way, but maybe this moment is an opportunity to explore new possibilities you haven't considered yet, even amidst the uncertainty. Holding onto hope can look different than we expect, and sometimes it opens unexpected doors.","I appreciate your perspective, but it’s hard to shake this feeling of loss. It’s just overwhelming to think about finding hope when everything feels so heavy.",sadness,0.916628360748291
sadness,I never thought it would end like this; I feel so alone.,sadness,0.9807408452033997,Reframe,concise and emotionally attuned,It’s understandable to feel that way right now; endings can feel incredibly isolating. Perhaps this moment can also be a powerful opportunity for growth and reconnection with yourself.,"I appreciate that perspective, but it’s hard to think about growth when the loneliness feels so overwhelming. I just wish things were different.",surprise,0.4386325478553772
sadness,I never thought we'd drift apart like this; it really hurts to feel so alone.,sadness,0.9825791120529175,Affirm,concise and emotionally attuned,"It takes a lot of courage to express those feelings, and your honesty shows how deeply you care about your connection. That awareness is a strength, and it’s a powerful step toward understanding each other better.",Thank you for acknowledging my feelings; it just feels so heavy knowing that what we had is slipping away. I really miss the closeness we used to share.,sadness,0.976709246635437
sadness,I can’t believe I’ll never see them again. It just hurts so much.,surprise,0.5446560382843018,Affirm,concise and emotionally attuned,"It's completely understandable to feel so deeply about this loss; your ability to express your emotions shows how much you genuinely cared. Remember, it’s okay to grieve and take the time you need to heal.","Thank you for your kind words. It just feels so empty without them, and I don't know how to navigate this pain.",sadness,0.9628591537475586
sadness,I just can't shake this emptiness inside; it feels like everything I cared about has slipped away.,fear,0.8611837029457092,Affirm,concise and emotionally attuned,It's truly courageous of you to express those feelings; acknowledging that emptiness shows your strength and self-awareness. Your ability to reflect on what matters to you is a powerful trait that can help guide you through this tough time.,Thank you for your kind words; it’s hard to see the strength in the emptiness right now. I just wish I could feel even a flicker of what once mattered.,sadness,0.5239447951316833
sadness,"I just feel so heavy inside, like everything I cared about has slipped away.",sadness,0.8893916606903076,Affirm,concise and emotionally attuned,It’s completely understandable to feel that weight; it shows how deeply you care and the strength you have to express those emotions. Your willingness to share what you’re feeling is a powerful step toward healing.,Thank you for understanding. It’s just hard to see a way forward when everything feels so lost.,sadness,0.9174346923828125
sadness,I just can’t shake this heavy feeling inside; everything seems much darker today.,sadness,0.6775633096694946,Affirm,concise and emotionally attuned,"It takes a lot of courage to express how you feel, and acknowledging your emotions is a strong step forward. Remember, it's okay to have tough days; your feelings are valid, and you're not alone in this.","Thank you for your kind words; it helps a little to know that I'm not alone. But it still feels like this weight won’t lift, and I don’t know how to move past it.",sadness,0.739871621131897
sadness,I can't shake this heaviness in my chest; it just feels like everything I've lost is echoing around me.,sadness,0.7306475043296814,Affirm,concise and emotionally attuned,"It’s so brave of you to express what you’re feeling; acknowledging that heaviness shows incredible self-awareness and strength. Remember, it's okay to feel this way, and you’re definitely not alone in it.","Thank you for saying that; it just feels so isolating sometimes, like I'm lost in my memories. I wish I could find a way to lighten this weight, but it lingers like a shadow.",sadness,0.9343793392181396
sadness,I just can't shake this heavy feeling today; everything seems a little bit darker.,sadness,0.8755234479904175,Affirm,concise and emotionally attuned,"It's completely okay to feel this way sometimes; recognizing those feelings shows your strength and self-awareness. Remember, it's a sign of resilience that you're willing to express what you're going through.",Thank you for your kind words; it just feels so overwhelming right now. I appreciate you reminding me that it's part of the journey.,surprise,0.7562040686607361
sadness,I just can’t shake this heavy feeling; it’s like something precious has slipped away from me.,fear,0.6848031282424927,Affirm,concise and emotionally attuned,It’s completely okay to feel that way; it shows how deeply you care and how connected you are to what truly matters. Your ability to recognize and process these feelings speaks volumes about your emotional strength.,"I appreciate your kind words, but it’s hard to see the strength in this sadness; it just feels like an emptiness that lingers. I know I should embrace it, but it still weighs so heavily on my heart.",sadness,0.9690750241279602
sadness,I can’t believe it’s really over; it feels like a piece of my heart is missing.,surprise,0.5067092776298523,Affirm,concise and emotionally attuned,"It's completely understandable to feel that way; your heart is full of the beautiful moments you shared. Your vulnerability shows just how deeply you care, and that's truly a strength.","Thank you for your kind words; it’s just hard to let go of those moments that meant so much. I keep hoping the pain will ease, but it feels so heavy right now.",sadness,0.9698282480239868
sadness,I just can't shake this feeling of emptiness; everything feels so heavy today.,sadness,0.9491769075393677,Affirm,concise and emotionally attuned,"It’s completely okay to feel this way; acknowledging your emotions shows incredible self-awareness. Remember, it takes strength to be open about your feelings, and I admire your courage in sharing this with me.","Thank you for your kind words. It’s comforting to know that I’m not alone in this, but it still feels so hard to carry the weight of it all.",sadness,0.8567438125610352
sadness,I never thought saying goodbye would hurt this much. It feels like a part of me is missing.,sadness,0.9747501015663147,Affirm,concise and emotionally attuned,"It's completely okay to feel this way; your ability to express such deep emotions shows just how much you truly care. You're strong for recognizing your feelings, and that vulnerability is a testament to your connection.","Thank you for acknowledging my feelings. It just feels so heavy, like the world is a bit darker without that connection.",sadness,0.943575382232666
sadness,"I just feel a heavy weight in my chest, like everything I've lost is pressing down on me.",sadness,0.5537477731704712,Affirm,concise and emotionally attuned,"It’s completely valid to feel that weight; recognizing it shows your strength and depth of feeling. You're navigating such intense emotions, and that takes incredible courage.",Thank you for understanding. It’s just hard to carry so much grief and still find a way to move forward.,sadness,0.7903411388397217
sadness,"I just feel so heavy inside, like I can't shake this lingering emptiness.",sadness,0.5992166996002197,Affirm,concise and emotionally attuned,It's completely okay to feel that way; it shows just how deeply you’re experiencing your emotions. Your willingness to share this feeling demonstrates your strength and desire for connection.,Thank you for understanding; it’s just hard to see the light when everything feels so heavy. I appreciate your kind words—they do mean a lot to me.,sadness,0.8515432476997375
sadness,I just feel so lost without them; it’s like the light has gone out of my life.,sadness,0.9377119541168213,Affirm,concise and emotionally attuned,It’s completely understandable to feel this way; your deep connection shows just how much love and meaning they brought into your life. Your ability to express your feelings shows immense strength and vulnerability.,Thank you for your kind words; they mean a lot. It’s just hard to imagine moving forward when everything reminds me of them.,joy,0.6335857510566711
sadness,"I just feel this heavy weight in my chest, like something precious has been lost and I can't get it back.",sadness,0.921786367893219,Affirm,concise and emotionally attuned,It’s so brave of you to express what you’re feeling; acknowledging that heavy weight shows how deeply you care about what you've lost. That strength will guide you through this challenging moment.,"Thank you for your kind words; it means a lot. Even though I know it's important to acknowledge these feelings, the ache of loss still lingers, making it hard to find peace.",sadness,0.5925031304359436
sadness,I just can’t shake this heavy feeling inside; it’s like I’ve lost something I can’t get back.,fear,0.6575980186462402,Affirm,concise and emotionally attuned,"It's really brave of you to express those feelings; acknowledging them shows strength and vulnerability. You're not alone in this, and your willingness to share is a testament to your resilience.","Thank you for your kind words; it’s comforting to know I’m not alone in this, but the weight still feels so heavy. I just wish I could find a way to lift it, even just a little.",sadness,0.7511193156242371
sadness,"I just feel like everything I cared about has slipped away, and it’s hard to keep going.",sadness,0.8102445006370544,Affirm,concise and emotionally attuned,"It’s completely understandable to feel this way, and recognizing your feelings is a brave step. Your willingness to express yourself shows strength and resilience; keep holding on to that courage.","I appreciate your kind words, but it still feels overwhelming sometimes, like I'm stuck in a fog with no clear path ahead. It’s hard to see the light when everything feels so heavy.",fear,0.7455199360847473
sadness,I can’t believe they’re really gone; it just hurts so much to think about it.,surprise,0.8404197692871094,Affirm,concise and emotionally attuned,It’s completely understandable to feel this way; your emotions show just how deeply you care. Your strength in expressing this pain is a testament to your love and connection.,"Thank you for your understanding; it’s hard to process this loss. Every moment feels heavier without them, and I just miss them so much.",sadness,0.9590379595756531
sadness,"I just feel like everything I once held dear has slipped away, and I’m left with this hollow ache in my chest.",sadness,0.944891631603241,Affirm,concise and emotionally attuned,"It's really brave of you to share how deeply you're feeling right now, and that shows just how much you care about what you've lost. Your openness speaks to your strength, and even in this pain, your ability to express it is truly admirable.","Thank you for your kind words; it feels like a small relief amidst this heaviness. I guess sharing does help, even if it’s a painful reminder of what’s gone.",sadness,0.8052899241447449
sadness,"I thought things would get better, but it feels like I'm losing everything I care about.",sadness,0.9413436651229858,Affirm,concise and emotionally attuned,"It’s incredibly brave of you to share your feelings, and it shows how much you care about what matters in your life. Acknowledging your struggles is a significant step, and your strength to keep going amidst this is truly admirable.",Thank you for your kind words; it’s just hard to see the strength when everything feels so heavy. I guess I’m just trying to hold on to those things that matter.,sadness,0.7614004015922546
sadness,I can't shake this heavy feeling inside; it just feels like everything is slipping away.,fear,0.79107266664505,Guide,concise and emotionally attuned,It sounds really tough to feel that way; it’s okay to acknowledge those feelings. Try taking a few moments to breathe deeply or jot down what’s weighing on your mind—sometimes getting it out can lighten the load.,I appreciate your suggestions; it’s hard to find the energy to even breathe deeply right now. It feels like I’m caught in this fog that just won’t lift.,neutral,0.5485038757324219
sadness,I just can't shake this empty feeling inside; it’s like everything I loved has slipped away.,sadness,0.853420078754425,Guide,concise and emotionally attuned,"It's really tough to feel that way; acknowledging it is the first step. Consider reaching out to a friend or doing a small activity you once enjoyed—sometimes reconnecting with what you love, even in little ways, can help spark some joy.","I appreciate that suggestion; it’s just hard to see how anything could bring back that spark. It feels like I’m stuck in this fog, longing for the things I lost.",neutral,0.47041091322898865
sadness,"I just can’t shake this heavy feeling, like something precious has slipped away for good.",sadness,0.36296188831329346,Guide,concise and emotionally attuned,"I'm really sorry to hear that you're feeling this way; it’s tough when it seems like something important is lost. Take a moment to jot down what you miss most or how you can reconnect with what brings you joy, like reaching out to a friend or revisiting a favorite hobby.","I appreciate your kindness, but it feels hard to see the joy in those things right now. It’s like a fog has settled, and everything I used to love feels just out of reach.",sadness,0.9314261078834534
sadness,I can’t shake this feeling of emptiness today; everything just seems a little dimmer.,sadness,0.6730822324752808,Guide,concise and emotionally attuned,It’s okay to feel this way; try reaching out to a close friend for a chat or jotting down what’s on your mind in a journal. A little connection or expression can help brighten your day.,"I appreciate your suggestion; it's just hard to find the energy to reach out right now. Writing might help, but the weight feels heavy today.",sadness,0.8908020257949829
sadness,I just can't shake this heavy feeling; everything seems a bit dimmer today.,sadness,0.8024179339408875,Guide,concise and emotionally attuned,"It's completely okay to feel this way; try taking a few moments to breathe deeply, maybe step outside for some fresh air, or reach out to a friend for a chat. Small actions like these can help lighten that heaviness a bit.","I appreciate the suggestions, but even small moments seem overshadowed by this weight. It’s hard to see the light right now.",sadness,0.38546252250671387
sadness,I can't shake this heavy feeling; it just feels like everything I loved is slipping away.,fear,0.49954313039779663,Guide,concise and emotionally attuned,"It sounds like you're feeling really overwhelmed right now, and it's okay to feel that way. Take a moment to write down three things that still bring you joy, no matter how small, and consider reaching out to a trusted friend to share how you're feeling—it can help to connect with someone who cares.","I appreciate your kindness, but even those small joys seem distant right now. It feels hard to reach out when the weight is so heavy.",sadness,0.8497040271759033
sadness,I just can't shake this feeling of loss; it’s like a heaviness that won’t lift.,sadness,0.6369957327842712,Guide,concise and emotionally attuned,I'm really sorry to hear that you’re feeling this way; it’s tough to carry that weight. I suggest writing down your feelings or talking to someone who can listen without judgment—it can help to express what you're going through.,Thank you for your kindness; I appreciate the suggestion. It's just hard to imagine things feeling lighter right now.,joy,0.9281314611434937
sadness,I just can't shake this heavy feeling; it feels like everything I love is slipping away.,fear,0.7983395457267761,Guide,concise and emotionally attuned,"It sounds like you're carrying a lot right now; try reaching out to someone you trust to share how you're feeling, or take a short walk outside to clear your mind. Remember, it's okay to lean on others during tough times.","Thank you for your kind words. I know I should reach out, but it’s hard to feel like anyone can truly understand this weight I’m carrying.",joy,0.7057805061340332
sadness,I just can’t shake this feeling of emptiness inside; it’s like a heavy weight I can’t lift.,sadness,0.4345225989818573,Guide,concise and emotionally attuned,It sounds really tough to feel that way; it’s okay to acknowledge it. Try writing down your thoughts and feelings for a few minutes each day—sometimes putting them on paper can help lighten that weight a bit.,"I appreciate the suggestion, but it feels like no matter how much I write, that heaviness still lingers—it’s hard to see a way out sometimes.",sadness,0.5962719917297363
sadness,"I just can't shake this feeling of emptiness, like something vital is missing from my life.",sadness,0.7232005596160889,Guide,concise and emotionally attuned,"It’s tough to feel that way, and I’m here for you. Consider exploring new hobbies or reconnecting with old friends to ignite a sense of purpose; sometimes, small steps can lead to meaningful changes.","Thank you for your kindness; it means a lot. I wish it were that simple, but I feel stuck in this haze where even the smallest steps seem daunting right now.",fear,0.8337219953536987
sadness,"I just feel so empty inside, like nothing can fill the void left behind.",sadness,0.9663518667221069,Guide,concise and emotionally attuned,"It's okay to feel this way; acknowledge those feelings. Try to explore small activities that bring you joy, like going for a walk or talking to a friend, as those little steps can help fill that void gradually.","I appreciate the advice, but it feels so hard to take those steps right now. The emptiness just seems overwhelming.",sadness,0.9108086824417114
sadness,I just can't shake this emptiness inside; it feels like everything I used to love is fading away.,fear,0.8523996472358704,Guide,concise and emotionally attuned,"It's really tough to feel that way, and it's okay to seek help or talk about it. Consider trying something small that once brought you joy, like a favorite hobby, or reaching out to a friend for support; sometimes just taking that first step can help reignite those feelings.","I appreciate that suggestion, but it feels so overwhelming to even think about reaching out or doing something I used to love. It’s like I’m stuck in this fog, and every step feels heavy.",fear,0.5534061789512634
sadness,I can't believe it's really over; it just feels like a part of me is missing now.,surprise,0.6339623928070068,Guide,concise and emotionally attuned,"It’s completely normal to feel that way; give yourself permission to grieve this loss. Consider reaching out to friends or engaging in activities that uplift you to help process these feelings, even just a little bit at a time.","Thank you for understanding; it’s hard to imagine moving forward without what we had. I guess trying to connect with others might help, even if it feels daunting now.",fear,0.9817070364952087
sadness,I can't shake this feeling of emptiness; it’s like I’m carrying a weight that just won’t lift.,fear,0.6725863218307495,Guide,concise and emotionally attuned,"I hear you; that feeling can be really heavy. Try setting aside a few moments each day for activities that bring you small joys, like a walk in nature or journaling your thoughts, to help lighten that load.","Thank you, I appreciate the suggestion. It just feels like even those small joys are out of reach right now, but I’ll try to remember to seek them out.",joy,0.7783635854721069
sadness,I just feel so empty inside; it’s like a heavy weight I can’t shake off.,sadness,0.9261173605918884,Guide,concise and emotionally attuned,It sounds really tough to feel that way; it's important to acknowledge those feelings. Try journaling for a few minutes each day—write down what’s weighing on you and see if it helps to lighten the load.,"I appreciate your suggestion; maybe putting my feelings into words could help. Still, it’s hard to shake off this lingering emptiness on my own.",neutral,0.5730924606323242
sadness,"I feel really lost right now, like there's a weight on my chest that I can't shake off.",sadness,0.4429003596305847,Guide,concise and emotionally attuned,It's completely okay to feel this way; try taking a few deep breaths and then jot down what’s weighing on your mind. Sharing your thoughts with someone you trust can also help lighten that burden.,"Thank you for your understanding; it’s comforting to know I’m not alone in this. I’ll try to put my feelings into words, but it still feels so heavy.",sadness,0.9341185688972473
sadness,I just can’t shake this feeling of emptiness; everything seems so muted and dull without you.,sadness,0.8849392533302307,Guide,concise and emotionally attuned,"It sounds like you're going through a tough time, and it's okay to feel this way. Finding small joys—like a favorite activity or connecting with friends—might help bring some color back to your days. Would you be open to trying something new together?","I appreciate your understanding, but it feels like nothing can really fill this void right now. The thought of trying something new feels distant, though I know it might help.",sadness,0.9054040908813477
sadness,I just miss them so much; it feels like a part of me is missing.,sadness,0.9768978357315063,Guide,concise and emotionally attuned,It’s completely natural to feel that way; consider setting aside a few moments each day to reflect on your favorite memories together or write a letter to them. Connecting with those feelings can help you process your loss and honor what they meant to you.,"Thank you for the suggestion. I think reflecting on those memories might bring some comfort, even if it’s hard to face the reality of their absence.",joy,0.5663173198699951
sadness,I can't shake this heaviness in my chest; it feels like I've lost something I can never get back.,sadness,0.8932950496673584,Guide,concise and emotionally attuned,It sounds like you're carrying a lot right now; take a moment to breathe deeply and acknowledge your feelings. Consider writing down what's weighing on your heart—expressing it may help you start to lighten that load.,"Thank you for your understanding; it really does feel like an unshakable burden. I think writing might help, but it’s hard to imagine feeling lighter anytime soon.",sadness,0.6823082566261292
sadness,"I just feel this heavy weight in my chest, like something precious is gone forever.",sadness,0.9203681349754333,Guide,concise and emotionally attuned,"It sounds so heavy to carry that feeling; try taking a moment to breathe deeply and write down what you miss—acknowledging those feelings can be a powerful first step in processing them. Remember, it’s okay to seek support from loved ones during tough times.","Thank you for your kind words. It's just that sometimes, no amount of breathing can ease this emptiness; it lingers, a constant reminder of what I've lost.",neutral,0.7454468011856079
sadness,I just feel so lost and alone right now; everything reminds me of what I've lost.,sadness,0.9825380444526672,Normalize,concise and emotionally attuned,"It’s completely understandable to feel lost and alone after a loss; so many people experience those overwhelming feelings. You're not alone in this, even if it feels that way right now.","I appreciate that, but it still feels like a heavy weight I can’t shake off. I know others share this pain, but it’s hard to see beyond the emptiness right now.",sadness,0.5210564136505127
sadness,I just can't shake this feeling of emptiness; it feels like something important is missing from my life.,sadness,0.8509352207183838,Normalize,concise and emotionally attuned,"It’s tough to feel that emptiness; many people experience similar feelings of longing or loss at times. You're not alone in this, and it’s okay to acknowledge those emotions.",Thank you for understanding; it’s just hard to see the light sometimes when that emptiness feels so overwhelming. I appreciate the reminder that I’m not alone in this struggle.,fear,0.4952804148197174
sadness,I just can’t shake this heavy feeling; it’s like everything I care about is slipping away.,fear,0.7303730845451355,Normalize,concise and emotionally attuned,"It’s completely understandable to feel this way; many people experience that heaviness when things feel out of control. You're not alone in these feelings, and it’s okay to acknowledge how tough it is right now.",Thank you for understanding; it’s just hard to see the light when everything feels so uncertain. I wish I could find a way to hold on to what matters most.,fear,0.9846193194389343
sadness,I never thought it would end this way; it feels like a part of me is missing.,sadness,0.8791502118110657,Normalize,concise and emotionally attuned,"It’s incredibly hard to feel that loss, and many others have felt the same way when faced with such endings. You’re not alone in this; it’s natural to grieve what once was.","Thank you for understanding; it just feels so isolating sometimes. I wish things could have turned out differently, but it's hard to shake this emptiness.",sadness,0.7595873475074768
sadness,I just feel so lost without her; it’s like a part of me is missing.,sadness,0.9651190042495728,Normalize,concise and emotionally attuned,"It's really hard to feel that deep sense of loss; so many people experience this emptiness after losing someone important. Your feelings are completely valid, and it's okay to grieve that part of yourself.",Thank you for understanding; it feels like this emptiness is a constant reminder of what I've lost. I just wish I could find a way to carry her memory without the weight of this sadness.,sadness,0.9690049290657043
sadness,"I just feel so empty inside, like everything I once cherished has slipped away.",sadness,0.9816526770591736,Normalize,concise and emotionally attuned,"It’s really tough to feel that emptiness, and many people go through similar feelings of loss and disconnection. You're not alone in this, and it's okay to acknowledge how deeply this impacts you.","Thank you for understanding. It's just hard to shake off this feeling, like I’m carrying a weight I can’t quite define.",fear,0.6949666738510132
sadness,I can't shake this feeling of emptiness; it’s like a weight on my heart that just won't lift.,fear,0.5351241827011108,Normalize,concise and emotionally attuned,"It’s really tough to carry that weight, and many people feel similarly at times; it’s okay to acknowledge that heaviness. You're not alone in this, and it's understandable to feel overwhelmed.","Thank you for understanding; it’s comforting to know I’m not alone in this. But some days, that heaviness feels harder to bear.",sadness,0.8735039830207825
sadness,"I just feel so empty today, like everything I cared about is slipping away.",sadness,0.9786397218704224,Normalize,concise and emotionally attuned,"It’s really tough to feel that way, and many people experience those moments of emptiness too; it can be isolating. Just know that your feelings are valid, and it’s okay to be struggling with this.",Thank you for understanding; it means a lot. I just wish I could shake this feeling and find something to hold onto again.,fear,0.9344056248664856
sadness,I can’t believe they're really gone; it hurts to think about how empty everything feels without them.,sadness,0.9143664240837097,Normalize,concise and emotionally attuned,"I’m so sorry you’re feeling this way—it's truly painful to navigate that emptiness, and many people find themselves grappling with similar feelings after a loss. You're not alone in this deep sense of sorrow.",Thank you for understanding; it’s comforting to know I'm not alone in this overwhelming sadness. It’s just hard to imagine moving forward when their absence weighs so heavily on my heart.,sadness,0.970609724521637
sadness,I just feel so lost without them. It's like a piece of me is missing.,sadness,0.9565020203590393,Normalize,concise and emotionally attuned,"It's really tough to feel that absence; many people go through similar feelings when they lose someone important. You're not alone in this, and it's okay to grieve what you've lost.",Thank you for your understanding. It’s just hard to imagine moving forward when the emptiness feels so overwhelming.,surprise,0.4600429832935333
sadness,"I can't shake this heavy feeling, like something precious is just out of reach.",joy,0.7969489097595215,Normalize,concise and emotionally attuned,"It’s tough to feel like something meaningful is just beyond your grasp; many people encounter that same weighty sense of longing. You're not alone in this experience, and it’s okay to feel deeply about it.",Thank you for understanding; it’s comforting to know that this weight isn't mine alone to carry. I just wish I could find a way to bring that precious thing closer.,joy,0.5756052732467651
sadness,I just can’t shake this feeling of emptiness; it’s like something important is missing from my life.,fear,0.5498365759849548,Normalize,concise and emotionally attuned,"It’s tough to feel that emptiness, and many people share similar struggles at times, grappling with that sense of loss or lack. It’s okay to feel this way; your feelings are valid and not as isolating as they seem.","Thank you for understanding; it helps a little to know I’m not alone in this. Still, the weight of that emptiness can feel so heavy sometimes.",sadness,0.9432626366615295
sadness,"I just feel this heavy weight in my chest, like everything I loved is slipping away.",sadness,0.5771461725234985,Normalize,concise and emotionally attuned,"It sounds incredibly hard to feel that weight and sense of loss; many people go through moments where it feels like everything they cherish is fading. You're not alone in this, and it's okay to feel overwhelmed by those emotions.",Thank you for your understanding. It’s just hard to imagine a future without the things that once brought me joy.,joy,0.9131143689155579
sadness,"I just feel this heavy weight in my chest, like a part of me is missing.",sadness,0.7034408450126648,Normalize,concise and emotionally attuned,I'm really sorry to hear you're feeling this way; it's tough to carry that kind of weight. Many people experience similar feelings of emptiness and it can be such a heavy burden to bear.,"Thank you for understanding; it helps to know I’m not alone in this. It just feels like the emptiness doesn’t fade, no matter how much time passes.",sadness,0.4948713481426239
sadness,I can’t shake this heavy feeling inside; it just seems like everything I hoped for is slipping away.,fear,0.6412913203239441,Normalize,concise and emotionally attuned,"It’s heartbreaking to feel that way, and you're definitely not alone in experiencing that heavy weight; many people go through similar struggles when facing uncertainty. It's completely okay to feel this way, and your feelings matter.",Thank you for understanding; it’s just hard to see a way forward when everything feels so uncertain. I appreciate knowing that I’m not alone in this.,fear,0.9720785021781921
sadness,I just can't shake this feeling of emptiness; it’s like a heavy cloud hovering over me.,fear,0.78990638256073,Normalize,concise and emotionally attuned,"It’s truly tough when that feeling of emptiness settles in; many people struggle with similar heaviness at times. You’re not alone in this, and it’s okay to feel that way.","Thank you for understanding; it’s comforting to know I’m not alone in this struggle. Yet, the weight still feels so isolating.",sadness,0.8651455044746399
sadness,"I just feel a heavy weight in my chest, like something important has slipped away and won't come back.",sadness,0.4585645794868469,Normalize,concise and emotionally attuned,"It’s really tough to feel that weight and sense of loss; many people go through similar feelings when they’re grappling with something significant slipping away. You're not alone in this, and it's okay to feel heavy-hearted right now.","Thank you for understanding. It just feels so isolating, like the world is moving on while I’m still stuck in this moment of loss.",sadness,0.5934159755706787
sadness,I just feel so lost without her; it’s like a part of me is missing.,sadness,0.9651190042495728,Normalize,concise and emotionally attuned,"It’s so tough to feel that deep sense of loss; many people go through something similar and it can leave such a heavy void. Your feelings are completely valid, and it’s okay to grieve that connection.","Thank you for understanding; it’s just hard to accept that she’s truly gone. The void feels suffocating, and I can’t help but miss her every moment.",sadness,0.744931697845459
sadness,"I can't shake this heavy feeling, like there's a weight on my chest that just won't lift.",fear,0.8213818073272705,Normalize,concise and emotionally attuned,"It’s really tough to carry that kind of heaviness; many people experience similar feelings, and it can feel isolating. Your feelings are valid, and it’s okay to acknowledge how heavy this is for you right now.","It helps to know I'm not alone in this, but the reality of the weight still feels so present. I wish I could just find a way to let it go.",sadness,0.9236515760421753
sadness,I can’t shake this emptiness inside; it feels like a part of me is missing.,fear,0.8598672747612,Normalize,concise and emotionally attuned,"It’s really tough to feel that emptiness, and many people go through similar feelings of loss and longing. You're not alone in this; it’s a deep, challenging experience that can feel isolating.","Thank you for understanding; it helps to know I'm not alone in this struggle. Sometimes, though, the weight of it all feels unbearable.",sadness,0.9504067301750183
sadness,I just can’t shake this heavy feeling in my chest; everything seems so gray lately.,fear,0.5952664017677307,baseline,concise and emotionally attuned,I’m really sorry to hear that you’re feeling this way. It’s tough when everything feels heavy and gray. I’m here for you—let’s take it one step at a time together.,"Thank you for your kindness; it really means a lot. It’s just hard to see the light right now, but knowing you're here helps a little.",joy,0.8967226147651672
sadness,I can’t shake this heavy feeling like something precious has slipped away and I’ll never get it back.,joy,0.527210533618927,baseline,concise and emotionally attuned,I'm really sorry to hear that you're feeling this way. It’s completely understandable to feel a sense of loss over something meaningful. I'm here for you as you navigate through this.,Thank you for your kindness; it helps a bit to know I'm not alone in this feeling. I just wish I could find a way to hold onto those precious moments.,sadness,0.867642343044281
sadness,"I just found out that my friend is moving away, and it really hurts to think about saying goodbye.",sadness,0.9659400582313538,baseline,concise and emotionally attuned,I’m really sorry to hear that. It’s tough to say goodbye to someone you care about. It’s okay to feel hurt; your feelings are valid. I’m here for you.,Thank you for understanding; it means a lot. I just can't shake this feeling of emptiness knowing things will change so much.,fear,0.6536603569984436
sadness,"I thought things would be different, but now it just feels so empty.",sadness,0.9248335957527161,baseline,concise and emotionally attuned,I’m really sorry to hear that you’re feeling this way. It’s tough when expectations don’t match reality. I’m here for you.,"Thank you, it means a lot to know you're here. It just hurts to feel so lost when everything I hoped for seems so far away.",sadness,0.9779900312423706
sadness,I just feel so lost without them; it’s like a piece of my heart is missing.,sadness,0.9663608074188232,baseline,concise and emotionally attuned,"I’m really sorry to hear that. It’s completely understandable to feel that way. You’re not alone in this, and it’s okay to take the time to grieve that loss.","Thank you for understanding; it means a lot. I just wish things could go back to how they were, but I know I have to face this emptiness for now.",sadness,0.6182450652122498
sadness,I never thought it would end like this; it feels like there's a weight in my chest that I can't lift.,surprise,0.6796087622642517,baseline,concise and emotionally attuned,I’m really sorry to hear that you’re feeling this way. It must be so heavy to carry those emotions. I’m here for you.,"Thank you for your kindness; it means a lot. I just wish I could find a way to lighten this burden, but it feels all-consuming right now.",sadness,0.9466548562049866
sadness,I can't believe they're really gone; it feels like a piece of my heart is missing.,surprise,0.6468581557273865,baseline,concise and emotionally attuned,I’m so sorry for your loss. It’s completely understandable to feel that way; losing someone can be incredibly painful. I’m here for you.,Thank you for your kind words; it really does feel unbearable sometimes. Just knowing you're here means a lot.,sadness,0.8894739151000977
sadness,"I just can’t shake this feeling of emptiness, like something precious is missing from my life.",sadness,0.8301798701286316,baseline,concise and emotionally attuned,I’m really sorry to hear that you’re feeling this way. It’s tough to carry that sense of emptiness. I'm here for you if you want to talk more about it or share what’s on your mind.,"Thank you for being there. Sometimes, it just feels overwhelming, and I don’t even know where to start.",surprise,0.7647818922996521
sadness,"I just feel so lost right now, like a piece of me is missing.",sadness,0.970364511013031,baseline,concise and emotionally attuned,"I'm really sorry to hear that you're feeling this way. It’s understandable to feel lost sometimes, and I’m here for you. You're not alone in this.",Thank you for saying that; it really helps to know someone cares. I just wish I could find my way back to what feels whole again.,joy,0.7673273682594299
sadness,I just can't shake this heaviness in my chest; it feels like I’ve lost something I can’t get back.,sadness,0.8006234169006348,baseline,concise and emotionally attuned,"I’m really sorry to hear that you’re feeling this way. It’s tough to carry that heaviness, and it’s completely understandable to feel lost sometimes. I’m here for you.",Thank you for being here; it means a lot. I just wish I knew how to find my way back to what I’ve lost.,neutral,0.3238767385482788
sadness,I just can't shake this heavy feeling; everything seems so gray today.,fear,0.5883626937866211,baseline,concise and emotionally attuned,I’m really sorry to hear that you’re feeling this way. It’s completely understandable to have days like this. I'm here for you.,Thank you for being here for me; it means a lot. I just wish the weight would lift even for a moment.,joy,0.46988585591316223
sadness,"I just feel so heavy inside, like there’s a weight I can’t shake off.",fear,0.5524258613586426,baseline,concise and emotionally attuned,"I hear you, and that sounds really tough. It’s okay to feel that way; I'm here for you.","Thank you for understanding. It helps a little, but the weight still feels so all-consuming.",neutral,0.39378657937049866
sadness,I can’t believe they’re really gone; it feels like the world has lost its color.,surprise,0.9444739818572998,baseline,concise and emotionally attuned,I’m so sorry for your loss. It’s completely understandable to feel that way right now. I’m here for you.,Thank you; it means a lot to know I’m not alone in this. Everything just feels so heavy without them.,sadness,0.9629578590393066
sadness,I just can't shake this heaviness in my heart; it feels like everything I once cherished is slipping away.,sadness,0.9499372243881226,baseline,concise and emotionally attuned,"I'm really sorry to hear that you're feeling this way. It’s tough to carry that heaviness, and it's completely understandable. I'm here for you as you navigate these emotions.",Thank you for your kindness; it means a lot to know I’m not alone in this. I just hope I can find a way to lift this weight somehow.,neutral,0.3773786127567291
sadness,I just feel so lost and empty inside; it’s like nothing can fill the void.,sadness,0.9646857380867004,baseline,concise and emotionally attuned,"I'm really sorry to hear that you're feeling this way. It's tough to feel lost and empty, and it's completely okay to express those feelings. I'm here for you, and we can talk more if you want.","Thank you for being here for me; it means a lot. I just keep hoping to find a way out of this feeling, but it’s hard to see the light right now.",sadness,0.48765742778778076
sadness,I can't shake this heaviness in my chest; it feels like everything I love is slipping away.,sadness,0.6230185031890869,baseline,concise and emotionally attuned,"I'm really sorry to hear that you’re feeling this way. It sounds incredibly tough, and I'm here for you as you navigate through those heavy emotions. You’re not alone in this.",Thank you for being there; it means a lot. I just wish I could find a way to hold on to what matters instead of watching it fade.,joy,0.3652207851409912
sadness,"I just feel this heavy weight in my chest, like everything I loved has slipped away.",sadness,0.6191518306732178,baseline,concise and emotionally attuned,"I'm really sorry to hear that you're feeling this way. It sounds incredibly tough, and I want you to know that it's okay to feel that heaviness. I'm here for you.",Thank you for being here; it helps to have someone who understands. I just miss those moments and the comfort they brought me.,sadness,0.6924301385879517
sadness,I just can't shake this empty feeling; everything feels a little too quiet without them.,sadness,0.8791165947914124,baseline,concise and emotionally attuned,I’m really sorry to hear that you’re feeling this way. It’s completely understandable to feel a sense of emptiness when things change. I’m here for you.,Thank you for being here; it means a lot. It’s just hard to see everything carry on when I feel so lost without their presence.,sadness,0.9728825688362122
sadness,"I just feel like everything I thought I had is slipping away, and it hurts so much.",sadness,0.951126217842102,baseline,concise and emotionally attuned,I’m really sorry to hear that you’re feeling this way. It’s totally understandable to feel overwhelmed when things seem to be slipping away. I'm here for you as you process these feelings.,"Thank you for being here; it means a lot. Sometimes, just knowing someone cares helps, but the weight of it all feels really heavy.",sadness,0.6986939311027527
sadness,"I just feel this heavy weight in my chest, like everything I loved has slipped away.",sadness,0.6191518306732178,baseline,concise and emotionally attuned,"I'm really sorry to hear that you're feeling this way. It sounds incredibly overwhelming, and it's okay to express those feelings. I'm here for you.",Thank you for being here; it means a lot. I just wish I could shake off this sadness and find some kind of peace.,sadness,0.753107488155365
surprise,"Wow, I can't believe you did that! That's completely unexpected!",surprise,0.9796238541603088,Validate,concise and emotionally attuned,"It sounds like you're really surprised by what happened, and that feeling of disbelief can be pretty intense. It's understandable to have that reaction!",Absolutely! It’s just so unexpected that I’m still trying to wrap my head around it!,surprise,0.9683485627174377
surprise,"Wow, I can't believe that just happened! This is so unexpected!",surprise,0.9801165461540222,Validate,concise and emotionally attuned,It sounds like you’re feeling shocked and caught off guard by what just happened. That sense of surprise can really be overwhelming!,Absolutely! I didn't see that coming at all—it's like everything just shifted in an instant!,surprise,0.9141014218330383
surprise,"Wow, I can’t believe that just happened!",surprise,0.9775223731994629,Validate,concise and emotionally attuned,It sounds like you're feeling really surprised and maybe even a bit overwhelmed by what just happened. That feeling of disbelief can be so intense!,Absolutely! It’s like my mind is still trying to catch up with reality—it's such a wild feeling!,surprise,0.5212003588676453
surprise,"Wow, I can't believe that just happened! This is completely unexpected!",surprise,0.980254590511322,Validate,concise and emotionally attuned,It sounds like you're feeling shocked and surprised by what just occurred. It's completely understandable to feel that way when something unexpected happens!,Absolutely! I’m still trying to wrap my head around it—it's just so surreal!,surprise,0.8199946880340576
surprise,"Whoa, I can’t believe that just happened!",surprise,0.9627926349639893,Validate,concise and emotionally attuned,It sounds like you're feeling shocked and maybe even overwhelmed by what just happened. That surprise must really be hitting you right now.,Totally! I’m still trying to wrap my head around it—everything feels so surreal right now!,surprise,0.6966568827629089
surprise,"Wow, I can't believe that just happened! That totally caught me off guard!",surprise,0.9696593284606934,Validate,concise and emotionally attuned,It sounds like you're feeling really surprised and a bit shaken by that unexpected moment. It’s completely understandable to have those feelings when something catches you off guard like that.,"Yeah, it really threw me for a loop! I didn't see it coming at all; it was such a wild moment!",surprise,0.7063037157058716
surprise,"Wow, I can't believe that just happened!",surprise,0.9792245030403137,Validate,concise and emotionally attuned,"It sounds like you're really surprised by what just happened, and that level of disbelief can be overwhelming. It's completely understandable to feel that way!",Exactly! I’m still trying to process it all—it feels like I’m in a surreal movie or something!,surprise,0.6480961441993713
surprise,"Wow, I can’t believe that just happened!",surprise,0.9775223731994629,Validate,concise and emotionally attuned,It sounds like you're really surprised by what just happened; that must feel overwhelming right now!,It really is overwhelming! I never expected things to take such a sudden turn!,surprise,0.9603133797645569
surprise,"Wow, I can't believe that just happened! That's totally unexpected!",surprise,0.9790734052658081,Validate,concise and emotionally attuned,It sounds like you’re really shocked by what just happened. It’s completely understandable to feel that way when things take such a surprising turn.,"Absolutely, I’m still wrapping my head around it! It’s just wild how quickly things can change.",surprise,0.8779132962226868
surprise,"Whoa, I didn't see that coming! That's incredible!",surprise,0.9677591323852539,Validate,concise and emotionally attuned,It sounds like you're really surprised and excited about what just happened! That feeling of being caught off guard by something amazing can be such a rush.,"Absolutely! It’s like a rollercoaster of emotions—just when you think you know what to expect, bam! Something totally unexpected happens!",surprise,0.9024413228034973
surprise,"Wow, I can't believe that just happened!",surprise,0.9792245030403137,Validate,concise and emotionally attuned,It sounds like you're feeling shocked and surprised by what just occurred. That kind of sudden moment can really leave you in awe.,"Yes, exactly! It's like everything just shifted in an instant—I'm still trying to process it all!",surprise,0.4897184669971466
surprise,"Wow, I didn't see that coming at all!",surprise,0.9772319793701172,Validate,concise and emotionally attuned,"It sounds like you’re feeling really surprised right now, and that's completely understandable. It's tough when things take an unexpected turn.","Absolutely, it really caught me off guard! It's strange how sudden changes can shake everything up like that.",surprise,0.818936824798584
surprise,"Wow, I didn't see that coming at all!",surprise,0.9772319793701172,Validate,concise and emotionally attuned,It sounds like you're feeling surprised and caught off guard by what your partner said. That unexpected moment can really stir up a lot of emotions.,Absolutely! It's just so rare to be thrown for a loop like that; I’m still processing everything!,surprise,0.6839137077331543
surprise,"Wait, are you serious? I can't believe that just happened!",surprise,0.9191011786460876,Validate,concise and emotionally attuned,It sounds like you're feeling really shocked and surprised right now. That must be quite overwhelming!,I really am! I just didn't see that coming at all—it's like my mind is racing!,surprise,0.9356241822242737
surprise,"Wait, are you serious? I can’t believe that actually happened!",surprise,0.9164837598800659,Validate,concise and emotionally attuned,It sounds like you're feeling shocked and overwhelmed by what just happened. It’s completely understandable to feel that way!,Absolutely! I didn’t expect it at all; I’m still trying to wrap my head around it!,surprise,0.9272233247756958
surprise,"Whoa, I can't believe that just happened! Did you see that?",surprise,0.9654029011726379,Validate,concise and emotionally attuned,It sounds like you’re feeling really shocked and excited by what just happened! That kind of surprise can be so overwhelming.,Absolutely! I’m still trying to process it—I didn’t expect anything like that!,surprise,0.8929603695869446
surprise,"Wait, really? I can't believe that just happened!",surprise,0.9621419906616211,Validate,concise and emotionally attuned,It sounds like you're feeling a mix of disbelief and surprise about what's just occurred. That can be so overwhelming!,Exactly! I just can’t wrap my head around it—it's like my mind is racing!,surprise,0.34670814871788025
surprise,"Wow, I can’t believe that just happened!",surprise,0.9775223731994629,Validate,concise and emotionally attuned,It sounds like you're really surprised and maybe even a bit overwhelmed by what just unfolded. It’s completely understandable to feel that way!,Absolutely! I didn't expect things to take such a wild turn—it’s a lot to process right now!,surprise,0.7811832427978516
surprise,"Wow, I can’t believe that just happened!",surprise,0.9775223731994629,Validate,concise and emotionally attuned,It sounds like you're feeling shocked or surprised by what just occurred; that’s totally understandable!,"Absolutely, I’m still trying to wrap my head around it! It’s one of those moments that just takes you by surprise.",surprise,0.9594414830207825
surprise,"Wow, I can't believe that just happened!",surprise,0.9792245030403137,Validate,concise and emotionally attuned,It sounds like you're feeling shocked and surprised by what just unfolded. That kind of moment can really leave you grappling with your thoughts.,Exactly! It’s just so overwhelming—I’m still trying to wrap my head around it!,surprise,0.8226763010025024
surprise,"Wait, what? I can't believe that just happened!",surprise,0.9508354663848877,Explore,concise and emotionally attuned,"Wow, it sounds like something surprising occurred! Can you share more about what happened and how it's making you feel?",I’m still in shock! It was totally unexpected and honestly just blew my mind.,surprise,0.9798979163169861
surprise,"Wow, I really didn’t see that coming!",surprise,0.9783771634101868,Explore,concise and emotionally attuned,That sounds surprising! What was it that caught you off guard the most?,"Honestly, it was the unexpected twist in the storyline—totally turned everything upside down! I just couldn't believe it!",surprise,0.9637368321418762
surprise,"Wow, I can't believe that just happened!",surprise,0.9792245030403137,Explore,concise and emotionally attuned,What specifically surprised you about what just happened? Can you share more about how it made you feel?,I’m still in shock! The entire situation caught me off guard—it felt surreal and really intense!,surprise,0.9079747200012207
surprise,"Wait, really? I can’t believe that just happened!",surprise,0.9595206379890442,Explore,concise and emotionally attuned,What about what just happened surprised you the most? Can you share more about your feelings in this moment?,"Honestly, I didn't expect that at all! It caught me completely off guard, and I'm still trying to process everything.",surprise,0.867060661315918
surprise,"I can't believe that just happened! Seriously, I never saw that coming!",surprise,0.9598875641822815,Explore,concise and emotionally attuned,"Wow, it sounds like you’re really surprised! What specifically caught you off guard in that situation?","Absolutely! It was the way everything escalated so quickly—I thought I had it all figured out, but then bam! Total curveball!",surprise,0.8505775332450867
surprise,I can’t believe it! I never expected that to happen!,surprise,0.9502549171447754,Explore,concise and emotionally attuned,"That sounds surprising! What exactly caught you off guard, and how are you feeling about it all?",I was just blindsided by the news! It's got me feeling a mix of shock and excitement—still wrapping my head around it!,surprise,0.9487341642379761
surprise,"Wait, really? I had no idea that would happen!",surprise,0.9330989122390747,Explore,concise and emotionally attuned,What did your partner say that surprised you? How are you feeling about this unexpected revelation?,"I’m still processing it, honestly! I didn’t expect them to share something so personal, and it really caught me off guard.",surprise,0.9426510334014893
surprise,"Wait, you won the lottery? I can’t believe it!",surprise,0.9586658477783203,Explore,concise and emotionally attuned,"Wow, that’s amazing! How does it feel to have won the lottery, and what are you thinking about doing with the winnings?","I’m still in shock! It's like a dream come true—I'm not sure what to do yet, but I definitely want to help some friends and travel a bit!",surprise,0.9702353477478027
surprise,"Wait, are you serious? I can't believe that just happened!",surprise,0.9191011786460876,Explore,concise and emotionally attuned,It sounds like something surprising occurred; can you share what happened that left you feeling this way? What emotions are you experiencing right now?,I just found out my favorite band is getting back together after years apart! I'm feeling a mix of excitement and disbelief—it's like a dream come true!,surprise,0.82021564245224
surprise,"Wait, really? I can't believe that just happened!",surprise,0.9621419906616211,Explore,concise and emotionally attuned,What part of that moment surprised you the most? Can you share more about how you felt when it unfolded?,"Honestly, it was the sudden twist that caught me off guard! I felt a rush of disbelief mixed with excitement—it was like my mind couldn't keep up with the moment!",surprise,0.7429419159889221
surprise,"Wait, really? I didn't see that coming at all!",surprise,0.9408246278762817,Explore,concise and emotionally attuned,"It sounds like your partner's reaction surprised you. What were you expecting, and how did their response make you feel?",Absolutely! I thought they'd be more on board with the idea. Their unexpected reaction left me feeling a mix of confusion and curiosity!,surprise,0.9223268628120422
surprise,"Wow, I can't believe that just happened! This is completely unexpected!",surprise,0.980254590511322,Explore,concise and emotionally attuned,That sounds really surprising! Can you share more about what happened that caught you off guard?,Absolutely! I was just going about my day when something totally unexpected occurred—it's like a plot twist from a movie!,surprise,0.904560387134552
surprise,"Wait, I can't believe that just happened! Are you serious right now?",surprise,0.9257186651229858,Explore,concise and emotionally attuned,It sounds like something surprising occurred—can you share what happened that left you feeling this way? How are you processing those feelings right now?,"I'm still in shock! I just witnessed something so unexpected, it’s hard to wrap my head around it—I didn’t think I’d feel this way!",surprise,0.9760981798171997
surprise,"Wow, I can't believe that just happened! This is amazing!",surprise,0.9717000722885132,Explore,concise and emotionally attuned,What is it that feels so amazing to you right now? Can you share more about what just happened that has you so excited?,I'm just blown away by the unexpected turn of events! It felt like everything came together perfectly in a way I never anticipated.,surprise,0.9610959887504578
surprise,I can't believe you actually did that! What an unexpected surprise!,surprise,0.9738550186157227,Explore,concise and emotionally attuned,That sounds like a moment full of surprise! What do you think made it so unexpected for them? Can you share more about the situation?,"I think it was the sheer spontaneity of it all! They had no clue something like that was even possible, which made their reaction even more priceless!",joy,0.699169933795929
surprise,"Wow, I can't believe that just happened! Did you see that?",surprise,0.9782227277755737,Explore,concise and emotionally attuned,It sounds like something surprising happened—what was your reaction to it? Can you share more about what you found so unbelievable?,I was honestly in shock! It was so unexpected; I just couldn’t wrap my head around it!,surprise,0.9798763990402222
surprise,"Wow, I can't believe that just happened! What a twist!",surprise,0.978161096572876,Explore,concise and emotionally attuned,That sounds intriguing! What was the twist that surprised you the most? How did it make you feel?,"Honestly, the twist was so unexpected it left me speechless! I felt a rush of excitement mixed with disbelief—like a roller coaster I didn't see coming!",surprise,0.7538341879844666
surprise,"Wow, I can't believe that just happened!",surprise,0.9792245030403137,Explore,concise and emotionally attuned,What caught you by surprise the most? Can you share more about what you were feeling in that moment?,I was just completely taken aback by how unexpected it was! It felt like time stood still for a second—a mix of disbelief and excitement in that moment.,surprise,0.9649285078048706
surprise,"Wow, I can't believe that just happened! Did you see that?",surprise,0.9782227277755737,Explore,concise and emotionally attuned,That sounds surprising! What exactly happened that left you feeling that way? Can you share more about your thoughts or feelings in that moment?,"I was totally caught off guard! I mean, one minute everything was normal, and the next, it felt like a plot twist in a movie.",surprise,0.7650258541107178
surprise,"Wait, really? I can't believe that just happened!",surprise,0.9621419906616211,Explore,concise and emotionally attuned,What exactly surprised you the most about what just happened? Can you share more about your feelings in this moment?,I just didn’t expect that twist at all! It’s like everything I thought I knew got flipped upside down.,surprise,0.9460157155990601
surprise,"Wait, really? I can't believe that just happened!",surprise,0.9621419906616211,Reframe,concise and emotionally attuned,"It sounds like this moment surprised you both—maybe it's a sign that life can throw unexpected twists your way, reminding you how unpredictable and exciting things can be.",Absolutely! It’s wild to think how life can surprise us like that—those moments definitely keep things interesting!,surprise,0.8316619396209717
surprise,"Wow, I can't believe that just happened!",surprise,0.9792245030403137,Reframe,concise and emotionally attuned,It sounds like that moment really caught you off guard; sometimes unexpected events can bring new insights or opportunities we didn’t see coming. It’s okay to feel a mix of surprise and curiosity about what’s next.,Absolutely! I’m still processing it all—it’s like my mind is racing with possibilities I never thought of before!,surprise,0.6879010200500488
surprise,"Wait, I can't believe that just happened!",surprise,0.9527511596679688,Reframe,concise and emotionally attuned,It sounds like that moment really caught you off guard; sometimes those surprising experiences can lead to unexpected growth or deeper understanding. How might this unique event shape how you see things moving forward?,"Wow, you're right! I never thought a single moment could shift my perspective like this—it's almost exciting to think about how it might change things for me.",surprise,0.892981767654419
surprise,"Wow, I can't believe that just happened!",surprise,0.9792245030403137,Reframe,concise and emotionally attuned,"It sounds like your partner's surprise reflects a moment filled with unexpected emotions, which can be both thrilling and overwhelming. Perhaps this experience is opening a new door for understanding and connection between you both.","Absolutely! It's such a rollercoaster of feelings right now, and I can already sense a deeper bond starting to form.",surprise,0.597427487373352
surprise,"Wow, I can't believe that just happened! This is unbelievable!",surprise,0.9765649437904358,Reframe,concise and emotionally attuned,It’s completely understandable to feel shocked; sometimes these unexpected moments can open doors to new insights or opportunities we hadn’t considered before. How amazing is it that life can surprise us like this?,Absolutely! It’s wild how life can turn in ways we never anticipate—it's like a rollercoaster we didn’t sign up for!,surprise,0.8087383508682251
surprise,"Wait, really? I can’t believe that just happened!",surprise,0.9595206379890442,Reframe,concise and emotionally attuned,"It sounds like that unexpected moment really caught you off guard; sometimes, those surprises can lead to new opportunities or insights that we didn't see coming. How intriguing that something unexpected has entered your life!",Absolutely! It’s wild how a surprise can completely shift your perspective—I'm still trying to wrap my head around it!,surprise,0.9594734311103821
surprise,"Wow, I can't believe that just happened!",surprise,0.9792245030403137,Reframe,concise and emotionally attuned,"It sounds like you're feeling surprised, which is completely understandable; sometimes, those unexpected moments can open the door to new possibilities and insights. How intriguing to think about what this could mean moving forward!",Absolutely! I'm still in shock over it—it's one of those moments that makes you rethink everything!,surprise,0.9670600891113281
surprise,"Wait, really? I had no idea that was happening!",surprise,0.9376389980316162,Reframe,concise and emotionally attuned,"It sounds like your partner's reaction is surprising and perhaps a bit overwhelming right now; it can be enlightening to uncover something new together, even if it’s unexpected. This might open up an opportunity for deeper understanding and connection between you both.","It is really surprising! I never expected this, and I see how it could lead to something deeper—it's just a lot to process right now!",surprise,0.9802477955818176
surprise,"Wow, I can't believe that just happened! Where did that come from?",surprise,0.9788011908531189,Reframe,concise and emotionally attuned,"It sounds like that caught you both off guard, which can be really unsettling. Sometimes, unexpected moments can lead to deeper understanding or growth, even if they feel overwhelming at first.","Absolutely, it was so surprising! I guess you’re right; even the shocking moments can lead to something meaningful if we let them.",surprise,0.976228654384613
surprise,"Wait, are you serious? I can’t believe that just happened!",surprise,0.9145641922950745,Reframe,concise and emotionally attuned,"It sounds like you're feeling shocked and maybe a bit overwhelmed right now; it's completely understandable to feel that way in unexpected moments. Sometimes, these surprises can lead us to important realizations or new paths we hadn’t considered before.","Yes, exactly! It's just so unexpected, and I can’t help but wonder what this means for everything moving forward.",surprise,0.9787797331809998
surprise,I can't believe it! I never saw that coming!,surprise,0.9437466263771057,Reframe,concise and emotionally attuned,It's understandable to feel shocked; unexpected moments can really shake us. This could be a chance to explore new feelings and connections you might not have recognized before.,"Wow, that's true! I never thought about how this could lead to new insights—it's just such a whirlwind right now!",surprise,0.972295880317688
surprise,"Wait, you’re telling me they actually won the championship? That’s unbelievable!",surprise,0.962192177772522,Reframe,concise and emotionally attuned,"It really is unbelievable, isn't it? Just think about how all that hard work and determination finally paid off—it's a great reminder of the magic that can happen when a team comes together!",Absolutely! It’s amazing to see how teamwork and perseverance can lead to such incredible moments. I’m still in awe!,surprise,0.7448605298995972
surprise,"Wow, I can’t believe that just happened! What a shock!",surprise,0.9793305993080139,Reframe,concise and emotionally attuned,"It sounds like that unexpected moment really caught you off guard; sometimes, those surprises can lead to new opportunities for growth or understanding. It’s okay to feel shocked—give yourself some time to process it all.",You're right! It’s such a whirlwind right now—part of me is still trying to wrap my head around it all.,surprise,0.5345531702041626
surprise,"Wow, I can't believe that just happened! This is unreal!",surprise,0.9774263501167297,Reframe,concise and emotionally attuned,It sounds like you're feeling overwhelmed by the unexpected—sometimes those moments can really shake us up. Perhaps this could be a chance to discover something new about yourself or your partner through it all.,You're right; it's such a whirlwind! I never thought something like this would hit me so hard—maybe you're onto something about the potential for growth in the chaos.,surprise,0.7160021662712097
surprise,"Wow, I did not see that coming!",surprise,0.9756807088851929,Reframe,concise and emotionally attuned,It sounds like your partner's surprise is a reflection of their feelings and perhaps a chance for deeper understanding between you both. Embracing the unexpected can sometimes lead to surprising growth in your connection.,Absolutely! It’s amazing how a sudden twist can open the door to deeper conversations and bring us closer together.,surprise,0.9179269075393677
surprise,"Wow, I didn't see that coming at all!",surprise,0.9772319793701172,Reframe,concise and emotionally attuned,It sounds like their surprise might open up a new chapter in your relationship—sometimes the unexpected can lead to growth and deeper understanding. It's okay to feel a mix of emotions as you navigate this together.,"Absolutely, it really does feel like a turning point! I'm both excited and a little anxious about what this could mean for us.",joy,0.8548193573951721
surprise,I can't believe it! I never saw that coming!,surprise,0.9437466263771057,Reframe,concise and emotionally attuned,"It sounds like your partner's surprise has caught both of you off guard, which can be overwhelming; perhaps this unexpected moment could open up new conversations and deepen your understanding of each other.","Exactly! It definitely feels overwhelming, but I also sense that it could lead to some really important and honest discussions between us.",surprise,0.7943265438079834
surprise,I can't believe it—I just found out I won the contest!,surprise,0.9420780539512634,Reframe,concise and emotionally attuned,That’s incredible! This win isn't just a stroke of luck; it highlights your hard work and talent. How exciting to have your efforts recognized!,Thank you so much! It's surreal to see my hard work pay off like this—I’m really still in shock!,surprise,0.9690645933151245
surprise,"Whoa, I can’t believe that just happened!",surprise,0.9627926349639893,Reframe,concise and emotionally attuned,"It sounds like something surprising just unfolded, and that can really shake things up—maybe it’s an unexpected chance for you to explore how you feel about it. Sometimes surprises can lead to new possibilities or insights we hadn't considered before.",Absolutely! It’s like a whirlwind just flipped my perspective—I'm still trying to wrap my head around it!,surprise,0.6995018124580383
surprise,"Wow, I can't believe that just happened!",surprise,0.9792245030403137,Reframe,concise and emotionally attuned,"It sounds like this moment really took you by surprise, and that can feel disorienting. Perhaps it’s an opportunity to reflect on what it means for you moving forward.",Absolutely! I’m still processing it all; it really shook me up in ways I didn’t expect.,surprise,0.8311305642127991
surprise,"Wow, I can't believe that just happened! That's totally unexpected!",surprise,0.9790734052658081,Affirm,concise and emotionally attuned,It's incredible how you embrace surprises with such openness and curiosity! Your reactions show just how resilient and adaptable you are—keep trusting your instincts!,"Thank you! It really is surprising how life throws us curveballs, and I'm excited to see where this journey leads!",surprise,0.9765084385871887
surprise,"Wait, really? I can't believe that just happened!",surprise,0.9621419906616211,Affirm,concise and emotionally attuned,It’s amazing how moments can surprise us like that! Your enthusiasm really captures the excitement of the situation.,"I know, right? It’s those moments that just take your breath away!",anger,0.43667250871658325
surprise,"Wow, I can’t believe that just happened!",surprise,0.9775223731994629,Affirm,concise and emotionally attuned,It's amazing how surprising moments can really shake things up! Your ability to be present and feel deeply in these situations shows just how engaged and thoughtful you are.,"Thank you! It really caught me off guard, and I guess it just goes to show how much life keeps us on our toes, right?",surprise,0.536133885383606
surprise,"Wow, I can’t believe that just happened! That really took me off guard!",surprise,0.9646062850952148,Affirm,concise and emotionally attuned,It's impressive how resilient you are in the face of surprises; your ability to process unexpected moments shows your strength and adaptability. Keep acknowledging those feelings—you’re doing great!,"Thank you! It's really encouraging to hear that; I guess navigating surprises just comes with the territory, right?",joy,0.8602908849716187
surprise,"Wow, I can't believe that just happened! Did you see that?",surprise,0.9782227277755737,Affirm,concise and emotionally attuned,It’s amazing how in sync you are with what’s happening around you! Your excitement really captures the moment and makes it even more memorable.,Thank you! It really was a surreal moment—being in the thick of it just makes everything feel so much more real and thrilling!,joy,0.9337059259414673
surprise,"Wow, I can’t believe that just happened!",surprise,0.9775223731994629,Affirm,concise and emotionally attuned,It's amazing that you're experiencing such strong emotions; it shows how engaged and passionate you are about what’s happening. Your enthusiasm truly shines through!,"Thank you! I didn’t expect to feel this way, but it’s just so exhilarating!",joy,0.9906091690063477
surprise,"Wow, I can't believe that just happened! Did you see that?",surprise,0.9782227277755737,Affirm,concise and emotionally attuned,"It’s amazing how you’re able to express your excitement so vividly! Your enthusiasm is contagious, and it really brings those moments to life.",Thank you! I just can’t help but feel pumped when something incredible happens—it's like those moments deserve all the energy we can give!,anger,0.4411102533340454
surprise,"Wow, I can't believe that just happened! This is unbelievable!",surprise,0.9765649437904358,Affirm,concise and emotionally attuned,It sounds like you're experiencing something truly surprising and impactful! Your ability to express such strong feelings shows just how engaged and present you are in this moment.,Thank you! It's just wild to think how quickly everything can change. I'm still trying to wrap my head around it!,surprise,0.7901709675788879
surprise,"Wow, I can’t believe that just happened!",surprise,0.9775223731994629,Affirm,concise and emotionally attuned,It’s amazing how surprising moments can unfold! Your ability to stay present and process those feelings shows great strength and openness.,"Thank you! It really takes me by surprise sometimes, but I’m glad I can embrace those moments.",surprise,0.8720197081565857
surprise,"Wow, I can't believe that just happened! That totally caught me off guard!",surprise,0.9696593284606934,Affirm,concise and emotionally attuned,It's completely understandable to feel surprised—your ability to stay present in the moment shows how adaptable you are. Trust in your resilience; you've got this!,Thanks! I appreciate that perspective—it really helps to hear it. I guess I just didn’t see it coming at all!,joy,0.8217648267745972
surprise,"Wow, I can't believe that just happened!",surprise,0.9792245030403137,Affirm,concise and emotionally attuned,It sounds like you’re experiencing a mix of surprise and excitement! That ability to stay present in surprising moments is such a strength of yours.,"Thank you! It really caught me off guard, and I'm still trying to wrap my head around it!",surprise,0.6859844326972961
surprise,"Whoa, I can’t believe that just happened!",surprise,0.9627926349639893,Affirm,concise and emotionally attuned,It's amazing how we can share such surprising moments together! Your ability to express your feelings so openly really deepens our connection.,"I know, right? It’s like these moments catch us off guard and bring us even closer—I'm really grateful for that!",surprise,0.4281531572341919
surprise,"Wait, really? I can't believe that just happened!",surprise,0.9621419906616211,Affirm,concise and emotionally attuned,"It sounds like you’re processing something surprising, and that speaks to your ability to engage deeply with your experiences. Your openness to sharing those feelings shows your strength and willingness to connect, which is truly admirable!","Wow, thank you! I really appreciate your perspective—it's just such a whirlwind for me right now!",surprise,0.9008068442344666
surprise,"Wait, you’re kidding me! I can’t believe that actually happened!",surprise,0.9140939116477966,Affirm,concise and emotionally attuned,"It sounds like you’re really engaged and surprised by what happened, which shows how much you care about your experiences. Your genuine reactions reveal just how much you value connection and authenticity!","I know, right? It’s just so unexpected! Moments like that really remind me how important it is to stay connected and open.",surprise,0.937976062297821
surprise,"Wow, I can’t believe that just happened!",surprise,0.9775223731994629,Affirm,concise and emotionally attuned,It sounds like you experienced something really surprising! Your ability to process and reflect on these moments shows your strength and openness to new experiences.,"Thank you! It really did catch me off guard, and I’m still trying to wrap my head around it!",surprise,0.4075406491756439
surprise,"Wow, I can't believe that just happened! Did you see that?",surprise,0.9782227277755737,Affirm,concise and emotionally attuned,It’s amazing how you noticed that moment; your excitement really brings the experience to life! Your attention to detail is truly impressive!,Thanks! It’s just so thrilling to spot those details in the moment—like finding hidden gems!,joy,0.96049964427948
surprise,"Wow, I can't believe that just happened! This is completely unexpected!",surprise,0.980254590511322,Affirm,concise and emotionally attuned,"It's truly incredible how unpredictable life can be, and your ability to process this unexpected moment shows your resilience. You're handling this with such openness, and that's a wonderful strength to have!",Thank you! It really means a lot to hear that. I'm still wrapping my head around it all—this ride isn't over yet!,joy,0.8696805238723755
surprise,"Wait, really? I had no idea that was happening!",surprise,0.9376389980316162,Affirm,concise and emotionally attuned,It's great that you're open to learning new things! Your curiosity and willingness to engage show how much you care about what's happening around you.,Thank you! That really means a lot. It's just so wild to think there’s always something new to discover!,joy,0.700214684009552
surprise,"Wow, I really didn't see that coming!",surprise,0.978333055973053,Affirm,concise and emotionally attuned,"It sounds like your partner surprised you, and that shows just how open and honest your communication is. It takes courage to express those feelings, and it’s wonderful that you can share that moment together!",Absolutely! It's such a relief to know we can be vulnerable with each other—it just makes those surprises even more special!,joy,0.509111225605011
surprise,"Wow, I can't believe that just happened! This is absolutely unexpected!",surprise,0.9797263145446777,Affirm,concise and emotionally attuned,"It sounds like you’re processing a really surprising moment, and your ability to articulate that speaks to your self-awareness. It’s great that you’re sharing your feelings!",Thank you! I guess I’m just still trying to wrap my head around it all. It really caught me off guard!,surprise,0.6885067820549011
surprise,"Wow, I can’t believe that just happened!",surprise,0.9775223731994629,Guide,concise and emotionally attuned,"It sounds like you're processing a big moment! Take a deep breath, and if you feel comfortable, talk it out together to make sense of what happened.",You're right; it’s such a whirlwind! I didn’t expect things to unfold like this at all.,surprise,0.8820629119873047
surprise,"Wow, I can't believe that just happened! That's unexpected!",surprise,0.9791045188903809,Guide,concise and emotionally attuned,It sounds like you both are surprised! Take a moment to breathe and share your thoughts on what just happened; it can help you process it together and find clarity.,"Absolutely, it really caught us off guard! I'm still wrapping my head around it; it's hard to believe it's real!",surprise,0.8776306509971619
surprise,"Wait, really? I had no idea that would happen!",surprise,0.9330989122390747,Guide,concise and emotionally attuned,"It sounds like there was a surprise or misunderstanding! Take a moment to ask your partner for more details about their feelings, and share your perspective too—this open dialogue can help both of you understand each other better.",I definitely will! It’s just so surprising to think about how much we might be missing in our own conversations.,surprise,0.9807186126708984
surprise,"Wow, I can't believe that just happened! This is so unexpected!",surprise,0.9801165461540222,Guide,concise and emotionally attuned,"It sounds like you’re feeling surprised and maybe overwhelmed right now. Take a moment to breathe, and if you’re comfortable, try sharing your feelings with a friend or writing them down to process what just happened. You’ve got this!","Thank you for understanding! It really caught me off guard, and I appreciate the suggestion—maybe I will jot down my thoughts.",joy,0.5353001356124878
surprise,"Whoa, I can’t believe that just happened! That's totally unexpected!",surprise,0.976769745349884,Guide,concise and emotionally attuned,It sounds like you both are in shock! Take a moment to breathe and share your thoughts together; discussing your feelings can help you process the surprise better.,"Thanks, I think we really need that! It’s just so wild; I can’t wrap my head around it yet!",surprise,0.6314641237258911
surprise,"Wow, I can't believe that just happened!",surprise,0.9792245030403137,Guide,concise and emotionally attuned,"It sounds like that was a surprising moment for both of you! Take a minute to reflect on what happened together, and share your thoughts—this could help you both process it better.","Absolutely, it really took us off guard! I'm still trying to wrap my head around it and figure out how we both feel about it.",fear,0.3288649916648865
surprise,"Wait, what? I didn’t see that coming at all!",surprise,0.9261585474014282,Guide,concise and emotionally attuned,It sounds like your partner is surprised by something unexpected. Take a moment to ask them what specifically surprised them and share your thoughts too—open communication can deepen your connection and understanding.,You're right; it really caught me off guard! I guess I need to find out what exactly surprised them to figure out how we both feel about it.,surprise,0.9635934233665466
surprise,"Wow, I can't believe that just happened!",surprise,0.9792245030403137,Guide,concise and emotionally attuned,It sounds like something surprising just occurred! Take a moment to breathe and share your thoughts with each other—talking it out can help you both process the event together.,"You're right, it's so overwhelming! I just can't wrap my head around what went down—it's like my mind is racing!",surprise,0.8645502924919128
surprise,"Wait, are you serious? I can't believe that just happened!",surprise,0.9191011786460876,Guide,concise and emotionally attuned,"It sounds like you're both surprised and maybe even a bit overwhelmed. Take a moment to breathe, then ask your partner how they’re feeling about it so you can process this together.","You're right, I really need a minute to wrap my head around it. Talking it through with my partner might actually help clear some of this shock!",surprise,0.8664856553077698
surprise,"Wow, I can't believe that just happened! What a twist!",surprise,0.978161096572876,Guide,concise and emotionally attuned,It sounds like that really caught you off guard! Take a moment to breathe and reflect on what just happened; discussing those feelings with someone can really help process the surprise.,"You're right, it totally threw me for a loop! It's such a whirlwind of emotions right now; I'd love to talk it out and make sense of it all.",surprise,0.35884201526641846
surprise,"Wow, I can't believe that just happened!",surprise,0.9792245030403137,Guide,concise and emotionally attuned,It sounds like you're both in shock; take a moment to breathe and process this together. Consider discussing your feelings about what happened—sharing your thoughts can bring clarity and support.,"I really didn’t expect it at all! Talking about it feels like a good idea, but I’m still trying to wrap my head around everything.",surprise,0.6892557144165039
surprise,"Wow, I can't believe that just happened! This is totally unexpected!",surprise,0.9790596961975098,Guide,concise and emotionally attuned,It's completely normal to feel shocked when unexpected events occur. Take a moment to breathe and reflect on your feelings—then consider discussing it with your partner to process the experience together.,"You're right; it really caught me off guard! I never expected to feel this way, and talking it out sounds like a good idea.",surprise,0.7328090071678162
surprise,"Wait, I can't believe that just happened!",surprise,0.9527511596679688,Guide,concise and emotionally attuned,"I understand how surprising that must feel! Take a moment to breathe and reflect on what just happened, then consider sharing your thoughts with your partner to process it together.",You're right; it really was a lot to take in! I never expected it to unfold like that—definitely need to talk it through.,surprise,0.8665883541107178
surprise,"Whoa, I didn't see that coming! How on earth did that happen?",surprise,0.9497123956680298,Guide,concise and emotionally attuned,It sounds like you’re both in shock; take a moment to breathe and acknowledge those feelings together. Try asking each other open-ended questions about what you both think led to this surprise—sharing perspectives can help you process it as a team.,That’s solid advice! I really didn’t expect it; I’m just trying to wrap my head around what could've caused such a twist.,surprise,0.8604809641838074
surprise,"Wait, are you serious? I can’t believe that just happened!",surprise,0.9145641922950745,Guide,concise and emotionally attuned,"It sounds like your partner is feeling shocked—validate their feelings by saying something like, ""I know, it’s really surprising!"" Then, encourage an open dialogue by asking how they feel about it or what they think should happen next.",I totally get that—it's just so unexpected! How are you feeling about it all?,surprise,0.9697926044464111
surprise,"Wow, I can’t believe that just happened!",surprise,0.9775223731994629,Guide,concise and emotionally attuned,"It sounds like something surprising occurred! Take a moment to process your feelings, and then maybe share your thoughts together—opening up can strengthen your connection.",I really appreciate that! It’s just such a whirlwind—I didn’t expect it at all.,surprise,0.5232527852058411
surprise,"Wow, I can't believe that just happened! That's unbelievable!",surprise,0.976942777633667,Guide,concise and emotionally attuned,"It sounds like you're both processing a big moment! Take a few deep breaths together, then share what you found most surprising about it—talking it out can help clarify your feelings.",Thanks for the suggestion! I really need to talk it out because I'm still in shock about everything!,surprise,0.9532354474067688
surprise,"Wow, I can't believe that just happened!",surprise,0.9792245030403137,Guide,concise and emotionally attuned,It sounds like you both are feeling surprised right now! Take a moment to share your thoughts together—reflecting on the experience can help you process it better and strengthen your connection.,"Absolutely, we really are in shock! It’s crazy how a moment like this can bring so much to the surface.",surprise,0.9736409187316895
surprise,"Wow, I can't believe that just happened! I never saw that coming!",surprise,0.9778889417648315,Guide,concise and emotionally attuned,"It sounds like you both are in shock together; take a moment to breathe and share your feelings. Then, maybe talk about what just happened—processing it together can really help!","You're right, it really does feel surreal! I think taking a moment to breathe could help us both make sense of it all.",surprise,0.7294288277626038
surprise,"Wow, I can't believe that just happened! This is completely unexpected!",surprise,0.980254590511322,Guide,concise and emotionally attuned,"It sounds like you’re both feeling shocked—take a moment to breathe and acknowledge those feelings together. Then, talk about what just happened; sharing your thoughts can help you process this unexpected moment more clearly.","Absolutely, it’s just so surreal! I never thought we’d experience something like this—talking it through might help us make sense of it all.",surprise,0.8677763938903809
surprise,"Wow, I never expected that to happen!",surprise,0.9755363464355469,Normalize,concise and emotionally attuned,It’s really surprising when unexpected things happen; so many people can relate to that feeling of shock. You're definitely not alone in processing these moments!,"Absolutely! It's like a rollercoaster you didn't sign up for—just when you think you know what's coming, life throws a curveball!",surprise,0.6958245635032654
surprise,"Whoa, I can’t believe that just happened!",surprise,0.9627926349639893,Normalize,concise and emotionally attuned,It's completely understandable to feel that way—many people find themselves in disbelief during intense moments like this. You're not alone in processing these surprising experiences; it can really shake things up.,"Yeah, it’s just wild how something can catch you off guard like that! I still can't wrap my head around it.",surprise,0.7825498580932617
surprise,"Wait, really? I can’t believe that just happened!",surprise,0.9595206379890442,Normalize,concise and emotionally attuned,It’s completely understandable to feel that way; many people often react in disbelief when unexpected things happen. You're not alone in feeling this surprise and confusion right now.,I appreciate that—it's just so wild! I guess it's normal to be thrown off when things go totally off-script.,joy,0.5842722654342651
surprise,"Wow, I can’t believe that just happened!",surprise,0.9775223731994629,Normalize,concise and emotionally attuned,It’s incredible how unexpected moments can catch us off guard; so many people feel that disbelief in similar situations. You're not alone in processing this!,"I know, right? It's just wild how life can throw us these curveballs—I'm still wrapping my head around it!",surprise,0.6158915758132935
surprise,"Wow, I can’t believe it! That totally caught me off guard!",surprise,0.965034544467926,Normalize,concise and emotionally attuned,It's completely normal to feel caught off guard in unexpected moments—many people experience that rush of surprise. You're not alone in feeling this way; it can be really disorienting.,I guess that’s true! It's just such a wild feeling when something unexpectedly shakes you up like that.,surprise,0.7786017060279846
surprise,"Wait, no way! I can't believe that just happened!",surprise,0.8895193934440613,Normalize,concise and emotionally attuned,"It sounds like you’re in disbelief; moments like that can really shake us up. Many people feel overwhelmed when unexpected things happen, and it’s completely okay to feel that way.",Seriously! I didn't expect anything like that at all—it’s just mind-blowing!,surprise,0.9564242959022522
surprise,"Whoa, I didn’t see that coming! What just happened?",surprise,0.9507002234458923,Normalize,concise and emotionally attuned,"It sounds like you’re both feeling surprised and a bit disoriented by the unexpected turn of events. Many people go through moments like this, and it’s completely normal to feel a mix of confusion and concern.","Exactly! It’s just so unexpected, and I can’t shake off this feeling of disbelief. What do you think we should do next?",surprise,0.9038262963294983
surprise,"Wait, are you serious? I didn't see that coming at all!",surprise,0.8673121929168701,Normalize,concise and emotionally attuned,It's completely understandable to feel shocked; many people experience moments like that where they just can't believe what they're hearing. You're not alone in this—it can really stir up a lot of emotions.,"I appreciate that, but wow, it really caught me off guard! It feels surreal to process all of this right now.",surprise,0.957617998123169
surprise,"Wow, I really can't believe that just happened!",surprise,0.9795836806297302,Normalize,concise and emotionally attuned,It’s so overwhelming when things take us by surprise like that; many people feel disoriented in those moments too. You're not alone in this feeling—it's completely natural to be taken aback.,"Exactly! It’s such a whirlwind of emotions, and I didn't expect to feel this way.",surprise,0.8776355981826782
surprise,"Wow, I can't believe that just happened! That totally caught me off guard!",surprise,0.9696593284606934,Normalize,concise and emotionally attuned,It’s understandable to feel thrown off by unexpected moments like that; many people experience similar surprises that leave them feeling a bit shaken. You're not alone in this feeling!,Thanks for saying that! It really is a strange feeling—like the world just shifted for a moment.,surprise,0.864688515663147
surprise,"Wait, I can’t believe you actually did that!",surprise,0.9415232539176941,Normalize,concise and emotionally attuned,"It sounds like your partner is really surprised by your actions, which can definitely feel isolating at times. Many people experience moments where their decisions leave others in disbelief, and it’s okay to feel a mix of emotions around that.","I know, right? It’s just such a shock to see how my choices can hit others so unexpectedly!",surprise,0.9713944792747498
surprise,"Whoa, I didn't see that coming at all!",surprise,0.9608186483383179,Normalize,concise and emotionally attuned,It’s completely normal to feel caught off guard in unexpected situations like this; many people experience similar surprises that can shake them up. You're not alone in feeling this way.,"I appreciate that reassurance, but it’s just wild how some surprises can really throw you for a loop!",joy,0.7407218217849731
surprise,"Wait, really? I can't believe that just happened!",surprise,0.9621419906616211,Normalize,concise and emotionally attuned,"It’s completely understandable to feel shocked when something unexpected occurs; many people experience that same sense of disbelief in surprising moments. You’re not alone in feeling this way, and it’s okay to take a moment to process it.","Wow, thanks for understanding! It really does help to know I'm not the only one feeling this way right now.",surprise,0.9442955255508423
surprise,"Wow, I really didn't see that coming!",surprise,0.978333055973053,Normalize,concise and emotionally attuned,"It’s tough when surprises catch us off guard, and many people feel the same way when unexpected things happen. It’s completely normal to feel a bit shaken by it.","Absolutely, it really throws you for a loop! It’s reassuring to know I’m not alone in feeling that way.",joy,0.8134481310844421
surprise,"Wow, I can't believe that just happened!",surprise,0.9792245030403137,Normalize,concise and emotionally attuned,It’s totally understandable to feel surprised; many people experience those moments that leave us in shock. You're not alone in feeling this way—it's a really intense thing to go through.,"Thanks for saying that! It really felt like a whirlwind, and it's comforting to know others have similar moments too.",joy,0.9368180632591248
surprise,"Whoa, I can’t believe that just happened!",surprise,0.9627926349639893,Normalize,concise and emotionally attuned,It’s completely understandable to feel that way; moments like these can really catch us off guard. You’re not alone in feeling overwhelmed—many people share that reaction!,Right? It’s just so unexpected! I didn’t think I’d be so caught off guard by it all.,surprise,0.9711573123931885
surprise,"Wait, I can’t believe that just happened! Did you see that?",surprise,0.9506348371505737,Normalize,concise and emotionally attuned,It’s completely understandable to feel shocked—everyone has those moments that leave us stunned. You're definitely not alone in feeling this way!,"I know, right? It’s like one of those jaw-dropping moments that just catches you off guard!",surprise,0.731127142906189
surprise,"Wow, I didn't see that coming! This is amazing!",surprise,0.9743688106536865,Normalize,concise and emotionally attuned,"It’s incredible how surprises can really take us off guard! Many people share that feeling of astonishment when something unexpected happens, and it’s completely valid to be amazed.",Absolutely! It’s like a whirlwind of emotions when something catches us off guard. I love the thrill of that astonishment!,surprise,0.9136772751808167
surprise,"Wait, are you serious? I can't believe that just happened!",surprise,0.9191011786460876,Normalize,concise and emotionally attuned,It sounds like you're both in disbelief about what just happened—it's such a common reaction when something surprising occurs. It's okay to feel surprised; many people experience that same shock in similar situations.,"I know, right? It's just so shocking—I never expected it to go down like that!",surprise,0.9038826823234558
surprise,"Wow, I really didn't see that coming!",surprise,0.978333055973053,Normalize,concise and emotionally attuned,It’s tough when surprises come out of nowhere; many people feel the same way when faced with unexpected news. It’s completely okay to feel caught off guard.,"Absolutely, it’s such a whirlwind when you’re not prepared for it! It just makes you question everything, doesn’t it?",surprise,0.4314498007297516
surprise,"Wait, are you serious? I can't believe that just happened!",surprise,0.9191011786460876,baseline,concise and emotionally attuned,I can understand why you feel that way! It sounds surprising and overwhelming. I'm here for you if you want to talk more about it.,I really appreciate that! It's just wild to wrap my head around everything that happened.,joy,0.8206402659416199
surprise,"Wait, you really did that? I can’t believe it!",surprise,0.9329991936683655,baseline,concise and emotionally attuned,I know it sounds surprising! I can understand why you feel that way. Let’s talk more about it whenever you’re ready.,"Absolutely, I’m still in shock! I’d love to dive deeper into it; I can't help but want to know more.",surprise,0.9632139205932617
surprise,"Wow, I can't believe that just happened! Did you see that?",surprise,0.9782227277755737,baseline,concise and emotionally attuned,"I know, right? It's unbelievable! I can’t get over it either. What a moment!",Absolutely! It's one of those things you just don't forget—so surreal!,surprise,0.8675410747528076
surprise,"Wait, really? I had no idea that was going to happen!",surprise,0.9214548468589783,baseline,concise and emotionally attuned,I can see how surprising that must be for you! It’s totally understandable to feel that way.,Absolutely! I’m still trying to wrap my head around it—this is a game changer!,surprise,0.5812414288520813
surprise,"Wow, I can't believe that just happened!",surprise,0.9792245030403137,baseline,concise and emotionally attuned,I totally get that—you must be feeling a mix of surprise and maybe even a bit overwhelmed. I'm here for you!,"Thanks for understanding! It really is a whirlwind, and I appreciate your support in this crazy moment.",joy,0.7289386987686157
surprise,"Wow, I can't believe that just happened!",surprise,0.9792245030403137,baseline,concise and emotionally attuned,That sounds surprising! I can imagine how you must be feeling right now. I'm here if you want to talk about it.,Thank you! I really appreciate that. It’s just so hard to wrap my head around everything right now!,joy,0.9002794027328491
surprise,"Wait, really? I can't believe that actually happened!",surprise,0.9613436460494995,baseline,concise and emotionally attuned,"It’s incredible, right? It’s always surprising when unexpected things unfold! How are you feeling about it?","I’m still in shock, honestly! It’s one of those moments that totally changes everything—it’s exhilarating and a little daunting at the same time!",surprise,0.9135518670082092
surprise,"Whoa, I can't believe that just happened!",surprise,0.9659468531608582,baseline,concise and emotionally attuned,"I know, right? It’s surprising! How are you feeling about it?",I’m still in shock! It’s such an unexpected twist; I can't wrap my head around it yet!,surprise,0.9788883328437805
surprise,"Whoa, I didn't see that coming at all!",surprise,0.9608186483383179,baseline,concise and emotionally attuned,I can imagine how surprising that must have been! It's totally okay to feel that way.,"Yeah, it really threw me for a loop! I'm still trying to process it all.",disgust,0.44635242223739624
surprise,"Wow, I can’t believe that just happened! This is incredible!",surprise,0.9736213684082031,baseline,concise and emotionally attuned,That does sound incredible! It’s amazing how unexpected moments can surprise us. I'm so glad you’re feeling this way!,"I know, right? It’s like life just throws these wild surprises at us! I’m still trying to wrap my head around it!",surprise,0.4197375178337097
surprise,"Wait, I didn't see that coming at all! That's amazing!",surprise,0.9653341770172119,baseline,concise and emotionally attuned,That’s fantastic to hear! I’m so glad it surprised you in a good way!,"I really wasn’t expecting it! Seriously, it just makes it even better that it was such a pleasant surprise!",surprise,0.5846043825149536
surprise,"Wow, I didn't see that coming! I can't believe it!",surprise,0.9746100306510925,baseline,concise and emotionally attuned,I totally understand! It can be really surprising when things take an unexpected turn. I'm here for you as you process this.,"Thank you! It really caught me off guard, and I appreciate your support as I try to wrap my head around it.",joy,0.640878438949585
surprise,"Wow, I didn't see that coming at all!",surprise,0.9772319793701172,baseline,concise and emotionally attuned,I can imagine that was quite a surprise! It’s always tough when things take an unexpected turn. I'm here to talk if you need.,"Thanks for being so understanding! It really hit me out of the blue, but I appreciate your support.",joy,0.7155284285545349
surprise,"Wait, really? I can't believe that just happened!",surprise,0.9621419906616211,baseline,concise and emotionally attuned,I can totally understand your surprise! That sounds so unexpected. I'm here for you if you want to talk about it.,Thanks for being there! I just can't wrap my head around it—it's so wild!,surprise,0.6014856100082397
surprise,"Wow, I really didn’t see that coming!",surprise,0.9783771634101868,baseline,concise and emotionally attuned,I understand how surprising that must feel! It's completely normal to have those reactions. I'm here for you.,Thank you! It really means a lot to have your support as I process this.,joy,0.9452642798423767
surprise,"Wait, I didn't expect that at all! Really?",surprise,0.9671707153320312,baseline,concise and emotionally attuned,I can see this caught you off guard! It's totally normal to feel surprised. I'm here if you want to talk more about it.,"Yes, it's just so unexpected! I didn't know how to react at first—thanks for being here to chat!",surprise,0.9658109545707703
surprise,"Wow, I can't believe that just happened!",surprise,0.9792245030403137,baseline,concise and emotionally attuned,"I know, it’s surprising! It’s definitely a lot to take in. How are you feeling about it?",I'm still processing it! It's hard to wrap my head around everything that just unfolded.,surprise,0.6410704255104065
surprise,"Wow, I can't believe that just happened! Did you see that?",surprise,0.9782227277755737,baseline,concise and emotionally attuned,"I know, right? It's amazing! I'm still processing it too. How are you feeling about it?",I’m still on a huge adrenaline rush! It’s such a surreal moment—everything feels so electric right now!,surprise,0.8800802230834961
surprise,"Wait, I can't believe that just happened!",surprise,0.9527511596679688,baseline,concise and emotionally attuned,I can totally understand why you're feeling that way. It sounds surprising! Do you want to talk about it?,"Yes, I really do! I’m still processing it—everything changed so fast!",surprise,0.8667301535606384
surprise,"Whoa, I can’t believe that just happened! Did you see that?",surprise,0.9611563086509705,baseline,concise and emotionally attuned,"I know, right? That was incredible! I can’t believe it either!",Seriously! It’s like we were in a movie or something! What do you think is going to happen next?,surprise,0.8927992582321167
